[SECTION];metadata
key;value
schema_version;1
name;Мой проект
task_number;
description;
status;draft

[SECTION];objects
type;name;sort_order;params;results;is_valid;validation_errors
pipe;Труба DN42 №1;0;"{""name"": ""Труба DN42 №1"", ""pipe_length"": 17.4, ""outer_diameter"": 0.042, ""ambient_temperature"": -20.0, ""insulation_material"": ""foam_glass"", ""process_temperature"": 60.0, ""insulation_thickness"": 0.05}";"{""total_heat_loss"": 433.04, ""effective_length"": 17.4, ""thermal_resistance"": 3.535929, ""heat_loss_per_meter"": 22.625, ""surface_temperature"": null}";true;
pipe;Труба DN42 №2;1;"{""name"": ""Труба DN42 №2"", ""pipe_length"": 340.0, ""outer_diameter"": 0.042, ""ambient_temperature"": 0.0, ""insulation_material"": ""mineral_wool"", ""process_temperature"": 40.0, ""insulation_thickness"": 0.08}";"{""total_heat_loss"": 2628.851, ""effective_length"": 340.0, ""thermal_resistance"": 5.690698, ""heat_loss_per_meter"": 7.029, ""surface_temperature"": null}";true;
pipe;Труба DN21 №3;2;"{""name"": ""Труба DN21 №3"", ""pipe_length"": 51.4, ""outer_diameter"": 0.021, ""ambient_temperature"": -40.0, ""insulation_material"": ""aerogel"", ""process_temperature"": 120.0, ""insulation_thickness"": 0.04}";"{""total_heat_loss"": 743.034, ""effective_length"": 51.4, ""thermal_resistance"": 12.174948, ""heat_loss_per_meter"": 13.142, ""surface_temperature"": null}";true;
pipe;Труба DN76 №4;3;"{""name"": ""Труба DN76 №4"", ""pipe_length"": 359.4, ""outer_diameter"": 0.076, ""ambient_temperature"": 0.0, ""insulation_material"": ""aerogel"", ""process_temperature"": 70.0, ""insulation_thickness"": 0.1}";"{""total_heat_loss"": 2802.818, ""effective_length"": 359.4, ""thermal_resistance"": 9.873563, ""heat_loss_per_meter"": 7.09, ""surface_temperature"": null}";true;
pipe;Труба DN325 №5;4;"{""name"": ""Труба DN325 №5"", ""pipe_length"": 296.7, ""outer_diameter"": 0.325, ""ambient_temperature"": 0.0, ""insulation_material"": ""foam_glass"", ""process_temperature"": 90.0, ""insulation_thickness"": 0.03}";"{""total_heat_loss"": 54783.961, ""effective_length"": 296.7, ""thermal_resistance"": 0.536166, ""heat_loss_per_meter"": 167.858, ""surface_temperature"": null}";true;
pipe;Труба DN108 №6;5;"{""name"": ""Труба DN108 №6"", ""pipe_length"": 82.0, ""outer_diameter"": 0.108, ""ambient_temperature"": -30.0, ""insulation_material"": ""mineral_wool"", ""process_temperature"": 100.0, ""insulation_thickness"": 0.05}";"{""total_heat_loss"": 4786.214, ""effective_length"": 82.0, ""thermal_resistance"": 2.449953, ""heat_loss_per_meter"": 53.062, ""surface_temperature"": null}";true;
pipe;Труба DN42 №7;6;"{""name"": ""Труба DN42 №7"", ""pipe_length"": 182.7, ""outer_diameter"": 0.042, ""ambient_temperature"": -15.0, ""insulation_material"": ""aerogel"", ""process_temperature"": 40.0, ""insulation_thickness"": 0.05}";"{""total_heat_loss"": 1172.717, ""effective_length"": 182.7, ""thermal_resistance"": 9.425423, ""heat_loss_per_meter"": 5.835, ""surface_temperature"": null}";true;
pipe;Труба DN325 №8;7;"{""name"": ""Труба DN325 №8"", ""pipe_length"": 270.4, ""outer_diameter"": 0.325, ""ambient_temperature"": 10.0, ""insulation_material"": ""mineral_wool"", ""process_temperature"": 80.0, ""insulation_thickness"": 0.06}";"{""total_heat_loss"": 17748.637, ""effective_length"": 270.4, ""thermal_resistance"": 1.173093, ""heat_loss_per_meter"": 59.671, ""surface_temperature"": null}";true;
pipe;Труба DN159 №9;8;"{""name"": ""Труба DN159 №9"", ""pipe_length"": 290.8, ""outer_diameter"": 0.159, ""ambient_temperature"": -40.0, ""insulation_material"": ""mineral_wool"", ""process_temperature"": 70.0, ""insulation_thickness"": 0.1}";"{""total_heat_loss"": 11900.092, ""effective_length"": 290.8, ""thermal_resistance"": 2.956851, ""heat_loss_per_meter"": 37.202, ""surface_temperature"": null}";true;
pipe;Труба DN114 №10;9;"{""name"": ""Труба DN114 №10"", ""pipe_length"": 492.7, ""outer_diameter"": 0.114, ""ambient_temperature"": 0.0, ""insulation_material"": ""mineral_wool"", ""process_temperature"": 80.0, ""insulation_thickness"": 0.04}";"{""total_heat_loss"": 21444.969, ""effective_length"": 492.7, ""thermal_resistance"": 2.021807, ""heat_loss_per_meter"": 39.569, ""surface_temperature"": null}";true;
pipe;Труба DN325 №11;10;"{""name"": ""Труба DN325 №11"", ""pipe_length"": 319.7, ""outer_diameter"": 0.325, ""ambient_temperature"": -10.0, ""insulation_material"": ""foam_glass"", ""process_temperature"": 90.0, ""insulation_thickness"": 0.05}";"{""total_heat_loss"": 43920.545, ""effective_length"": 319.7, ""thermal_resistance"": 0.800696, ""heat_loss_per_meter"": 124.891, ""surface_temperature"": null}";true;
pipe;Труба DN76 №12;11;"{""name"": ""Труба DN76 №12"", ""pipe_length"": 336.7, ""outer_diameter"": 0.076, ""ambient_temperature"": -30.0, ""insulation_material"": ""calcium_silicate"", ""process_temperature"": 60.0, ""insulation_thickness"": 0.1}";"{""total_heat_loss"": 10233.661, ""effective_length"": 336.7, ""thermal_resistance"": 3.257222, ""heat_loss_per_meter"": 27.631, ""surface_temperature"": null}";true;
pipe;Труба DN89 №13;12;"{""name"": ""Труба DN89 №13"", ""pipe_length"": 85.9, ""outer_diameter"": 0.089, ""ambient_temperature"": 10.0, ""insulation_material"": ""polyurethane"", ""process_temperature"": 70.0, ""insulation_thickness"": 0.06}";"{""total_heat_loss"": 1137.565, ""effective_length"": 85.9, ""thermal_resistance"": 4.983803, ""heat_loss_per_meter"": 12.039, ""surface_temperature"": null}";true;
pipe;Труба DN133 №14;13;"{""name"": ""Труба DN133 №14"", ""pipe_length"": 422.2, ""outer_diameter"": 0.133, ""ambient_temperature"": -40.0, ""insulation_material"": ""foam_glass"", ""process_temperature"": 90.0, ""insulation_thickness"": 0.03}";"{""total_heat_loss"": 51872.6, ""effective_length"": 422.2, ""thermal_resistance"": 1.163902, ""heat_loss_per_meter"": 111.693, ""surface_temperature"": null}";true;
pipe;Труба DN219 №15;14;"{""name"": ""Труба DN219 №15"", ""pipe_length"": 137.5, ""outer_diameter"": 0.219, ""ambient_temperature"": -10.0, ""insulation_material"": ""aerogel"", ""process_temperature"": 70.0, ""insulation_thickness"": 0.04}";"{""total_heat_loss"": 4935.55, ""effective_length"": 137.5, ""thermal_resistance"": 2.451601, ""heat_loss_per_meter"": 32.632, ""surface_temperature"": null}";true;
pipe;Труба DN426 №16;15;"{""name"": ""Труба DN426 №16"", ""pipe_length"": 200.8, ""outer_diameter"": 0.426, ""ambient_temperature"": -25.0, ""insulation_material"": ""polystyrene"", ""process_temperature"": 80.0, ""insulation_thickness"": 0.1}";"{""total_heat_loss"": 14005.471, ""effective_length"": 200.8, ""thermal_resistance"": 1.655953, ""heat_loss_per_meter"": 63.408, ""surface_temperature"": null}";true;
pipe;Труба DN48 №17;16;"{""name"": ""Труба DN48 №17"", ""pipe_length"": 127.1, ""outer_diameter"": 0.048, ""ambient_temperature"": -15.0, ""insulation_material"": ""aerogel"", ""process_temperature"": 100.0, ""insulation_thickness"": 0.08}";"{""total_heat_loss"": 1429.803, ""effective_length"": 127.1, ""thermal_resistance"": 11.245011, ""heat_loss_per_meter"": 10.227, ""surface_temperature"": null}";true;
pipe;Труба DN219 №18;17;"{""name"": ""Труба DN219 №18"", ""pipe_length"": 184.2, ""outer_diameter"": 0.219, ""ambient_temperature"": 5.0, ""insulation_material"": ""aerogel"", ""process_temperature"": 50.0, ""insulation_thickness"": 0.04}";"{""total_heat_loss"": 3719.161, ""effective_length"": 184.2, ""thermal_resistance"": 2.451601, ""heat_loss_per_meter"": 18.355, ""surface_temperature"": null}";true;
pipe;Труба DN27 №19;18;"{""name"": ""Труба DN27 №19"", ""pipe_length"": 431.2, ""outer_diameter"": 0.027, ""ambient_temperature"": -25.0, ""insulation_material"": ""calcium_silicate"", ""process_temperature"": 100.0, ""insulation_thickness"": 0.04}";"{""total_heat_loss"": 16342.022, ""effective_length"": 431.2, ""thermal_resistance"": 3.62807, ""heat_loss_per_meter"": 34.454, ""surface_temperature"": null}";true;
pipe;Труба DN34 №20;19;"{""name"": ""Труба DN34 №20"", ""pipe_length"": 195.5, ""outer_diameter"": 0.034, ""ambient_temperature"": 10.0, ""insulation_material"": ""polystyrene"", ""process_temperature"": 80.0, ""insulation_thickness"": 0.08}";"{""total_heat_loss"": 2024.588, ""effective_length"": 195.5, ""thermal_resistance"": 7.43534, ""heat_loss_per_meter"": 9.414, ""surface_temperature"": null}";true;
pipe;Труба DN21 №21;20;"{""name"": ""Труба DN21 №21"", ""pipe_length"": 341.7, ""outer_diameter"": 0.021, ""ambient_temperature"": 10.0, ""insulation_material"": ""calcium_silicate"", ""process_temperature"": 80.0, ""insulation_thickness"": 0.03}";"{""total_heat_loss"": 7220.101, ""effective_length"": 341.7, ""thermal_resistance"": 3.644118, ""heat_loss_per_meter"": 19.209, ""surface_temperature"": null}";true;
pipe;Труба DN133 №22;21;"{""name"": ""Труба DN133 №22"", ""pipe_length"": 60.2, ""outer_diameter"": 0.133, ""ambient_temperature"": 5.0, ""insulation_material"": ""foam_glass"", ""process_temperature"": 40.0, ""insulation_thickness"": 0.06}";"{""total_heat_loss"": 1237.429, ""effective_length"": 60.2, ""thermal_resistance"": 1.872996, ""heat_loss_per_meter"": 18.687, ""surface_temperature"": null}";true;
pipe;Труба DN108 №23;22;"{""name"": ""Труба DN108 №23"", ""pipe_length"": 486.1, ""outer_diameter"": 0.108, ""ambient_temperature"": -30.0, ""insulation_material"": ""aerogel"", ""process_temperature"": 80.0, ""insulation_thickness"": 0.04}";"{""total_heat_loss"": 13530.814, ""effective_length"": 486.1, ""thermal_resistance"": 4.346974, ""heat_loss_per_meter"": 25.305, ""surface_temperature"": null}";true;
pipe;Труба DN76 №24;23;"{""name"": ""Труба DN76 №24"", ""pipe_length"": 80.7, ""outer_diameter"": 0.076, ""ambient_temperature"": 10.0, ""insulation_material"": ""aerogel"", ""process_temperature"": 40.0, ""insulation_thickness"": 0.04}";"{""total_heat_loss"": 473.356, ""effective_length"": 80.7, ""thermal_resistance"": 5.625992, ""heat_loss_per_meter"": 5.332, ""surface_temperature"": null}";true;
pipe;Труба DN133 №25;24;"{""name"": ""Труба DN133 №25"", ""pipe_length"": 246.9, ""outer_diameter"": 0.133, ""ambient_temperature"": -15.0, ""insulation_material"": ""polyurethane"", ""process_temperature"": 70.0, ""insulation_thickness"": 0.03}";"{""total_heat_loss"": 10220.979, ""effective_length"": 246.9, ""thermal_resistance"": 2.258605, ""heat_loss_per_meter"": 37.634, ""surface_temperature"": null}";true;
pipe;Труба DN27 №26;25;"{""name"": ""Труба DN27 №26"", ""pipe_length"": 124.2, ""outer_diameter"": 0.027, ""ambient_temperature"": -30.0, ""insulation_material"": ""mineral_wool"", ""process_temperature"": 110.0, ""insulation_thickness"": 0.08}";"{""total_heat_loss"": 2735.775, ""effective_length"": 124.2, ""thermal_resistance"": 6.991364, ""heat_loss_per_meter"": 20.025, ""surface_temperature"": null}";true;
pipe;Труба DN34 №27;26;"{""name"": ""Труба DN34 №27"", ""pipe_length"": 489.1, ""outer_diameter"": 0.034, ""ambient_temperature"": -25.0, ""insulation_material"": ""foam_glass"", ""process_temperature"": 110.0, ""insulation_thickness"": 0.08}";"{""total_heat_loss"": 14761.858, ""effective_length"": 489.1, ""thermal_resistance"": 4.920204, ""heat_loss_per_meter"": 27.438, ""surface_temperature"": null}";true;
pipe;Труба DN57 №28;27;"{""name"": ""Труба DN57 №28"", ""pipe_length"": 136.2, ""outer_diameter"": 0.057, ""ambient_temperature"": -20.0, ""insulation_material"": ""polystyrene"", ""process_temperature"": 120.0, ""insulation_thickness"": 0.08}";"{""total_heat_loss"": 3663.368, ""effective_length"": 136.2, ""thermal_resistance"": 5.72555, ""heat_loss_per_meter"": 24.452, ""surface_temperature"": null}";true;
pipe;Труба DN76 №29;28;"{""name"": ""Труба DN76 №29"", ""pipe_length"": 357.9, ""outer_diameter"": 0.076, ""ambient_temperature"": -10.0, ""insulation_material"": ""calcium_silicate"", ""process_temperature"": 110.0, ""insulation_thickness"": 0.06}";"{""total_heat_loss"": 19206.722, ""effective_length"": 357.9, ""thermal_resistance"": 2.459701, ""heat_loss_per_meter"": 48.786, ""surface_temperature"": null}";true;
pipe;Труба DN325 №30;29;"{""name"": ""Труба DN325 №30"", ""pipe_length"": 64.9, ""outer_diameter"": 0.325, ""ambient_temperature"": -10.0, ""insulation_material"": ""mineral_wool"", ""process_temperature"": 40.0, ""insulation_thickness"": 0.04}";"{""total_heat_loss"": 4218.948, ""effective_length"": 64.9, ""thermal_resistance"": 0.846064, ""heat_loss_per_meter"": 59.097, ""surface_temperature"": null}";true;
pipe;Труба DN89 №31;30;"{""name"": ""Труба DN89 №31"", ""pipe_length"": 296.3, ""outer_diameter"": 0.089, ""ambient_temperature"": -40.0, ""insulation_material"": ""mineral_wool"", ""process_temperature"": 70.0, ""insulation_thickness"": 0.03}";"{""total_heat_loss"": 17866.293, ""effective_length"": 296.3, ""thermal_resistance"": 2.006701, ""heat_loss_per_meter"": 54.816, ""surface_temperature"": null}";true;
pipe;Труба DN34 №32;31;"{""name"": ""Труба DN34 №32"", ""pipe_length"": 453.2, ""outer_diameter"": 0.034, ""ambient_temperature"": 10.0, ""insulation_material"": ""mineral_wool"", ""process_temperature"": 70.0, ""insulation_thickness"": 0.05}";"{""total_heat_loss"": 5916.688, ""effective_length"": 453.2, ""thermal_resistance"": 5.055396, ""heat_loss_per_meter"": 11.869, ""surface_temperature"": null}";true;
pipe;Труба DN108 №33;32;"{""name"": ""Труба DN108 №33"", ""pipe_length"": 336.1, ""outer_diameter"": 0.108, ""ambient_temperature"": -25.0, ""insulation_material"": ""aerogel"", ""process_temperature"": 110.0, ""insulation_thickness"": 0.04}";"{""total_heat_loss"": 11481.745, ""effective_length"": 336.1, ""thermal_resistance"": 4.346974, ""heat_loss_per_meter"": 31.056, ""surface_temperature"": null}";true;
pipe;Труба DN89 №34;33;"{""name"": ""Труба DN89 №34"", ""pipe_length"": 393.4, ""outer_diameter"": 0.089, ""ambient_temperature"": -30.0, ""insulation_material"": ""foam_glass"", ""process_temperature"": 50.0, ""insulation_thickness"": 0.06}";"{""total_heat_loss"": 13993.862, ""effective_length"": 393.4, ""thermal_resistance"": 2.473885, ""heat_loss_per_meter"": 32.338, ""surface_temperature"": null}";true;
pipe;Труба DN273 №35;34;"{""name"": ""Труба DN273 №35"", ""pipe_length"": 180.4, ""outer_diameter"": 0.273, ""ambient_temperature"": -40.0, ""insulation_material"": ""polystyrene"", ""process_temperature"": 50.0, ""insulation_thickness"": 0.06}";"{""total_heat_loss"": 11191.804, ""effective_length"": 180.4, ""thermal_resistance"": 1.595775, ""heat_loss_per_meter"": 56.399, ""surface_temperature"": null}";true;
pipe;Труба DN27 №36;35;"{""name"": ""Труба DN27 №36"", ""pipe_length"": 204.3, ""outer_diameter"": 0.027, ""ambient_temperature"": -20.0, ""insulation_material"": ""mineral_wool"", ""process_temperature"": 70.0, ""insulation_thickness"": 0.05}";"{""total_heat_loss"": 3553.208, ""effective_length"": 204.3, ""thermal_resistance"": 5.692236, ""heat_loss_per_meter"": 15.811, ""surface_temperature"": null}";true;
pipe;Труба DN76 №37;36;"{""name"": ""Труба DN76 №37"", ""pipe_length"": 270.5, ""outer_diameter"": 0.076, ""ambient_temperature"": -25.0, ""insulation_material"": ""polystyrene"", ""process_temperature"": 80.0, ""insulation_thickness"": 0.04}";"{""total_heat_loss"": 9800.745, ""effective_length"": 270.5, ""thermal_resistance"": 3.187794, ""heat_loss_per_meter"": 32.938, ""surface_temperature"": null}";true;
pipe;Труба DN325 №38;37;"{""name"": ""Труба DN325 №38"", ""pipe_length"": 128.7, ""outer_diameter"": 0.325, ""ambient_temperature"": 10.0, ""insulation_material"": ""polystyrene"", ""process_temperature"": 50.0, ""insulation_thickness"": 0.03}";"{""total_heat_loss"": 7252.134, ""effective_length"": 128.7, ""thermal_resistance"": 0.780846, ""heat_loss_per_meter"": 51.226, ""surface_temperature"": null}";true;
pipe;Труба DN27 №39;38;"{""name"": ""Труба DN27 №39"", ""pipe_length"": 327.8, ""outer_diameter"": 0.027, ""ambient_temperature"": -30.0, ""insulation_material"": ""mineral_wool"", ""process_temperature"": 70.0, ""insulation_thickness"": 0.08}";"{""total_heat_loss"": 5157.505, ""effective_length"": 327.8, ""thermal_resistance"": 6.991364, ""heat_loss_per_meter"": 14.303, ""surface_temperature"": null}";true;
pipe;Труба DN57 №40;39;"{""name"": ""Труба DN57 №40"", ""pipe_length"": 206.2, ""outer_diameter"": 0.057, ""ambient_temperature"": 0.0, ""insulation_material"": ""foam_glass"", ""process_temperature"": 40.0, ""insulation_thickness"": 0.06}";"{""total_heat_loss"": 2779.392, ""effective_length"": 206.2, ""thermal_resistance"": 3.264311, ""heat_loss_per_meter"": 12.254, ""surface_temperature"": null}";true;
pipe;Труба DN57 №41;40;"{""name"": ""Труба DN57 №41"", ""pipe_length"": 192.6, ""outer_diameter"": 0.057, ""ambient_temperature"": 5.0, ""insulation_material"": ""polyurethane"", ""process_temperature"": 80.0, ""insulation_thickness"": 0.06}";"{""total_heat_loss"": 2409.076, ""effective_length"": 192.6, ""thermal_resistance"": 6.595682, ""heat_loss_per_meter"": 11.371, ""surface_temperature"": null}";true;
pipe;Труба DN273 №42;41;"{""name"": ""Труба DN273 №42"", ""pipe_length"": 349.8, ""outer_diameter"": 0.273, ""ambient_temperature"": 5.0, ""insulation_material"": ""aerogel"", ""process_temperature"": 60.0, ""insulation_thickness"": 0.1}";"{""total_heat_loss"": 5010.744, ""effective_length"": 349.8, ""thermal_resistance"": 4.223505, ""heat_loss_per_meter"": 13.022, ""surface_temperature"": null}";true;
pipe;Труба DN76 №43;42;"{""name"": ""Труба DN76 №43"", ""pipe_length"": 151.9, ""outer_diameter"": 0.076, ""ambient_temperature"": 10.0, ""insulation_material"": ""aerogel"", ""process_temperature"": 40.0, ""insulation_thickness"": 0.03}";"{""total_heat_loss"": 1086.873, ""effective_length"": 151.9, ""thermal_resistance"": 4.612039, ""heat_loss_per_meter"": 6.505, ""surface_temperature"": null}";true;
pipe;Труба DN133 №44;43;"{""name"": ""Труба DN133 №44"", ""pipe_length"": 33.3, ""outer_diameter"": 0.133, ""ambient_temperature"": 10.0, ""insulation_material"": ""polystyrene"", ""process_temperature"": 120.0, ""insulation_thickness"": 0.08}";"{""total_heat_loss"": 1184.509, ""effective_length"": 33.3, ""thermal_resistance"": 3.401662, ""heat_loss_per_meter"": 32.337, ""surface_temperature"": null}";true;
pipe;Труба DN57 №45;44;"{""name"": ""Труба DN57 №45"", ""pipe_length"": 33.2, ""outer_diameter"": 0.057, ""ambient_temperature"": -25.0, ""insulation_material"": ""mineral_wool"", ""process_temperature"": 50.0, ""insulation_thickness"": 0.08}";"{""total_heat_loss"": 564.209, ""effective_length"": 33.2, ""thermal_resistance"": 4.85458, ""heat_loss_per_meter"": 15.449, ""surface_temperature"": null}";true;
pipe;Труба DN34 №46;45;"{""name"": ""Труба DN34 №46"", ""pipe_length"": 339.2, ""outer_diameter"": 0.034, ""ambient_temperature"": -30.0, ""insulation_material"": ""polystyrene"", ""process_temperature"": 70.0, ""insulation_thickness"": 0.04}";"{""total_heat_loss"": 7029.581, ""effective_length"": 339.2, ""thermal_resistance"": 5.307856, ""heat_loss_per_meter"": 18.84, ""surface_temperature"": null}";true;
pipe;Труба DN27 №47;46;"{""name"": ""Труба DN27 №47"", ""pipe_length"": 311.6, ""outer_diameter"": 0.027, ""ambient_temperature"": 10.0, ""insulation_material"": ""calcium_silicate"", ""process_temperature"": 90.0, ""insulation_thickness"": 0.06}";"{""total_heat_loss"": 6324.056, ""effective_length"": 311.6, ""thermal_resistance"": 4.335951, ""heat_loss_per_meter"": 18.45, ""surface_temperature"": null}";true;
pipe;Труба DN108 №48;47;"{""name"": ""Труба DN108 №48"", ""pipe_length"": 106.1, ""outer_diameter"": 0.108, ""ambient_temperature"": -20.0, ""insulation_material"": ""polyurethane"", ""process_temperature"": 80.0, ""insulation_thickness"": 0.1}";"{""total_heat_loss"": 1930.413, ""effective_length"": 106.1, ""thermal_resistance"": 6.045856, ""heat_loss_per_meter"": 16.54, ""surface_temperature"": null}";true;
pipe;Труба DN219 №49;48;"{""name"": ""Труба DN219 №49"", ""pipe_length"": 69.8, ""outer_diameter"": 0.219, ""ambient_temperature"": 5.0, ""insulation_material"": ""polyurethane"", ""process_temperature"": 90.0, ""insulation_thickness"": 0.1}";"{""total_heat_loss"": 1738.801, ""effective_length"": 69.8, ""thermal_resistance"": 3.753333, ""heat_loss_per_meter"": 22.647, ""surface_temperature"": null}";true;
pipe;Труба DN34 №50;49;"{""name"": ""Труба DN34 №50"", ""pipe_length"": 9.6, ""outer_diameter"": 0.034, ""ambient_temperature"": -30.0, ""insulation_material"": ""aerogel"", ""process_temperature"": 50.0, ""insulation_thickness"": 0.08}";"{""total_heat_loss"": 63.329, ""effective_length"": 9.6, ""thermal_resistance"": 13.33992, ""heat_loss_per_meter"": 5.997, ""surface_temperature"": null}";true;
pipe;Труба DN76 №51;50;"{""name"": ""Труба DN76 №51"", ""pipe_length"": 255.4, ""outer_diameter"": 0.076, ""ambient_temperature"": -30.0, ""insulation_material"": ""polyurethane"", ""process_temperature"": 70.0, ""insulation_thickness"": 0.04}";"{""total_heat_loss"": 6589.469, ""effective_length"": 255.4, ""thermal_resistance"": 4.26347, ""heat_loss_per_meter"": 23.455, ""surface_temperature"": null}";true;
pipe;Труба DN159 №52;51;"{""name"": ""Труба DN159 №52"", ""pipe_length"": 146.1, ""outer_diameter"": 0.159, ""ambient_temperature"": -15.0, ""insulation_material"": ""aerogel"", ""process_temperature"": 120.0, ""insulation_thickness"": 0.06}";"{""total_heat_loss"": 4976.143, ""effective_length"": 146.1, ""thermal_resistance"": 4.359974, ""heat_loss_per_meter"": 30.963, ""surface_temperature"": null}";true;
pipe;Труба DN21 №53;52;"{""name"": ""Труба DN21 №53"", ""pipe_length"": 335.6, ""outer_diameter"": 0.021, ""ambient_temperature"": -30.0, ""insulation_material"": ""polyurethane"", ""process_temperature"": 60.0, ""insulation_thickness"": 0.08}";"{""total_heat_loss"": 2680.463, ""effective_length"": 335.6, ""thermal_resistance"": 12.395023, ""heat_loss_per_meter"": 7.261, ""surface_temperature"": null}";true;
pipe;Труба DN108 №54;53;"{""name"": ""Труба DN108 №54"", ""pipe_length"": 62.1, ""outer_diameter"": 0.108, ""ambient_temperature"": 10.0, ""insulation_material"": ""calcium_silicate"", ""process_temperature"": 60.0, ""insulation_thickness"": 0.03}";"{""total_heat_loss"": 2742.976, ""effective_length"": 62.1, ""thermal_resistance"": 1.24518, ""heat_loss_per_meter"": 40.155, ""surface_temperature"": null}";true;
pipe;Труба DN108 №55;54;"{""name"": ""Труба DN108 №55"", ""pipe_length"": 144.5, ""outer_diameter"": 0.108, ""ambient_temperature"": -10.0, ""insulation_material"": ""calcium_silicate"", ""process_temperature"": 70.0, ""insulation_thickness"": 0.04}";"{""total_heat_loss"": 8459.226, ""effective_length"": 144.5, ""thermal_resistance"": 1.503211, ""heat_loss_per_meter"": 53.219, ""surface_temperature"": null}";true;
pipe;Труба DN108 №56;55;"{""name"": ""Труба DN108 №56"", ""pipe_length"": 255.2, ""outer_diameter"": 0.108, ""ambient_temperature"": -30.0, ""insulation_material"": ""mineral_wool"", ""process_temperature"": 100.0, ""insulation_thickness"": 0.05}";"{""total_heat_loss"": 14895.632, ""effective_length"": 255.2, ""thermal_resistance"": 2.449953, ""heat_loss_per_meter"": 53.062, ""surface_temperature"": null}";true;
pipe;Труба DN108 №57;56;"{""name"": ""Труба DN108 №57"", ""pipe_length"": 26.8, ""outer_diameter"": 0.108, ""ambient_temperature"": -15.0, ""insulation_material"": ""foam_glass"", ""process_temperature"": 60.0, ""insulation_thickness"": 0.05}";"{""total_heat_loss"": 1145.361, ""effective_length"": 26.8, ""thermal_resistance"": 1.930395, ""heat_loss_per_meter"": 38.852, ""surface_temperature"": null}";true;
pipe;Труба DN325 №58;57;"{""name"": ""Труба DN325 №58"", ""pipe_length"": 278.1, ""outer_diameter"": 0.325, ""ambient_temperature"": -40.0, ""insulation_material"": ""aerogel"", ""process_temperature"": 50.0, ""insulation_thickness"": 0.06}";"{""total_heat_loss"": 11268.338, ""effective_length"": 278.1, ""thermal_resistance"": 2.443297, ""heat_loss_per_meter"": 36.835, ""surface_temperature"": null}";true;
pipe;Труба DN34 №59;58;"{""name"": ""Труба DN34 №59"", ""pipe_length"": 472.8, ""outer_diameter"": 0.034, ""ambient_temperature"": 10.0, ""insulation_material"": ""foam_glass"", ""process_temperature"": 40.0, ""insulation_thickness"": 0.1}";"{""total_heat_loss"": 2883.762, ""effective_length"": 472.8, ""thermal_resistance"": 5.410433, ""heat_loss_per_meter"": 5.545, ""surface_temperature"": null}";true;
pipe;Труба DN159 №60;59;"{""name"": ""Труба DN159 №60"", ""pipe_length"": 293.3, ""outer_diameter"": 0.159, ""ambient_temperature"": -25.0, ""insulation_material"": ""polystyrene"", ""process_temperature"": 40.0, ""insulation_thickness"": 0.04}";"{""total_heat_loss"": 11511.18, ""effective_length"": 293.3, ""thermal_resistance"": 1.82179, ""heat_loss_per_meter"": 35.679, ""surface_temperature"": null}";true;
tank;Прям. бак №1;60;"{""name"": ""Прям. бак №1"", ""shape"": ""rectangular"", ""width"": 1.5, ""height"": 3.0, ""length"": 3.0, ""ambient_temperature"": -20.0, ""insulation_material"": ""mineral_wool"", ""process_temperature"": 60.0, ""insulation_thickness"": 0.06}";"{""surface_area"": 36.0, ""total_heat_loss"": 2231.709, ""heat_loss_per_m2"": 56.356}";true;
tank;Шар. бак №2;61;"{""name"": ""Шар. бак №2"", ""shape"": ""spherical"", ""diameter"": 1.5, ""ambient_temperature"": 0.0, ""insulation_material"": ""polystyrene"", ""process_temperature"": 60.0, ""insulation_thickness"": 0.15}";"{""surface_area"": 7.069, ""total_heat_loss"": 115.661, ""heat_loss_per_m2"": 14.875}";true;
tank;Цил. бак №3;62;"{""name"": ""Цил. бак №3"", ""shape"": ""cylindrical"", ""height"": 4.0, ""diameter"": 1.5, ""ambient_temperature"": -10.0, ""insulation_material"": ""foam_glass"", ""process_temperature"": 40.0, ""insulation_thickness"": 0.15}";"{""surface_area"": 22.384, ""total_heat_loss"": 460.674, ""heat_loss_per_m2"": 18.71}";true;
tank;Прям. бак №4;63;"{""name"": ""Прям. бак №4"", ""shape"": ""rectangular"", ""width"": 2.0, ""height"": 4.0, ""length"": 4.0, ""ambient_temperature"": 10.0, ""insulation_material"": ""calcium_silicate"", ""process_temperature"": 60.0, ""insulation_thickness"": 0.15}";"{""surface_area"": 64.0, ""total_heat_loss"": 1470.404, ""heat_loss_per_m2"": 20.886}";true;
tank;Цил. бак №5;64;"{""name"": ""Цил. бак №5"", ""shape"": ""cylindrical"", ""height"": 5.0, ""diameter"": 1.5, ""ambient_temperature"": -10.0, ""insulation_material"": ""mineral_wool"", ""process_temperature"": 60.0, ""insulation_thickness"": 0.08}";"{""surface_area"": 27.096, ""total_heat_loss"": 1119.328, ""heat_loss_per_m2"": 37.554}";true;
tank;Прям. бак №6;65;"{""name"": ""Прям. бак №6"", ""shape"": ""rectangular"", ""width"": 4.0, ""height"": 3.0, ""length"": 3.0, ""ambient_temperature"": -30.0, ""insulation_material"": ""foam_glass"", ""process_temperature"": 40.0, ""insulation_thickness"": 0.06}";"{""surface_area"": 66.0, ""total_heat_loss"": 4534.708, ""heat_loss_per_m2"": 62.462}";true;
tank;Прям. бак №7;66;"{""name"": ""Прям. бак №7"", ""shape"": ""rectangular"", ""width"": 4.0, ""height"": 4.0, ""length"": 6.0, ""ambient_temperature"": -20.0, ""insulation_material"": ""mineral_wool"", ""process_temperature"": 80.0, ""insulation_thickness"": 0.15}";"{""surface_area"": 128.0, ""total_heat_loss"": 4117.513, ""heat_loss_per_m2"": 29.244}";true;
tank;Шар. бак №8;67;"{""name"": ""Шар. бак №8"", ""shape"": ""spherical"", ""diameter"": 1.5, ""ambient_temperature"": -40.0, ""insulation_material"": ""mineral_wool"", ""process_temperature"": 80.0, ""insulation_thickness"": 0.06}";"{""surface_area"": 7.069, ""total_heat_loss"": 657.292, ""heat_loss_per_m2"": 84.534}";true;
tank;Шар. бак №9;68;"{""name"": ""Шар. бак №9"", ""shape"": ""spherical"", ""diameter"": 2.0, ""ambient_temperature"": -40.0, ""insulation_material"": ""mineral_wool"", ""process_temperature"": 100.0, ""insulation_thickness"": 0.06}";"{""surface_area"": 12.566, ""total_heat_loss"": 1363.273, ""heat_loss_per_m2"": 98.623}";true;
tank;Шар. бак №10;69;"{""name"": ""Шар. бак №10"", ""shape"": ""spherical"", ""diameter"": 2.5, ""ambient_temperature"": -10.0, ""insulation_material"": ""polyurethane"", ""process_temperature"": 40.0, ""insulation_thickness"": 0.15}";"{""surface_area"": 19.635, ""total_heat_loss"": 198.393, ""heat_loss_per_m2"": 9.186}";true;
tank;Шар. бак №11;70;"{""name"": ""Шар. бак №11"", ""shape"": ""spherical"", ""diameter"": 1.0, ""ambient_temperature"": -40.0, ""insulation_material"": ""polyurethane"", ""process_temperature"": 100.0, ""insulation_thickness"": 0.05}";"{""surface_area"": 3.142, ""total_heat_loss"": 258.454, ""heat_loss_per_m2"": 74.789}";true;
tank;Шар. бак №12;71;"{""name"": ""Шар. бак №12"", ""shape"": ""spherical"", ""diameter"": 2.0, ""ambient_temperature"": 10.0, ""insulation_material"": ""aerogel"", ""process_temperature"": 60.0, ""insulation_thickness"": 0.15}";"{""surface_area"": 12.566, ""total_heat_loss"": 95.607, ""heat_loss_per_m2"": 6.917}";true;
tank;Прям. бак №13;72;"{""name"": ""Прям. бак №13"", ""shape"": ""rectangular"", ""width"": 3.0, ""height"": 4.0, ""length"": 2.0, ""ambient_temperature"": -20.0, ""insulation_material"": ""calcium_silicate"", ""process_temperature"": 80.0, ""insulation_thickness"": 0.04}";"{""surface_area"": 52.0, ""total_heat_loss"": 8152.892, ""heat_loss_per_m2"": 142.533}";true;
tank;Прям. бак №14;73;"{""name"": ""Прям. бак №14"", ""shape"": ""rectangular"", ""width"": 2.0, ""height"": 2.0, ""length"": 4.0, ""ambient_temperature"": -20.0, ""insulation_material"": ""polystyrene"", ""process_temperature"": 100.0, ""insulation_thickness"": 0.12}";"{""surface_area"": 40.0, ""total_heat_loss"": 1627.569, ""heat_loss_per_m2"": 36.99}";true;
tank;Прям. бак №15;74;"{""name"": ""Прям. бак №15"", ""shape"": ""rectangular"", ""width"": 3.0, ""height"": 3.0, ""length"": 6.0, ""ambient_temperature"": 10.0, ""insulation_material"": ""polystyrene"", ""process_temperature"": 60.0, ""insulation_thickness"": 0.12}";"{""surface_area"": 90.0, ""total_heat_loss"": 1525.846, ""heat_loss_per_m2"": 15.413}";true;
tank;Шар. бак №16;75;"{""name"": ""Шар. бак №16"", ""shape"": ""spherical"", ""diameter"": 1.5, ""ambient_temperature"": -20.0, ""insulation_material"": ""mineral_wool"", ""process_temperature"": 80.0, ""insulation_thickness"": 0.15}";"{""surface_area"": 7.069, ""total_heat_loss"": 227.383, ""heat_loss_per_m2"": 29.244}";true;
tank;Прям. бак №17;76;"{""name"": ""Прям. бак №17"", ""shape"": ""rectangular"", ""width"": 4.0, ""height"": 3.0, ""length"": 5.0, ""ambient_temperature"": 0.0, ""insulation_material"": ""aerogel"", ""process_temperature"": 80.0, ""insulation_thickness"": 0.15}";"{""surface_area"": 94.0, ""total_heat_loss"": 1144.27, ""heat_loss_per_m2"": 11.066}";true;
tank;Шар. бак №18;77;"{""name"": ""Шар. бак №18"", ""shape"": ""spherical"", ""diameter"": 1.0, ""ambient_temperature"": -10.0, ""insulation_material"": ""aerogel"", ""process_temperature"": 60.0, ""insulation_thickness"": 0.05}";"{""surface_area"": 3.142, ""total_heat_loss"": 98.049, ""heat_loss_per_m2"": 28.373}";true;
tank;Прям. бак №19;78;"{""name"": ""Прям. бак №19"", ""shape"": ""rectangular"", ""width"": 2.0, ""height"": 4.0, ""length"": 2.0, ""ambient_temperature"": 10.0, ""insulation_material"": ""calcium_silicate"", ""process_temperature"": 80.0, ""insulation_thickness"": 0.1}";"{""surface_area"": 40.0, ""total_heat_loss"": 1895.771, ""heat_loss_per_m2"": 43.086}";true;
tank;Прям. бак №20;79;"{""name"": ""Прям. бак №20"", ""shape"": ""rectangular"", ""width"": 2.0, ""height"": 3.0, ""length"": 2.0, ""ambient_temperature"": -30.0, ""insulation_material"": ""foam_glass"", ""process_temperature"": 40.0, ""insulation_thickness"": 0.05}";"{""surface_area"": 32.0, ""total_heat_loss"": 2598.4, ""heat_loss_per_m2"": 73.818}";true;
tank;Шар. бак №21;80;"{""name"": ""Шар. бак №21"", ""shape"": ""spherical"", ""diameter"": 1.5, ""ambient_temperature"": -10.0, ""insulation_material"": ""mineral_wool"", ""process_temperature"": 100.0, ""insulation_thickness"": 0.15}";"{""surface_area"": 7.069, ""total_heat_loss"": 250.121, ""heat_loss_per_m2"": 32.168}";true;
tank;Шар. бак №22;81;"{""name"": ""Шар. бак №22"", ""shape"": ""spherical"", ""diameter"": 1.5, ""ambient_temperature"": -10.0, ""insulation_material"": ""polystyrene"", ""process_temperature"": 100.0, ""insulation_thickness"": 0.12}";"{""surface_area"": 7.069, ""total_heat_loss"": 263.647, ""heat_loss_per_m2"": 33.908}";true;
tank;Цил. бак №23;82;"{""name"": ""Цил. бак №23"", ""shape"": ""cylindrical"", ""height"": 3.0, ""diameter"": 2.5, ""ambient_temperature"": -40.0, ""insulation_material"": ""calcium_silicate"", ""process_temperature"": 40.0, ""insulation_thickness"": 0.12}";"{""surface_area"": 33.379, ""total_heat_loss"": 1520.104, ""heat_loss_per_m2"": 41.4}";true;
tank;Цил. бак №24;83;"{""name"": ""Цил. бак №24"", ""shape"": ""cylindrical"", ""height"": 6.0, ""diameter"": 1.0, ""ambient_temperature"": 0.0, ""insulation_material"": ""calcium_silicate"", ""process_temperature"": 100.0, ""insulation_thickness"": 0.15}";"{""surface_area"": 20.42, ""total_heat_loss"": 938.318, ""heat_loss_per_m2"": 41.773}";true;
tank;Цил. бак №25;84;"{""name"": ""Цил. бак №25"", ""shape"": ""cylindrical"", ""height"": 6.0, ""diameter"": 2.5, ""ambient_temperature"": -10.0, ""insulation_material"": ""mineral_wool"", ""process_temperature"": 60.0, ""insulation_thickness"": 0.15}";"{""surface_area"": 56.941, ""total_heat_loss"": 1282.186, ""heat_loss_per_m2"": 20.471}";true;
tank;Шар. бак №26;85;"{""name"": ""Шар. бак №26"", ""shape"": ""spherical"", ""diameter"": 2.5, ""ambient_temperature"": -10.0, ""insulation_material"": ""polyurethane"", ""process_temperature"": 100.0, ""insulation_thickness"": 0.1}";"{""surface_area"": 19.635, ""total_heat_loss"": 649.553, ""heat_loss_per_m2"": 30.074}";true;
tank;Цил. бак №27;86;"{""name"": ""Цил. бак №27"", ""shape"": ""cylindrical"", ""height"": 4.0, ""diameter"": 1.5, ""ambient_temperature"": -10.0, ""insulation_material"": ""polystyrene"", ""process_temperature"": 80.0, ""insulation_thickness"": 0.12}";"{""surface_area"": 22.384, ""total_heat_loss"": 683.086, ""heat_loss_per_m2"": 27.743}";true;
tank;Шар. бак №28;87;"{""name"": ""Шар. бак №28"", ""shape"": ""spherical"", ""diameter"": 2.5, ""ambient_temperature"": -30.0, ""insulation_material"": ""calcium_silicate"", ""process_temperature"": 80.0, ""insulation_thickness"": 0.08}";"{""surface_area"": 19.635, ""total_heat_loss"": 1804.003, ""heat_loss_per_m2"": 83.525}";true;
tank;Цил. бак №29;88;"{""name"": ""Цил. бак №29"", ""shape"": ""cylindrical"", ""height"": 4.0, ""diameter"": 2.0, ""ambient_temperature"": -30.0, ""insulation_material"": ""polyurethane"", ""process_temperature"": 80.0, ""insulation_thickness"": 0.12}";"{""surface_area"": 31.416, ""total_heat_loss"": 869.487, ""heat_loss_per_m2"": 25.161}";true;
tank;Шар. бак №30;89;"{""name"": ""Шар. бак №30"", ""shape"": ""spherical"", ""diameter"": 2.5, ""ambient_temperature"": -30.0, ""insulation_material"": ""foam_glass"", ""process_temperature"": 60.0, ""insulation_thickness"": 0.04}";"{""surface_area"": 19.635, ""total_heat_loss"": 2505.42, ""heat_loss_per_m2"": 116.0}";true;
tank;Шар. бак №31;90;"{""name"": ""Шар. бак №31"", ""shape"": ""spherical"", ""diameter"": 2.5, ""ambient_temperature"": -30.0, ""insulation_material"": ""calcium_silicate"", ""process_temperature"": 40.0, ""insulation_thickness"": 0.05}";"{""surface_area"": 19.635, ""total_heat_loss"": 1767.389, ""heat_loss_per_m2"": 81.829}";true;
tank;Прям. бак №32;91;"{""name"": ""Прям. бак №32"", ""shape"": ""rectangular"", ""width"": 2.0, ""height"": 3.0, ""length"": 2.0, ""ambient_temperature"": -10.0, ""insulation_material"": ""aerogel"", ""process_temperature"": 100.0, ""insulation_thickness"": 0.06}";"{""surface_area"": 32.0, ""total_heat_loss"": 1315.508, ""heat_loss_per_m2"": 37.372}";true;
tank;Прям. бак №33;92;"{""name"": ""Прям. бак №33"", ""shape"": ""rectangular"", ""width"": 4.0, ""height"": 3.0, ""length"": 6.0, ""ambient_temperature"": 10.0, ""insulation_material"": ""aerogel"", ""process_temperature"": 40.0, ""insulation_thickness"": 0.15}";"{""surface_area"": 108.0, ""total_heat_loss"": 493.01, ""heat_loss_per_m2"": 4.15}";true;
tank;Цил. бак №34;93;"{""name"": ""Цил. бак №34"", ""shape"": ""cylindrical"", ""height"": 6.0, ""diameter"": 3.0, ""ambient_temperature"": -10.0, ""insulation_material"": ""polyurethane"", ""process_temperature"": 100.0, ""insulation_thickness"": 0.06}";"{""surface_area"": 70.686, ""total_heat_loss"": 3837.03, ""heat_loss_per_m2"": 49.348}";true;
tank;Шар. бак №35;94;"{""name"": ""Шар. бак №35"", ""shape"": ""spherical"", ""diameter"": 2.5, ""ambient_temperature"": -30.0, ""insulation_material"": ""polystyrene"", ""process_temperature"": 80.0, ""insulation_thickness"": 0.05}";"{""surface_area"": 19.635, ""total_heat_loss"": 1694.605, ""heat_loss_per_m2"": 78.46}";true;
tank;Прям. бак №36;95;"{""name"": ""Прям. бак №36"", ""shape"": ""rectangular"", ""width"": 4.0, ""height"": 2.0, ""length"": 3.0, ""ambient_temperature"": -20.0, ""insulation_material"": ""polystyrene"", ""process_temperature"": 100.0, ""insulation_thickness"": 0.04}";"{""surface_area"": 52.0, ""total_heat_loss"": 6027.194, ""heat_loss_per_m2"": 105.371}";true;
tank;Шар. бак №37;96;"{""name"": ""Шар. бак №37"", ""shape"": ""spherical"", ""diameter"": 1.0, ""ambient_temperature"": -10.0, ""insulation_material"": ""mineral_wool"", ""process_temperature"": 40.0, ""insulation_thickness"": 0.1}";"{""surface_area"": 3.142, ""total_heat_loss"": 74.851, ""heat_loss_per_m2"": 21.66}";true;
tank;Шар. бак №38;97;"{""name"": ""Шар. бак №38"", ""shape"": ""spherical"", ""diameter"": 1.0, ""ambient_temperature"": -10.0, ""insulation_material"": ""foam_glass"", ""process_temperature"": 60.0, ""insulation_thickness"": 0.08}";"{""surface_area"": 3.142, ""total_heat_loss"": 165.063, ""heat_loss_per_m2"": 47.765}";true;
tank;Прям. бак №39;98;"{""name"": ""Прям. бак №39"", ""shape"": ""rectangular"", ""width"": 3.0, ""height"": 3.0, ""length"": 4.0, ""ambient_temperature"": -30.0, ""insulation_material"": ""polyurethane"", ""process_temperature"": 100.0, ""insulation_thickness"": 0.08}";"{""surface_area"": 66.0, ""total_heat_loss"": 3206.551, ""heat_loss_per_m2"": 44.167}";true;
tank;Прям. бак №40;99;"{""name"": ""Прям. бак №40"", ""shape"": ""rectangular"", ""width"": 1.5, ""height"": 4.0, ""length"": 5.0, ""ambient_temperature"": -20.0, ""insulation_material"": ""polystyrene"", ""process_temperature"": 40.0, ""insulation_thickness"": 0.15}";"{""surface_area"": 67.0, ""total_heat_loss"": 1096.298, ""heat_loss_per_m2"": 14.875}";true;

[SECTION];electrical
object_key;variant_number;cable_type;cable_mark;params;results
Труба DN108 №6;4;self_regulating;ТЛТ-60;"{""cable_mark"": null, ""pipe_length"": 82.0, ""cable_catalog"": [{""brand"": ""ТЛТ"", ""model"": ""ТЛТ-10"", ""source"": ""builtin"", ""voltage"": 220, ""max_temperature"": 65, ""min_temperature"": -40, ""power_per_meter"": 10}, {""brand"": ""ТЛТ"", ""model"": ""ТЛТ-15"", ""source"": ""builtin"", ""voltage"": 220, ""max_temperature"": 65, ""min_temperature"": -40, ""power_per_meter"": 15}, {""brand"": ""ТЛТ"", ""model"": ""ТЛТ-20"", ""source"": ""builtin"", ""voltage"": 220, ""max_temperature"": 65, ""min_temperature"": -40, ""power_per_meter"": 20}, {""brand"": ""ТЛТ"", ""model"": ""ТЛТ-25"", ""source"": ""builtin"", ""voltage"": 220, ""max_temperature"": 85, ""min_temperature"": -50, ""power_per_meter"": 25}, {""brand"": ""ТЛТ"", ""model"": ""ТЛТ-30"", ""source"": ""builtin"", ""voltage"": 220, ""max_temperature"": 85, ""min_temperature"": -50, ""power_per_meter"": 30}, {""brand"": ""ТЛТ"", ""model"": ""ТЛТ-40"", ""source"": ""builtin"", ""voltage"": 220, ""max_temperature"": 110, ""min_temperature"": -50, ""power_per_meter"": 40}, {""brand"": ""ТЛТ"", ""model"": ""ТЛТ-50"", ""source"": ""builtin"", ""voltage"": 220, ""max_temperature"": 110, ""min_temperature"": -50, ""power_per_meter"": 50}, {""brand"": ""ТЛТ"", ""model"": ""ТЛТ-60"", ""source"": ""builtin"", ""voltage"": 220, ""max_temperature"": 120, ""min_temperature"": -55, ""power_per_meter"": 60}, {""brand"": ""ТЛТ"", ""model"": ""ТЛТ-75"", ""source"": ""builtin"", ""voltage"": 220, ""max_temperature"": 120, ""min_temperature"": -55, ""power_per_meter"": 75}, {""brand"": ""ТЛТ"", ""model"": ""ТЛТ-100"", ""source"": ""builtin"", ""voltage"": 220, ""max_temperature"": 150, ""min_temperature"": -60, ""power_per_meter"": 100}], ""safety_factor"": 1.1, ""supply_voltage"": 220.0, ""ambient_temperature"": -30.0, ""process_temperature"": 100.0, ""required_power_per_meter"": 53.062}";"{""current"": 24.6, ""voltage"": 220.0, ""total_power"": 5412.0, ""cable_length"": 90.2, ""selected_cable"": ""ТЛТ-60""}"
Труба DN89 №13;4;self_regulating;ТЛТ-25;"{""cable_mark"": null, ""pipe_length"": 85.9, ""cable_catalog"": [{""brand"": ""ТЛТ"", ""model"": ""ТЛТ-10"", ""source"": ""builtin"", ""voltage"": 220, ""max_temperature"": 65, ""min_temperature"": -40, ""power_per_meter"": 10}, {""brand"": ""ТЛТ"", ""model"": ""ТЛТ-15"", ""source"": ""builtin"", ""voltage"": 220, ""max_temperature"": 65, ""min_temperature"": -40, ""power_per_meter"": 15}, {""brand"": ""ТЛТ"", ""model"": ""ТЛТ-20"", ""source"": ""builtin"", ""voltage"": 220, ""max_temperature"": 65, ""min_temperature"": -40, ""power_per_meter"": 20}, {""brand"": ""ТЛТ"", ""model"": ""ТЛТ-25"", ""source"": ""builtin"", ""voltage"": 220, ""max_temperature"": 85, ""min_temperature"": -50, ""power_per_meter"": 25}, {""brand"": ""ТЛТ"", ""model"": ""ТЛТ-30"", ""source"": ""builtin"", ""voltage"": 220, ""max_temperature"": 85, ""min_temperature"": -50, ""power_per_meter"": 30}, {""brand"": ""ТЛТ"", ""model"": ""ТЛТ-40"", ""source"": ""builtin"", ""voltage"": 220, ""max_temperature"": 110, ""min_temperature"": -50, ""power_per_meter"": 40}, {""brand"": ""ТЛТ"", ""model"": ""ТЛТ-50"", ""source"": ""builtin"", ""voltage"": 220, ""max_temperature"": 110, ""min_temperature"": -50, ""power_per_meter"": 50}, {""brand"": ""ТЛТ"", ""model"": ""ТЛТ-60"", ""source"": ""builtin"", ""voltage"": 220, ""max_temperature"": 120, ""min_temperature"": -55, ""power_per_meter"": 60}, {""brand"": ""ТЛТ"", ""model"": ""ТЛТ-75"", ""source"": ""builtin"", ""voltage"": 220, ""max_temperature"": 120, ""min_temperature"": -55, ""power_per_meter"": 75}, {""brand"": ""ТЛТ"", ""model"": ""ТЛТ-100"", ""source"": ""builtin"", ""voltage"": 220, ""max_temperature"": 150, ""min_temperature"": -60, ""power_per_meter"": 100}], ""safety_factor"": 1.1, ""supply_voltage"": 220.0, ""ambient_temperature"": 10.0, ""process_temperature"": 70.0, ""required_power_per_meter"": 12.039}";"{""current"": 10.738, ""voltage"": 220.0, ""total_power"": 2362.25, ""cable_length"": 94.49, ""selected_cable"": ""ТЛТ-25""}"
Труба DN219 №18;4;self_regulating;ТЛТ-25;"{""cable_mark"": null, ""pipe_length"": 184.2, ""cable_catalog"": [{""brand"": ""ТЛТ"", ""model"": ""ТЛТ-10"", ""source"": ""builtin"", ""voltage"": 220, ""max_temperature"": 65, ""min_temperature"": -40, ""power_per_meter"": 10}, {""brand"": ""ТЛТ"", ""model"": ""ТЛТ-15"", ""source"": ""builtin"", ""voltage"": 220, ""max_temperature"": 65, ""min_temperature"": -40, ""power_per_meter"": 15}, {""brand"": ""ТЛТ"", ""model"": ""ТЛТ-20"", ""source"": ""builtin"", ""voltage"": 220, ""max_temperature"": 65, ""min_temperature"": -40, ""power_per_meter"": 20}, {""brand"": ""ТЛТ"", ""model"": ""ТЛТ-25"", ""source"": ""builtin"", ""voltage"": 220, ""max_temperature"": 85, ""min_temperature"": -50, ""power_per_meter"": 25}, {""brand"": ""ТЛТ"", ""model"": ""ТЛТ-30"", ""source"": ""builtin"", ""voltage"": 220, ""max_temperature"": 85, ""min_temperature"": -50, ""power_per_meter"": 30}, {""brand"": ""ТЛТ"", ""model"": ""ТЛТ-40"", ""source"": ""builtin"", ""voltage"": 220, ""max_temperature"": 110, ""min_temperature"": -50, ""power_per_meter"": 40}, {""brand"": ""ТЛТ"", ""model"": ""ТЛТ-50"", ""source"": ""builtin"", ""voltage"": 220, ""max_temperature"": 110, ""min_temperature"": -50, ""power_per_meter"": 50}, {""brand"": ""ТЛТ"", ""model"": ""ТЛТ-60"", ""source"": ""builtin"", ""voltage"": 220, ""max_temperature"": 120, ""min_temperature"": -55, ""power_per_meter"": 60}, {""brand"": ""ТЛТ"", ""model"": ""ТЛТ-75"", ""source"": ""builtin"", ""voltage"": 220, ""max_temperature"": 120, ""min_temperature"": -55, ""power_per_meter"": 75}, {""brand"": ""ТЛТ"", ""model"": ""ТЛТ-100"", ""source"": ""builtin"", ""voltage"": 220, ""max_temperature"": 150, ""min_temperature"": -60, ""power_per_meter"": 100}], ""safety_factor"": 1.1, ""supply_voltage"": 220.0, ""ambient_temperature"": 5.0, ""process_temperature"": 50.0, ""required_power_per_meter"": 18.355}";"{""current"": 23.025, ""voltage"": 220.0, ""total_power"": 5065.5, ""cable_length"": 202.62, ""selected_cable"": ""ТЛТ-25""}"
Труба DN42 №1;4;self_regulating;ТЛТ-25;"{""cable_mark"": null, ""pipe_length"": 17.4, ""cable_catalog"": [{""brand"": ""ТЛТ"", ""model"": ""ТЛТ-10"", ""source"": ""builtin"", ""voltage"": 220, ""max_temperature"": 65, ""min_temperature"": -40, ""power_per_meter"": 10}, {""brand"": ""ТЛТ"", ""model"": ""ТЛТ-15"", ""source"": ""builtin"", ""voltage"": 220, ""max_temperature"": 65, ""min_temperature"": -40, ""power_per_meter"": 15}, {""brand"": ""ТЛТ"", ""model"": ""ТЛТ-20"", ""source"": ""builtin"", ""voltage"": 220, ""max_temperature"": 65, ""min_temperature"": -40, ""power_per_meter"": 20}, {""brand"": ""ТЛТ"", ""model"": ""ТЛТ-25"", ""source"": ""builtin"", ""voltage"": 220, ""max_temperature"": 85, ""min_temperature"": -50, ""power_per_meter"": 25}, {""brand"": ""ТЛТ"", ""model"": ""ТЛТ-30"", ""source"": ""builtin"", ""voltage"": 220, ""max_temperature"": 85, ""min_temperature"": -50, ""power_per_meter"": 30}, {""brand"": ""ТЛТ"", ""model"": ""ТЛТ-40"", ""source"": ""builtin"", ""voltage"": 220, ""max_temperature"": 110, ""min_temperature"": -50, ""power_per_meter"": 40}, {""brand"": ""ТЛТ"", ""model"": ""ТЛТ-50"", ""source"": ""builtin"", ""voltage"": 220, ""max_temperature"": 110, ""min_temperature"": -50, ""power_per_meter"": 50}, {""brand"": ""ТЛТ"", ""model"": ""ТЛТ-60"", ""source"": ""builtin"", ""voltage"": 220, ""max_temperature"": 120, ""min_temperature"": -55, ""power_per_meter"": 60}, {""brand"": ""ТЛТ"", ""model"": ""ТЛТ-75"", ""source"": ""builtin"", ""voltage"": 220, ""max_temperature"": 120, ""min_temperature"": -55, ""power_per_meter"": 75}, {""brand"": ""ТЛТ"", ""model"": ""ТЛТ-100"", ""source"": ""builtin"", ""voltage"": 220, ""max_temperature"": 150, ""min_temperature"": -60, ""power_per_meter"": 100}], ""safety_factor"": 1.1, ""supply_voltage"": 220.0, ""ambient_temperature"": -20.0, ""process_temperature"": 60.0, ""required_power_per_meter"": 22.625}";"{""current"": 2.175, ""voltage"": 220.0, ""total_power"": 478.5, ""cable_length"": 19.14, ""selected_cable"": ""ТЛТ-25""}"
Труба DN42 №7;4;self_regulating;ТЛТ-10;"{""cable_mark"": null, ""pipe_length"": 182.7, ""cable_catalog"": [{""brand"": ""ТЛТ"", ""model"": ""ТЛТ-10"", ""source"": ""builtin"", ""voltage"": 220, ""max_temperature"": 65, ""min_temperature"": -40, ""power_per_meter"": 10}, {""brand"": ""ТЛТ"", ""model"": ""ТЛТ-15"", ""source"": ""builtin"", ""voltage"": 220, ""max_temperature"": 65, ""min_temperature"": -40, ""power_per_meter"": 15}, {""brand"": ""ТЛТ"", ""model"": ""ТЛТ-20"", ""source"": ""builtin"", ""voltage"": 220, ""max_temperature"": 65, ""min_temperature"": -40, ""power_per_meter"": 20}, {""brand"": ""ТЛТ"", ""model"": ""ТЛТ-25"", ""source"": ""builtin"", ""voltage"": 220, ""max_temperature"": 85, ""min_temperature"": -50, ""power_per_meter"": 25}, {""brand"": ""ТЛТ"", ""model"": ""ТЛТ-30"", ""source"": ""builtin"", ""voltage"": 220, ""max_temperature"": 85, ""min_temperature"": -50, ""power_per_meter"": 30}, {""brand"": ""ТЛТ"", ""model"": ""ТЛТ-40"", ""source"": ""builtin"", ""voltage"": 220, ""max_temperature"": 110, ""min_temperature"": -50, ""power_per_meter"": 40}, {""brand"": ""ТЛТ"", ""model"": ""ТЛТ-50"", ""source"": ""builtin"", ""voltage"": 220, ""max_temperature"": 110, ""min_temperature"": -50, ""power_per_meter"": 50}, {""brand"": ""ТЛТ"", ""model"": ""ТЛТ-60"", ""source"": ""builtin"", ""voltage"": 220, ""max_temperature"": 120, ""min_temperature"": -55, ""power_per_meter"": 60}, {""brand"": ""ТЛТ"", ""model"": ""ТЛТ-75"", ""source"": ""builtin"", ""voltage"": 220, ""max_temperature"": 120, ""min_temperature"": -55, ""power_per_meter"": 75}, {""brand"": ""ТЛТ"", ""model"": ""ТЛТ-100"", ""source"": ""builtin"", ""voltage"": 220, ""max_temperature"": 150, ""min_temperature"": -60, ""power_per_meter"": 100}], ""safety_factor"": 1.1, ""supply_voltage"": 220.0, ""ambient_temperature"": -15.0, ""process_temperature"": 40.0, ""required_power_per_meter"": 5.835}";"{""current"": 9.135, ""voltage"": 220.0, ""total_power"": 2009.7, ""cable_length"": 200.97, ""selected_cable"": ""ТЛТ-10""}"
Труба DN27 №19;4;self_regulating;ТЛТ-40;"{""cable_mark"": null, ""pipe_length"": 431.2, ""cable_catalog"": [{""brand"": ""ТЛТ"", ""model"": ""ТЛТ-10"", ""source"": ""builtin"", ""voltage"": 220, ""max_temperature"": 65, ""min_temperature"": -40, ""power_per_meter"": 10}, {""brand"": ""ТЛТ"", ""model"": ""ТЛТ-15"", ""source"": ""builtin"", ""voltage"": 220, ""max_temperature"": 65, ""min_temperature"": -40, ""power_per_meter"": 15}, {""brand"": ""ТЛТ"", ""model"": ""ТЛТ-20"", ""source"": ""builtin"", ""voltage"": 220, ""max_temperature"": 65, ""min_temperature"": -40, ""power_per_meter"": 20}, {""brand"": ""ТЛТ"", ""model"": ""ТЛТ-25"", ""source"": ""builtin"", ""voltage"": 220, ""max_temperature"": 85, ""min_temperature"": -50, ""power_per_meter"": 25}, {""brand"": ""ТЛТ"", ""model"": ""ТЛТ-30"", ""source"": ""builtin"", ""voltage"": 220, ""max_temperature"": 85, ""min_temperature"": -50, ""power_per_meter"": 30}, {""brand"": ""ТЛТ"", ""model"": ""ТЛТ-40"", ""source"": ""builtin"", ""voltage"": 220, ""max_temperature"": 110, ""min_temperature"": -50, ""power_per_meter"": 40}, {""brand"": ""ТЛТ"", ""model"": ""ТЛТ-50"", ""source"": ""builtin"", ""voltage"": 220, ""max_temperature"": 110, ""min_temperature"": -50, ""power_per_meter"": 50}, {""brand"": ""ТЛТ"", ""model"": ""ТЛТ-60"", ""source"": ""builtin"", ""voltage"": 220, ""max_temperature"": 120, ""min_temperature"": -55, ""power_per_meter"": 60}, {""brand"": ""ТЛТ"", ""model"": ""ТЛТ-75"", ""source"": ""builtin"", ""voltage"": 220, ""max_temperature"": 120, ""min_temperature"": -55, ""power_per_meter"": 75}, {""brand"": ""ТЛТ"", ""model"": ""ТЛТ-100"", ""source"": ""builtin"", ""voltage"": 220, ""max_temperature"": 150, ""min_temperature"": -60, ""power_per_meter"": 100}], ""safety_factor"": 1.1, ""supply_voltage"": 220.0, ""ambient_temperature"": -25.0, ""process_temperature"": 100.0, ""required_power_per_meter"": 34.454}";"{""current"": 86.24, ""voltage"": 220.0, ""total_power"": 18972.8, ""cable_length"": 474.32, ""selected_cable"": ""ТЛТ-40""}"
Труба DN108 №23;4;self_regulating;ТЛТ-30;"{""cable_mark"": null, ""pipe_length"": 486.1, ""cable_catalog"": [{""brand"": ""ТЛТ"", ""model"": ""ТЛТ-10"", ""source"": ""builtin"", ""voltage"": 220, ""max_temperature"": 65, ""min_temperature"": -40, ""power_per_meter"": 10}, {""brand"": ""ТЛТ"", ""model"": ""ТЛТ-15"", ""source"": ""builtin"", ""voltage"": 220, ""max_temperature"": 65, ""min_temperature"": -40, ""power_per_meter"": 15}, {""brand"": ""ТЛТ"", ""model"": ""ТЛТ-20"", ""source"": ""builtin"", ""voltage"": 220, ""max_temperature"": 65, ""min_temperature"": -40, ""power_per_meter"": 20}, {""brand"": ""ТЛТ"", ""model"": ""ТЛТ-25"", ""source"": ""builtin"", ""voltage"": 220, ""max_temperature"": 85, ""min_temperature"": -50, ""power_per_meter"": 25}, {""brand"": ""ТЛТ"", ""model"": ""ТЛТ-30"", ""source"": ""builtin"", ""voltage"": 220, ""max_temperature"": 85, ""min_temperature"": -50, ""power_per_meter"": 30}, {""brand"": ""ТЛТ"", ""model"": ""ТЛТ-40"", ""source"": ""builtin"", ""voltage"": 220, ""max_temperature"": 110, ""min_temperature"": -50, ""power_per_meter"": 40}, {""brand"": ""ТЛТ"", ""model"": ""ТЛТ-50"", ""source"": ""builtin"", ""voltage"": 220, ""max_temperature"": 110, ""min_temperature"": -50, ""power_per_meter"": 50}, {""brand"": ""ТЛТ"", ""model"": ""ТЛТ-60"", ""source"": ""builtin"", ""voltage"": 220, ""max_temperature"": 120, ""min_temperature"": -55, ""power_per_meter"": 60}, {""brand"": ""ТЛТ"", ""model"": ""ТЛТ-75"", ""source"": ""builtin"", ""voltage"": 220, ""max_temperature"": 120, ""min_temperature"": -55, ""power_per_meter"": 75}, {""brand"": ""ТЛТ"", ""model"": ""ТЛТ-100"", ""source"": ""builtin"", ""voltage"": 220, ""max_temperature"": 150, ""min_temperature"": -60, ""power_per_meter"": 100}], ""safety_factor"": 1.1, ""supply_voltage"": 220.0, ""ambient_temperature"": -30.0, ""process_temperature"": 80.0, ""required_power_per_meter"": 25.305}";"{""current"": 72.915, ""voltage"": 220.0, ""total_power"": 16041.3, ""cable_length"": 534.71, ""selected_cable"": ""ТЛТ-30""}"
Труба DN57 №28;4;self_regulating;ТЛТ-60;"{""cable_mark"": null, ""pipe_length"": 136.2, ""cable_catalog"": [{""brand"": ""ТЛТ"", ""model"": ""ТЛТ-10"", ""source"": ""builtin"", ""voltage"": 220, ""max_temperature"": 65, ""min_temperature"": -40, ""power_per_meter"": 10}, {""brand"": ""ТЛТ"", ""model"": ""ТЛТ-15"", ""source"": ""builtin"", ""voltage"": 220, ""max_temperature"": 65, ""min_temperature"": -40, ""power_per_meter"": 15}, {""brand"": ""ТЛТ"", ""model"": ""ТЛТ-20"", ""source"": ""builtin"", ""voltage"": 220, ""max_temperature"": 65, ""min_temperature"": -40, ""power_per_meter"": 20}, {""brand"": ""ТЛТ"", ""model"": ""ТЛТ-25"", ""source"": ""builtin"", ""voltage"": 220, ""max_temperature"": 85, ""min_temperature"": -50, ""power_per_meter"": 25}, {""brand"": ""ТЛТ"", ""model"": ""ТЛТ-30"", ""source"": ""builtin"", ""voltage"": 220, ""max_temperature"": 85, ""min_temperature"": -50, ""power_per_meter"": 30}, {""brand"": ""ТЛТ"", ""model"": ""ТЛТ-40"", ""source"": ""builtin"", ""voltage"": 220, ""max_temperature"": 110, ""min_temperature"": -50, ""power_per_meter"": 40}, {""brand"": ""ТЛТ"", ""model"": ""ТЛТ-50"", ""source"": ""builtin"", ""voltage"": 220, ""max_temperature"": 110, ""min_temperature"": -50, ""power_per_meter"": 50}, {""brand"": ""ТЛТ"", ""model"": ""ТЛТ-60"", ""source"": ""builtin"", ""voltage"": 220, ""max_temperature"": 120, ""min_temperature"": -55, ""power_per_meter"": 60}, {""brand"": ""ТЛТ"", ""model"": ""ТЛТ-75"", ""source"": ""builtin"", ""voltage"": 220, ""max_temperature"": 120, ""min_temperature"": -55, ""power_per_meter"": 75}, {""brand"": ""ТЛТ"", ""model"": ""ТЛТ-100"", ""source"": ""builtin"", ""voltage"": 220, ""max_temperature"": 150, ""min_temperature"": -60, ""power_per_meter"": 100}], ""safety_factor"": 1.1, ""supply_voltage"": 220.0, ""ambient_temperature"": -20.0, ""process_temperature"": 120.0, ""required_power_per_meter"": 24.452}";"{""current"": 40.86, ""voltage"": 220.0, ""total_power"": 8989.2, ""cable_length"": 149.82, ""selected_cable"": ""ТЛТ-60""}"
Труба DN76 №29;4;self_regulating;ТЛТ-60;"{""cable_mark"": null, ""pipe_length"": 357.9, ""cable_catalog"": [{""brand"": ""ТЛТ"", ""model"": ""ТЛТ-10"", ""source"": ""builtin"", ""voltage"": 220, ""max_temperature"": 65, ""min_temperature"": -40, ""power_per_meter"": 10}, {""brand"": ""ТЛТ"", ""model"": ""ТЛТ-15"", ""source"": ""builtin"", ""voltage"": 220, ""max_temperature"": 65, ""min_temperature"": -40, ""power_per_meter"": 15}, {""brand"": ""ТЛТ"", ""model"": ""ТЛТ-20"", ""source"": ""builtin"", ""voltage"": 220, ""max_temperature"": 65, ""min_temperature"": -40, ""power_per_meter"": 20}, {""brand"": ""ТЛТ"", ""model"": ""ТЛТ-25"", ""source"": ""builtin"", ""voltage"": 220, ""max_temperature"": 85, ""min_temperature"": -50, ""power_per_meter"": 25}, {""brand"": ""ТЛТ"", ""model"": ""ТЛТ-30"", ""source"": ""builtin"", ""voltage"": 220, ""max_temperature"": 85, ""min_temperature"": -50, ""power_per_meter"": 30}, {""brand"": ""ТЛТ"", ""model"": ""ТЛТ-40"", ""source"": ""builtin"", ""voltage"": 220, ""max_temperature"": 110, ""min_temperature"": -50, ""power_per_meter"": 40}, {""brand"": ""ТЛТ"", ""model"": ""ТЛТ-50"", ""source"": ""builtin"", ""voltage"": 220, ""max_temperature"": 110, ""min_temperature"": -50, ""power_per_meter"": 50}, {""brand"": ""ТЛТ"", ""model"": ""ТЛТ-60"", ""source"": ""builtin"", ""voltage"": 220, ""max_temperature"": 120, ""min_temperature"": -55, ""power_per_meter"": 60}, {""brand"": ""ТЛТ"", ""model"": ""ТЛТ-75"", ""source"": ""builtin"", ""voltage"": 220, ""max_temperature"": 120, ""min_temperature"": -55, ""power_per_meter"": 75}, {""brand"": ""ТЛТ"", ""model"": ""ТЛТ-100"", ""source"": ""builtin"", ""voltage"": 220, ""max_temperature"": 150, ""min_temperature"": -60, ""power_per_meter"": 100}], ""safety_factor"": 1.1, ""supply_voltage"": 220.0, ""ambient_temperature"": -10.0, ""process_temperature"": 110.0, ""required_power_per_meter"": 48.786}";"{""current"": 107.37, ""voltage"": 220.0, ""total_power"": 23621.4, ""cable_length"": 393.69, ""selected_cable"": ""ТЛТ-60""}"
Труба DN273 №35;4;self_regulating;ТЛТ-75;"{""cable_mark"": null, ""pipe_length"": 180.4, ""cable_catalog"": [{""brand"": ""ТЛТ"", ""model"": ""ТЛТ-10"", ""source"": ""builtin"", ""voltage"": 220, ""max_temperature"": 65, ""min_temperature"": -40, ""power_per_meter"": 10}, {""brand"": ""ТЛТ"", ""model"": ""ТЛТ-15"", ""source"": ""builtin"", ""voltage"": 220, ""max_temperature"": 65, ""min_temperature"": -40, ""power_per_meter"": 15}, {""brand"": ""ТЛТ"", ""model"": ""ТЛТ-20"", ""source"": ""builtin"", ""voltage"": 220, ""max_temperature"": 65, ""min_temperature"": -40, ""power_per_meter"": 20}, {""brand"": ""ТЛТ"", ""model"": ""ТЛТ-25"", ""source"": ""builtin"", ""voltage"": 220, ""max_temperature"": 85, ""min_temperature"": -50, ""power_per_meter"": 25}, {""brand"": ""ТЛТ"", ""model"": ""ТЛТ-30"", ""source"": ""builtin"", ""voltage"": 220, ""max_temperature"": 85, ""min_temperature"": -50, ""power_per_meter"": 30}, {""brand"": ""ТЛТ"", ""model"": ""ТЛТ-40"", ""source"": ""builtin"", ""voltage"": 220, ""max_temperature"": 110, ""min_temperature"": -50, ""power_per_meter"": 40}, {""brand"": ""ТЛТ"", ""model"": ""ТЛТ-50"", ""source"": ""builtin"", ""voltage"": 220, ""max_temperature"": 110, ""min_temperature"": -50, ""power_per_meter"": 50}, {""brand"": ""ТЛТ"", ""model"": ""ТЛТ-60"", ""source"": ""builtin"", ""voltage"": 220, ""max_temperature"": 120, ""min_temperature"": -55, ""power_per_meter"": 60}, {""brand"": ""ТЛТ"", ""model"": ""ТЛТ-75"", ""source"": ""builtin"", ""voltage"": 220, ""max_temperature"": 120, ""min_temperature"": -55, ""power_per_meter"": 75}, {""brand"": ""ТЛТ"", ""model"": ""ТЛТ-100"", ""source"": ""builtin"", ""voltage"": 220, ""max_temperature"": 150, ""min_temperature"": -60, ""power_per_meter"": 100}], ""safety_factor"": 1.1, ""supply_voltage"": 220.0, ""ambient_temperature"": -40.0, ""process_temperature"": 50.0, ""required_power_per_meter"": 56.399}";"{""current"": 67.65, ""voltage"": 220.0, ""total_power"": 14883.0, ""cable_length"": 198.44, ""selected_cable"": ""ТЛТ-75""}"
Труба DN76 №51;4;self_regulating;ТЛТ-30;"{""cable_mark"": null, ""pipe_length"": 255.4, ""cable_catalog"": [{""brand"": ""ТЛТ"", ""model"": ""ТЛТ-10"", ""source"": ""builtin"", ""voltage"": 220, ""max_temperature"": 65, ""min_temperature"": -40, ""power_per_meter"": 10}, {""brand"": ""ТЛТ"", ""model"": ""ТЛТ-15"", ""source"": ""builtin"", ""voltage"": 220, ""max_temperature"": 65, ""min_temperature"": -40, ""power_per_meter"": 15}, {""brand"": ""ТЛТ"", ""model"": ""ТЛТ-20"", ""source"": ""builtin"", ""voltage"": 220, ""max_temperature"": 65, ""min_temperature"": -40, ""power_per_meter"": 20}, {""brand"": ""ТЛТ"", ""model"": ""ТЛТ-25"", ""source"": ""builtin"", ""voltage"": 220, ""max_temperature"": 85, ""min_temperature"": -50, ""power_per_meter"": 25}, {""brand"": ""ТЛТ"", ""model"": ""ТЛТ-30"", ""source"": ""builtin"", ""voltage"": 220, ""max_temperature"": 85, ""min_temperature"": -50, ""power_per_meter"": 30}, {""brand"": ""ТЛТ"", ""model"": ""ТЛТ-40"", ""source"": ""builtin"", ""voltage"": 220, ""max_temperature"": 110, ""min_temperature"": -50, ""power_per_meter"": 40}, {""brand"": ""ТЛТ"", ""model"": ""ТЛТ-50"", ""source"": ""builtin"", ""voltage"": 220, ""max_temperature"": 110, ""min_temperature"": -50, ""power_per_meter"": 50}, {""brand"": ""ТЛТ"", ""model"": ""ТЛТ-60"", ""source"": ""builtin"", ""voltage"": 220, ""max_temperature"": 120, ""min_temperature"": -55, ""power_per_meter"": 60}, {""brand"": ""ТЛТ"", ""model"": ""ТЛТ-75"", ""source"": ""builtin"", ""voltage"": 220, ""max_temperature"": 120, ""min_temperature"": -55, ""power_per_meter"": 75}, {""brand"": ""ТЛТ"", ""model"": ""ТЛТ-100"", ""source"": ""builtin"", ""voltage"": 220, ""max_temperature"": 150, ""min_temperature"": -60, ""power_per_meter"": 100}], ""safety_factor"": 1.1, ""supply_voltage"": 220.0, ""ambient_temperature"": -30.0, ""process_temperature"": 70.0, ""required_power_per_meter"": 23.455}";"{""current"": 38.31, ""voltage"": 220.0, ""total_power"": 8428.2, ""cable_length"": 280.94, ""selected_cable"": ""ТЛТ-30""}"
Труба DN159 №9;4;self_regulating;ТЛТ-50;"{""cable_mark"": null, ""pipe_length"": 290.8, ""cable_catalog"": [{""brand"": ""ТЛТ"", ""model"": ""ТЛТ-10"", ""source"": ""builtin"", ""voltage"": 220, ""max_temperature"": 65, ""min_temperature"": -40, ""power_per_meter"": 10}, {""brand"": ""ТЛТ"", ""model"": ""ТЛТ-15"", ""source"": ""builtin"", ""voltage"": 220, ""max_temperature"": 65, ""min_temperature"": -40, ""power_per_meter"": 15}, {""brand"": ""ТЛТ"", ""model"": ""ТЛТ-20"", ""source"": ""builtin"", ""voltage"": 220, ""max_temperature"": 65, ""min_temperature"": -40, ""power_per_meter"": 20}, {""brand"": ""ТЛТ"", ""model"": ""ТЛТ-25"", ""source"": ""builtin"", ""voltage"": 220, ""max_temperature"": 85, ""min_temperature"": -50, ""power_per_meter"": 25}, {""brand"": ""ТЛТ"", ""model"": ""ТЛТ-30"", ""source"": ""builtin"", ""voltage"": 220, ""max_temperature"": 85, ""min_temperature"": -50, ""power_per_meter"": 30}, {""brand"": ""ТЛТ"", ""model"": ""ТЛТ-40"", ""source"": ""builtin"", ""voltage"": 220, ""max_temperature"": 110, ""min_temperature"": -50, ""power_per_meter"": 40}, {""brand"": ""ТЛТ"", ""model"": ""ТЛТ-50"", ""source"": ""builtin"", ""voltage"": 220, ""max_temperature"": 110, ""min_temperature"": -50, ""power_per_meter"": 50}, {""brand"": ""ТЛТ"", ""model"": ""ТЛТ-60"", ""source"": ""builtin"", ""voltage"": 220, ""max_temperature"": 120, ""min_temperature"": -55, ""power_per_meter"": 60}, {""brand"": ""ТЛТ"", ""model"": ""ТЛТ-75"", ""source"": ""builtin"", ""voltage"": 220, ""max_temperature"": 120, ""min_temperature"": -55, ""power_per_meter"": 75}, {""brand"": ""ТЛТ"", ""model"": ""ТЛТ-100"", ""source"": ""builtin"", ""voltage"": 220, ""max_temperature"": 150, ""min_temperature"": -60, ""power_per_meter"": 100}], ""safety_factor"": 1.1, ""supply_voltage"": 220.0, ""ambient_temperature"": -40.0, ""process_temperature"": 70.0, ""required_power_per_meter"": 37.202}";"{""current"": 72.7, ""voltage"": 220.0, ""total_power"": 15994.0, ""cable_length"": 319.88, ""selected_cable"": ""ТЛТ-50""}"
Труба DN21 №3;4;self_regulating;ТЛТ-60;"{""cable_mark"": null, ""pipe_length"": 51.4, ""cable_catalog"": [{""brand"": ""ТЛТ"", ""model"": ""ТЛТ-10"", ""source"": ""builtin"", ""voltage"": 220, ""max_temperature"": 65, ""min_temperature"": -40, ""power_per_meter"": 10}, {""brand"": ""ТЛТ"", ""model"": ""ТЛТ-15"", ""source"": ""builtin"", ""voltage"": 220, ""max_temperature"": 65, ""min_temperature"": -40, ""power_per_meter"": 15}, {""brand"": ""ТЛТ"", ""model"": ""ТЛТ-20"", ""source"": ""builtin"", ""voltage"": 220, ""max_temperature"": 65, ""min_temperature"": -40, ""power_per_meter"": 20}, {""brand"": ""ТЛТ"", ""model"": ""ТЛТ-25"", ""source"": ""builtin"", ""voltage"": 220, ""max_temperature"": 85, ""min_temperature"": -50, ""power_per_meter"": 25}, {""brand"": ""ТЛТ"", ""model"": ""ТЛТ-30"", ""source"": ""builtin"", ""voltage"": 220, ""max_temperature"": 85, ""min_temperature"": -50, ""power_per_meter"": 30}, {""brand"": ""ТЛТ"", ""model"": ""ТЛТ-40"", ""source"": ""builtin"", ""voltage"": 220, ""max_temperature"": 110, ""min_temperature"": -50, ""power_per_meter"": 40}, {""brand"": ""ТЛТ"", ""model"": ""ТЛТ-50"", ""source"": ""builtin"", ""voltage"": 220, ""max_temperature"": 110, ""min_temperature"": -50, ""power_per_meter"": 50}, {""brand"": ""ТЛТ"", ""model"": ""ТЛТ-60"", ""source"": ""builtin"", ""voltage"": 220, ""max_temperature"": 120, ""min_temperature"": -55, ""power_per_meter"": 60}, {""brand"": ""ТЛТ"", ""model"": ""ТЛТ-75"", ""source"": ""builtin"", ""voltage"": 220, ""max_temperature"": 120, ""min_temperature"": -55, ""power_per_meter"": 75}, {""brand"": ""ТЛТ"", ""model"": ""ТЛТ-100"", ""source"": ""builtin"", ""voltage"": 220, ""max_temperature"": 150, ""min_temperature"": -60, ""power_per_meter"": 100}], ""safety_factor"": 1.1, ""supply_voltage"": 220.0, ""ambient_temperature"": -40.0, ""process_temperature"": 120.0, ""required_power_per_meter"": 13.142}";"{""current"": 15.42, ""voltage"": 220.0, ""total_power"": 3392.4, ""cable_length"": 56.54, ""selected_cable"": ""ТЛТ-60""}"
Труба DN21 №21;4;self_regulating;ТЛТ-25;"{""cable_mark"": null, ""pipe_length"": 341.7, ""cable_catalog"": [{""brand"": ""ТЛТ"", ""model"": ""ТЛТ-10"", ""source"": ""builtin"", ""voltage"": 220, ""max_temperature"": 65, ""min_temperature"": -40, ""power_per_meter"": 10}, {""brand"": ""ТЛТ"", ""model"": ""ТЛТ-15"", ""source"": ""builtin"", ""voltage"": 220, ""max_temperature"": 65, ""min_temperature"": -40, ""power_per_meter"": 15}, {""brand"": ""ТЛТ"", ""model"": ""ТЛТ-20"", ""source"": ""builtin"", ""voltage"": 220, ""max_temperature"": 65, ""min_temperature"": -40, ""power_per_meter"": 20}, {""brand"": ""ТЛТ"", ""model"": ""ТЛТ-25"", ""source"": ""builtin"", ""voltage"": 220, ""max_temperature"": 85, ""min_temperature"": -50, ""power_per_meter"": 25}, {""brand"": ""ТЛТ"", ""model"": ""ТЛТ-30"", ""source"": ""builtin"", ""voltage"": 220, ""max_temperature"": 85, ""min_temperature"": -50, ""power_per_meter"": 30}, {""brand"": ""ТЛТ"", ""model"": ""ТЛТ-40"", ""source"": ""builtin"", ""voltage"": 220, ""max_temperature"": 110, ""min_temperature"": -50, ""power_per_meter"": 40}, {""brand"": ""ТЛТ"", ""model"": ""ТЛТ-50"", ""source"": ""builtin"", ""voltage"": 220, ""max_temperature"": 110, ""min_temperature"": -50, ""power_per_meter"": 50}, {""brand"": ""ТЛТ"", ""model"": ""ТЛТ-60"", ""source"": ""builtin"", ""voltage"": 220, ""max_temperature"": 120, ""min_temperature"": -55, ""power_per_meter"": 60}, {""brand"": ""ТЛТ"", ""model"": ""ТЛТ-75"", ""source"": ""builtin"", ""voltage"": 220, ""max_temperature"": 120, ""min_temperature"": -55, ""power_per_meter"": 75}, {""brand"": ""ТЛТ"", ""model"": ""ТЛТ-100"", ""source"": ""builtin"", ""voltage"": 220, ""max_temperature"": 150, ""min_temperature"": -60, ""power_per_meter"": 100}], ""safety_factor"": 1.1, ""supply_voltage"": 220.0, ""ambient_temperature"": 10.0, ""process_temperature"": 80.0, ""required_power_per_meter"": 19.209}";"{""current"": 42.712, ""voltage"": 220.0, ""total_power"": 9396.75, ""cable_length"": 375.87, ""selected_cable"": ""ТЛТ-25""}"
Труба DN76 №4;4;self_regulating;ТЛТ-25;"{""cable_mark"": null, ""pipe_length"": 359.4, ""cable_catalog"": [{""brand"": ""ТЛТ"", ""model"": ""ТЛТ-10"", ""source"": ""builtin"", ""voltage"": 220, ""max_temperature"": 65, ""min_temperature"": -40, ""power_per_meter"": 10}, {""brand"": ""ТЛТ"", ""model"": ""ТЛТ-15"", ""source"": ""builtin"", ""voltage"": 220, ""max_temperature"": 65, ""min_temperature"": -40, ""power_per_meter"": 15}, {""brand"": ""ТЛТ"", ""model"": ""ТЛТ-20"", ""source"": ""builtin"", ""voltage"": 220, ""max_temperature"": 65, ""min_temperature"": -40, ""power_per_meter"": 20}, {""brand"": ""ТЛТ"", ""model"": ""ТЛТ-25"", ""source"": ""builtin"", ""voltage"": 220, ""max_temperature"": 85, ""min_temperature"": -50, ""power_per_meter"": 25}, {""brand"": ""ТЛТ"", ""model"": ""ТЛТ-30"", ""source"": ""builtin"", ""voltage"": 220, ""max_temperature"": 85, ""min_temperature"": -50, ""power_per_meter"": 30}, {""brand"": ""ТЛТ"", ""model"": ""ТЛТ-40"", ""source"": ""builtin"", ""voltage"": 220, ""max_temperature"": 110, ""min_temperature"": -50, ""power_per_meter"": 40}, {""brand"": ""ТЛТ"", ""model"": ""ТЛТ-50"", ""source"": ""builtin"", ""voltage"": 220, ""max_temperature"": 110, ""min_temperature"": -50, ""power_per_meter"": 50}, {""brand"": ""ТЛТ"", ""model"": ""ТЛТ-60"", ""source"": ""builtin"", ""voltage"": 220, ""max_temperature"": 120, ""min_temperature"": -55, ""power_per_meter"": 60}, {""brand"": ""ТЛТ"", ""model"": ""ТЛТ-75"", ""source"": ""builtin"", ""voltage"": 220, ""max_temperature"": 120, ""min_temperature"": -55, ""power_per_meter"": 75}, {""brand"": ""ТЛТ"", ""model"": ""ТЛТ-100"", ""source"": ""builtin"", ""voltage"": 220, ""max_temperature"": 150, ""min_temperature"": -60, ""power_per_meter"": 100}], ""safety_factor"": 1.1, ""supply_voltage"": 220.0, ""ambient_temperature"": 0.0, ""process_temperature"": 70.0, ""required_power_per_meter"": 7.09}";"{""current"": 44.925, ""voltage"": 220.0, ""total_power"": 9883.5, ""cable_length"": 395.34, ""selected_cable"": ""ТЛТ-25""}"
Труба DN325 №8;4;self_regulating;ТЛТ-75;"{""cable_mark"": null, ""pipe_length"": 270.4, ""cable_catalog"": [{""brand"": ""ТЛТ"", ""model"": ""ТЛТ-10"", ""source"": ""builtin"", ""voltage"": 220, ""max_temperature"": 65, ""min_temperature"": -40, ""power_per_meter"": 10}, {""brand"": ""ТЛТ"", ""model"": ""ТЛТ-15"", ""source"": ""builtin"", ""voltage"": 220, ""max_temperature"": 65, ""min_temperature"": -40, ""power_per_meter"": 15}, {""brand"": ""ТЛТ"", ""model"": ""ТЛТ-20"", ""source"": ""builtin"", ""voltage"": 220, ""max_temperature"": 65, ""min_temperature"": -40, ""power_per_meter"": 20}, {""brand"": ""ТЛТ"", ""model"": ""ТЛТ-25"", ""source"": ""builtin"", ""voltage"": 220, ""max_temperature"": 85, ""min_temperature"": -50, ""power_per_meter"": 25}, {""brand"": ""ТЛТ"", ""model"": ""ТЛТ-30"", ""source"": ""builtin"", ""voltage"": 220, ""max_temperature"": 85, ""min_temperature"": -50, ""power_per_meter"": 30}, {""brand"": ""ТЛТ"", ""model"": ""ТЛТ-40"", ""source"": ""builtin"", ""voltage"": 220, ""max_temperature"": 110, ""min_temperature"": -50, ""power_per_meter"": 40}, {""brand"": ""ТЛТ"", ""model"": ""ТЛТ-50"", ""source"": ""builtin"", ""voltage"": 220, ""max_temperature"": 110, ""min_temperature"": -50, ""power_per_meter"": 50}, {""brand"": ""ТЛТ"", ""model"": ""ТЛТ-60"", ""source"": ""builtin"", ""voltage"": 220, ""max_temperature"": 120, ""min_temperature"": -55, ""power_per_meter"": 60}, {""brand"": ""ТЛТ"", ""model"": ""ТЛТ-75"", ""source"": ""builtin"", ""voltage"": 220, ""max_temperature"": 120, ""min_temperature"": -55, ""power_per_meter"": 75}, {""brand"": ""ТЛТ"", ""model"": ""ТЛТ-100"", ""source"": ""builtin"", ""voltage"": 220, ""max_temperature"": 150, ""min_temperature"": -60, ""power_per_meter"": 100}], ""safety_factor"": 1.1, ""supply_voltage"": 220.0, ""ambient_temperature"": 10.0, ""process_temperature"": 80.0, ""required_power_per_meter"": 59.671}";"{""current"": 101.4, ""voltage"": 220.0, ""total_power"": 22308.0, ""cable_length"": 297.44, ""selected_cable"": ""ТЛТ-75""}"
Труба DN42 №2;4;self_regulating;ТЛТ-10;"{""cable_mark"": null, ""pipe_length"": 340.0, ""cable_catalog"": [{""brand"": ""ТЛТ"", ""model"": ""ТЛТ-10"", ""source"": ""builtin"", ""voltage"": 220, ""max_temperature"": 65, ""min_temperature"": -40, ""power_per_meter"": 10}, {""brand"": ""ТЛТ"", ""model"": ""ТЛТ-15"", ""source"": ""builtin"", ""voltage"": 220, ""max_temperature"": 65, ""min_temperature"": -40, ""power_per_meter"": 15}, {""brand"": ""ТЛТ"", ""model"": ""ТЛТ-20"", ""source"": ""builtin"", ""voltage"": 220, ""max_temperature"": 65, ""min_temperature"": -40, ""power_per_meter"": 20}, {""brand"": ""ТЛТ"", ""model"": ""ТЛТ-25"", ""source"": ""builtin"", ""voltage"": 220, ""max_temperature"": 85, ""min_temperature"": -50, ""power_per_meter"": 25}, {""brand"": ""ТЛТ"", ""model"": ""ТЛТ-30"", ""source"": ""builtin"", ""voltage"": 220, ""max_temperature"": 85, ""min_temperature"": -50, ""power_per_meter"": 30}, {""brand"": ""ТЛТ"", ""model"": ""ТЛТ-40"", ""source"": ""builtin"", ""voltage"": 220, ""max_temperature"": 110, ""min_temperature"": -50, ""power_per_meter"": 40}, {""brand"": ""ТЛТ"", ""model"": ""ТЛТ-50"", ""source"": ""builtin"", ""voltage"": 220, ""max_temperature"": 110, ""min_temperature"": -50, ""power_per_meter"": 50}, {""brand"": ""ТЛТ"", ""model"": ""ТЛТ-60"", ""source"": ""builtin"", ""voltage"": 220, ""max_temperature"": 120, ""min_temperature"": -55, ""power_per_meter"": 60}, {""brand"": ""ТЛТ"", ""model"": ""ТЛТ-75"", ""source"": ""builtin"", ""voltage"": 220, ""max_temperature"": 120, ""min_temperature"": -55, ""power_per_meter"": 75}, {""brand"": ""ТЛТ"", ""model"": ""ТЛТ-100"", ""source"": ""builtin"", ""voltage"": 220, ""max_temperature"": 150, ""min_temperature"": -60, ""power_per_meter"": 100}], ""safety_factor"": 1.1, ""supply_voltage"": 220.0, ""ambient_temperature"": 0.0, ""process_temperature"": 40.0, ""required_power_per_meter"": 7.029}";"{""current"": 17.0, ""voltage"": 220.0, ""total_power"": 3740.0, ""cable_length"": 374.0, ""selected_cable"": ""ТЛТ-10""}"
Труба DN426 №16;4;self_regulating;ТЛТ-75;"{""cable_mark"": null, ""pipe_length"": 200.8, ""cable_catalog"": [{""brand"": ""ТЛТ"", ""model"": ""ТЛТ-10"", ""source"": ""builtin"", ""voltage"": 220, ""max_temperature"": 65, ""min_temperature"": -40, ""power_per_meter"": 10}, {""brand"": ""ТЛТ"", ""model"": ""ТЛТ-15"", ""source"": ""builtin"", ""voltage"": 220, ""max_temperature"": 65, ""min_temperature"": -40, ""power_per_meter"": 15}, {""brand"": ""ТЛТ"", ""model"": ""ТЛТ-20"", ""source"": ""builtin"", ""voltage"": 220, ""max_temperature"": 65, ""min_temperature"": -40, ""power_per_meter"": 20}, {""brand"": ""ТЛТ"", ""model"": ""ТЛТ-25"", ""source"": ""builtin"", ""voltage"": 220, ""max_temperature"": 85, ""min_temperature"": -50, ""power_per_meter"": 25}, {""brand"": ""ТЛТ"", ""model"": ""ТЛТ-30"", ""source"": ""builtin"", ""voltage"": 220, ""max_temperature"": 85, ""min_temperature"": -50, ""power_per_meter"": 30}, {""brand"": ""ТЛТ"", ""model"": ""ТЛТ-40"", ""source"": ""builtin"", ""voltage"": 220, ""max_temperature"": 110, ""min_temperature"": -50, ""power_per_meter"": 40}, {""brand"": ""ТЛТ"", ""model"": ""ТЛТ-50"", ""source"": ""builtin"", ""voltage"": 220, ""max_temperature"": 110, ""min_temperature"": -50, ""power_per_meter"": 50}, {""brand"": ""ТЛТ"", ""model"": ""ТЛТ-60"", ""source"": ""builtin"", ""voltage"": 220, ""max_temperature"": 120, ""min_temperature"": -55, ""power_per_meter"": 60}, {""brand"": ""ТЛТ"", ""model"": ""ТЛТ-75"", ""source"": ""builtin"", ""voltage"": 220, ""max_temperature"": 120, ""min_temperature"": -55, ""power_per_meter"": 75}, {""brand"": ""ТЛТ"", ""model"": ""ТЛТ-100"", ""source"": ""builtin"", ""voltage"": 220, ""max_temperature"": 150, ""min_temperature"": -60, ""power_per_meter"": 100}], ""safety_factor"": 1.1, ""supply_voltage"": 220.0, ""ambient_temperature"": -25.0, ""process_temperature"": 80.0, ""required_power_per_meter"": 63.408}";"{""current"": 75.3, ""voltage"": 220.0, ""total_power"": 16566.0, ""cable_length"": 220.88, ""selected_cable"": ""ТЛТ-75""}"
Труба DN34 №20;4;self_regulating;ТЛТ-25;"{""cable_mark"": null, ""pipe_length"": 195.5, ""cable_catalog"": [{""brand"": ""ТЛТ"", ""model"": ""ТЛТ-10"", ""source"": ""builtin"", ""voltage"": 220, ""max_temperature"": 65, ""min_temperature"": -40, ""power_per_meter"": 10}, {""brand"": ""ТЛТ"", ""model"": ""ТЛТ-15"", ""source"": ""builtin"", ""voltage"": 220, ""max_temperature"": 65, ""min_temperature"": -40, ""power_per_meter"": 15}, {""brand"": ""ТЛТ"", ""model"": ""ТЛТ-20"", ""source"": ""builtin"", ""voltage"": 220, ""max_temperature"": 65, ""min_temperature"": -40, ""power_per_meter"": 20}, {""brand"": ""ТЛТ"", ""model"": ""ТЛТ-25"", ""source"": ""builtin"", ""voltage"": 220, ""max_temperature"": 85, ""min_temperature"": -50, ""power_per_meter"": 25}, {""brand"": ""ТЛТ"", ""model"": ""ТЛТ-30"", ""source"": ""builtin"", ""voltage"": 220, ""max_temperature"": 85, ""min_temperature"": -50, ""power_per_meter"": 30}, {""brand"": ""ТЛТ"", ""model"": ""ТЛТ-40"", ""source"": ""builtin"", ""voltage"": 220, ""max_temperature"": 110, ""min_temperature"": -50, ""power_per_meter"": 40}, {""brand"": ""ТЛТ"", ""model"": ""ТЛТ-50"", ""source"": ""builtin"", ""voltage"": 220, ""max_temperature"": 110, ""min_temperature"": -50, ""power_per_meter"": 50}, {""brand"": ""ТЛТ"", ""model"": ""ТЛТ-60"", ""source"": ""builtin"", ""voltage"": 220, ""max_temperature"": 120, ""min_temperature"": -55, ""power_per_meter"": 60}, {""brand"": ""ТЛТ"", ""model"": ""ТЛТ-75"", ""source"": ""builtin"", ""voltage"": 220, ""max_temperature"": 120, ""min_temperature"": -55, ""power_per_meter"": 75}, {""brand"": ""ТЛТ"", ""model"": ""ТЛТ-100"", ""source"": ""builtin"", ""voltage"": 220, ""max_temperature"": 150, ""min_temperature"": -60, ""power_per_meter"": 100}], ""safety_factor"": 1.1, ""supply_voltage"": 220.0, ""ambient_temperature"": 10.0, ""process_temperature"": 80.0, ""required_power_per_meter"": 9.414}";"{""current"": 24.438, ""voltage"": 220.0, ""total_power"": 5376.25, ""cable_length"": 215.05, ""selected_cable"": ""ТЛТ-25""}"
Труба DN133 №25;4;self_regulating;ТЛТ-50;"{""cable_mark"": null, ""pipe_length"": 246.9, ""cable_catalog"": [{""brand"": ""ТЛТ"", ""model"": ""ТЛТ-10"", ""source"": ""builtin"", ""voltage"": 220, ""max_temperature"": 65, ""min_temperature"": -40, ""power_per_meter"": 10}, {""brand"": ""ТЛТ"", ""model"": ""ТЛТ-15"", ""source"": ""builtin"", ""voltage"": 220, ""max_temperature"": 65, ""min_temperature"": -40, ""power_per_meter"": 15}, {""brand"": ""ТЛТ"", ""model"": ""ТЛТ-20"", ""source"": ""builtin"", ""voltage"": 220, ""max_temperature"": 65, ""min_temperature"": -40, ""power_per_meter"": 20}, {""brand"": ""ТЛТ"", ""model"": ""ТЛТ-25"", ""source"": ""builtin"", ""voltage"": 220, ""max_temperature"": 85, ""min_temperature"": -50, ""power_per_meter"": 25}, {""brand"": ""ТЛТ"", ""model"": ""ТЛТ-30"", ""source"": ""builtin"", ""voltage"": 220, ""max_temperature"": 85, ""min_temperature"": -50, ""power_per_meter"": 30}, {""brand"": ""ТЛТ"", ""model"": ""ТЛТ-40"", ""source"": ""builtin"", ""voltage"": 220, ""max_temperature"": 110, ""min_temperature"": -50, ""power_per_meter"": 40}, {""brand"": ""ТЛТ"", ""model"": ""ТЛТ-50"", ""source"": ""builtin"", ""voltage"": 220, ""max_temperature"": 110, ""min_temperature"": -50, ""power_per_meter"": 50}, {""brand"": ""ТЛТ"", ""model"": ""ТЛТ-60"", ""source"": ""builtin"", ""voltage"": 220, ""max_temperature"": 120, ""min_temperature"": -55, ""power_per_meter"": 60}, {""brand"": ""ТЛТ"", ""model"": ""ТЛТ-75"", ""source"": ""builtin"", ""voltage"": 220, ""max_temperature"": 120, ""min_temperature"": -55, ""power_per_meter"": 75}, {""brand"": ""ТЛТ"", ""model"": ""ТЛТ-100"", ""source"": ""builtin"", ""voltage"": 220, ""max_temperature"": 150, ""min_temperature"": -60, ""power_per_meter"": 100}], ""safety_factor"": 1.1, ""supply_voltage"": 220.0, ""ambient_temperature"": -15.0, ""process_temperature"": 70.0, ""required_power_per_meter"": 37.634}";"{""current"": 61.725, ""voltage"": 220.0, ""total_power"": 13579.5, ""cable_length"": 271.59, ""selected_cable"": ""ТЛТ-50""}"
Труба DN57 №41;4;self_regulating;ТЛТ-25;"{""cable_mark"": null, ""pipe_length"": 192.6, ""cable_catalog"": [{""brand"": ""ТЛТ"", ""model"": ""ТЛТ-10"", ""source"": ""builtin"", ""voltage"": 220, ""max_temperature"": 65, ""min_temperature"": -40, ""power_per_meter"": 10}, {""brand"": ""ТЛТ"", ""model"": ""ТЛТ-15"", ""source"": ""builtin"", ""voltage"": 220, ""max_temperature"": 65, ""min_temperature"": -40, ""power_per_meter"": 15}, {""brand"": ""ТЛТ"", ""model"": ""ТЛТ-20"", ""source"": ""builtin"", ""voltage"": 220, ""max_temperature"": 65, ""min_temperature"": -40, ""power_per_meter"": 20}, {""brand"": ""ТЛТ"", ""model"": ""ТЛТ-25"", ""source"": ""builtin"", ""voltage"": 220, ""max_temperature"": 85, ""min_temperature"": -50, ""power_per_meter"": 25}, {""brand"": ""ТЛТ"", ""model"": ""ТЛТ-30"", ""source"": ""builtin"", ""voltage"": 220, ""max_temperature"": 85, ""min_temperature"": -50, ""power_per_meter"": 30}, {""brand"": ""ТЛТ"", ""model"": ""ТЛТ-40"", ""source"": ""builtin"", ""voltage"": 220, ""max_temperature"": 110, ""min_temperature"": -50, ""power_per_meter"": 40}, {""brand"": ""ТЛТ"", ""model"": ""ТЛТ-50"", ""source"": ""builtin"", ""voltage"": 220, ""max_temperature"": 110, ""min_temperature"": -50, ""power_per_meter"": 50}, {""brand"": ""ТЛТ"", ""model"": ""ТЛТ-60"", ""source"": ""builtin"", ""voltage"": 220, ""max_temperature"": 120, ""min_temperature"": -55, ""power_per_meter"": 60}, {""brand"": ""ТЛТ"", ""model"": ""ТЛТ-75"", ""source"": ""builtin"", ""voltage"": 220, ""max_temperature"": 120, ""min_temperature"": -55, ""power_per_meter"": 75}, {""brand"": ""ТЛТ"", ""model"": ""ТЛТ-100"", ""source"": ""builtin"", ""voltage"": 220, ""max_temperature"": 150, ""min_temperature"": -60, ""power_per_meter"": 100}], ""safety_factor"": 1.1, ""supply_voltage"": 220.0, ""ambient_temperature"": 5.0, ""process_temperature"": 80.0, ""required_power_per_meter"": 11.371}";"{""current"": 24.075, ""voltage"": 220.0, ""total_power"": 5296.5, ""cable_length"": 211.86, ""selected_cable"": ""ТЛТ-25""}"
Труба DN325 №30;4;self_regulating;ТЛТ-75;"{""cable_mark"": null, ""pipe_length"": 64.9, ""cable_catalog"": [{""brand"": ""ТЛТ"", ""model"": ""ТЛТ-10"", ""source"": ""builtin"", ""voltage"": 220, ""max_temperature"": 65, ""min_temperature"": -40, ""power_per_meter"": 10}, {""brand"": ""ТЛТ"", ""model"": ""ТЛТ-15"", ""source"": ""builtin"", ""voltage"": 220, ""max_temperature"": 65, ""min_temperature"": -40, ""power_per_meter"": 15}, {""brand"": ""ТЛТ"", ""model"": ""ТЛТ-20"", ""source"": ""builtin"", ""voltage"": 220, ""max_temperature"": 65, ""min_temperature"": -40, ""power_per_meter"": 20}, {""brand"": ""ТЛТ"", ""model"": ""ТЛТ-25"", ""source"": ""builtin"", ""voltage"": 220, ""max_temperature"": 85, ""min_temperature"": -50, ""power_per_meter"": 25}, {""brand"": ""ТЛТ"", ""model"": ""ТЛТ-30"", ""source"": ""builtin"", ""voltage"": 220, ""max_temperature"": 85, ""min_temperature"": -50, ""power_per_meter"": 30}, {""brand"": ""ТЛТ"", ""model"": ""ТЛТ-40"", ""source"": ""builtin"", ""voltage"": 220, ""max_temperature"": 110, ""min_temperature"": -50, ""power_per_meter"": 40}, {""brand"": ""ТЛТ"", ""model"": ""ТЛТ-50"", ""source"": ""builtin"", ""voltage"": 220, ""max_temperature"": 110, ""min_temperature"": -50, ""power_per_meter"": 50}, {""brand"": ""ТЛТ"", ""model"": ""ТЛТ-60"", ""source"": ""builtin"", ""voltage"": 220, ""max_temperature"": 120, ""min_temperature"": -55, ""power_per_meter"": 60}, {""brand"": ""ТЛТ"", ""model"": ""ТЛТ-75"", ""source"": ""builtin"", ""voltage"": 220, ""max_temperature"": 120, ""min_temperature"": -55, ""power_per_meter"": 75}, {""brand"": ""ТЛТ"", ""model"": ""ТЛТ-100"", ""source"": ""builtin"", ""voltage"": 220, ""max_temperature"": 150, ""min_temperature"": -60, ""power_per_meter"": 100}], ""safety_factor"": 1.1, ""supply_voltage"": 220.0, ""ambient_temperature"": -10.0, ""process_temperature"": 40.0, ""required_power_per_meter"": 59.097}";"{""current"": 24.338, ""voltage"": 220.0, ""total_power"": 5354.25, ""cable_length"": 71.39, ""selected_cable"": ""ТЛТ-75""}"
Труба DN76 №12;4;self_regulating;ТЛТ-40;"{""cable_mark"": null, ""pipe_length"": 336.7, ""cable_catalog"": [{""brand"": ""ТЛТ"", ""model"": ""ТЛТ-10"", ""source"": ""builtin"", ""voltage"": 220, ""max_temperature"": 65, ""min_temperature"": -40, ""power_per_meter"": 10}, {""brand"": ""ТЛТ"", ""model"": ""ТЛТ-15"", ""source"": ""builtin"", ""voltage"": 220, ""max_temperature"": 65, ""min_temperature"": -40, ""power_per_meter"": 15}, {""brand"": ""ТЛТ"", ""model"": ""ТЛТ-20"", ""source"": ""builtin"", ""voltage"": 220, ""max_temperature"": 65, ""min_temperature"": -40, ""power_per_meter"": 20}, {""brand"": ""ТЛТ"", ""model"": ""ТЛТ-25"", ""source"": ""builtin"", ""voltage"": 220, ""max_temperature"": 85, ""min_temperature"": -50, ""power_per_meter"": 25}, {""brand"": ""ТЛТ"", ""model"": ""ТЛТ-30"", ""source"": ""builtin"", ""voltage"": 220, ""max_temperature"": 85, ""min_temperature"": -50, ""power_per_meter"": 30}, {""brand"": ""ТЛТ"", ""model"": ""ТЛТ-40"", ""source"": ""builtin"", ""voltage"": 220, ""max_temperature"": 110, ""min_temperature"": -50, ""power_per_meter"": 40}, {""brand"": ""ТЛТ"", ""model"": ""ТЛТ-50"", ""source"": ""builtin"", ""voltage"": 220, ""max_temperature"": 110, ""min_temperature"": -50, ""power_per_meter"": 50}, {""brand"": ""ТЛТ"", ""model"": ""ТЛТ-60"", ""source"": ""builtin"", ""voltage"": 220, ""max_temperature"": 120, ""min_temperature"": -55, ""power_per_meter"": 60}, {""brand"": ""ТЛТ"", ""model"": ""ТЛТ-75"", ""source"": ""builtin"", ""voltage"": 220, ""max_temperature"": 120, ""min_temperature"": -55, ""power_per_meter"": 75}, {""brand"": ""ТЛТ"", ""model"": ""ТЛТ-100"", ""source"": ""builtin"", ""voltage"": 220, ""max_temperature"": 150, ""min_temperature"": -60, ""power_per_meter"": 100}], ""safety_factor"": 1.1, ""supply_voltage"": 220.0, ""ambient_temperature"": -30.0, ""process_temperature"": 60.0, ""required_power_per_meter"": 27.631}";"{""current"": 67.34, ""voltage"": 220.0, ""total_power"": 14814.8, ""cable_length"": 370.37, ""selected_cable"": ""ТЛТ-40""}"
Труба DN219 №15;4;self_regulating;ТЛТ-40;"{""cable_mark"": null, ""pipe_length"": 137.5, ""cable_catalog"": [{""brand"": ""ТЛТ"", ""model"": ""ТЛТ-10"", ""source"": ""builtin"", ""voltage"": 220, ""max_temperature"": 65, ""min_temperature"": -40, ""power_per_meter"": 10}, {""brand"": ""ТЛТ"", ""model"": ""ТЛТ-15"", ""source"": ""builtin"", ""voltage"": 220, ""max_temperature"": 65, ""min_temperature"": -40, ""power_per_meter"": 15}, {""brand"": ""ТЛТ"", ""model"": ""ТЛТ-20"", ""source"": ""builtin"", ""voltage"": 220, ""max_temperature"": 65, ""min_temperature"": -40, ""power_per_meter"": 20}, {""brand"": ""ТЛТ"", ""model"": ""ТЛТ-25"", ""source"": ""builtin"", ""voltage"": 220, ""max_temperature"": 85, ""min_temperature"": -50, ""power_per_meter"": 25}, {""brand"": ""ТЛТ"", ""model"": ""ТЛТ-30"", ""source"": ""builtin"", ""voltage"": 220, ""max_temperature"": 85, ""min_temperature"": -50, ""power_per_meter"": 30}, {""brand"": ""ТЛТ"", ""model"": ""ТЛТ-40"", ""source"": ""builtin"", ""voltage"": 220, ""max_temperature"": 110, ""min_temperature"": -50, ""power_per_meter"": 40}, {""brand"": ""ТЛТ"", ""model"": ""ТЛТ-50"", ""source"": ""builtin"", ""voltage"": 220, ""max_temperature"": 110, ""min_temperature"": -50, ""power_per_meter"": 50}, {""brand"": ""ТЛТ"", ""model"": ""ТЛТ-60"", ""source"": ""builtin"", ""voltage"": 220, ""max_temperature"": 120, ""min_temperature"": -55, ""power_per_meter"": 60}, {""brand"": ""ТЛТ"", ""model"": ""ТЛТ-75"", ""source"": ""builtin"", ""voltage"": 220, ""max_temperature"": 120, ""min_temperature"": -55, ""power_per_meter"": 75}, {""brand"": ""ТЛТ"", ""model"": ""ТЛТ-100"", ""source"": ""builtin"", ""voltage"": 220, ""max_temperature"": 150, ""min_temperature"": -60, ""power_per_meter"": 100}], ""safety_factor"": 1.1, ""supply_voltage"": 220.0, ""ambient_temperature"": -10.0, ""process_temperature"": 70.0, ""required_power_per_meter"": 32.632}";"{""current"": 27.5, ""voltage"": 220.0, ""total_power"": 6050.0, ""cable_length"": 151.25, ""selected_cable"": ""ТЛТ-40""}"
Труба DN89 №31;4;self_regulating;ТЛТ-75;"{""cable_mark"": null, ""pipe_length"": 296.3, ""cable_catalog"": [{""brand"": ""ТЛТ"", ""model"": ""ТЛТ-10"", ""source"": ""builtin"", ""voltage"": 220, ""max_temperature"": 65, ""min_temperature"": -40, ""power_per_meter"": 10}, {""brand"": ""ТЛТ"", ""model"": ""ТЛТ-15"", ""source"": ""builtin"", ""voltage"": 220, ""max_temperature"": 65, ""min_temperature"": -40, ""power_per_meter"": 15}, {""brand"": ""ТЛТ"", ""model"": ""ТЛТ-20"", ""source"": ""builtin"", ""voltage"": 220, ""max_temperature"": 65, ""min_temperature"": -40, ""power_per_meter"": 20}, {""brand"": ""ТЛТ"", ""model"": ""ТЛТ-25"", ""source"": ""builtin"", ""voltage"": 220, ""max_temperature"": 85, ""min_temperature"": -50, ""power_per_meter"": 25}, {""brand"": ""ТЛТ"", ""model"": ""ТЛТ-30"", ""source"": ""builtin"", ""voltage"": 220, ""max_temperature"": 85, ""min_temperature"": -50, ""power_per_meter"": 30}, {""brand"": ""ТЛТ"", ""model"": ""ТЛТ-40"", ""source"": ""builtin"", ""voltage"": 220, ""max_temperature"": 110, ""min_temperature"": -50, ""power_per_meter"": 40}, {""brand"": ""ТЛТ"", ""model"": ""ТЛТ-50"", ""source"": ""builtin"", ""voltage"": 220, ""max_temperature"": 110, ""min_temperature"": -50, ""power_per_meter"": 50}, {""brand"": ""ТЛТ"", ""model"": ""ТЛТ-60"", ""source"": ""builtin"", ""voltage"": 220, ""max_temperature"": 120, ""min_temperature"": -55, ""power_per_meter"": 60}, {""brand"": ""ТЛТ"", ""model"": ""ТЛТ-75"", ""source"": ""builtin"", ""voltage"": 220, ""max_temperature"": 120, ""min_temperature"": -55, ""power_per_meter"": 75}, {""brand"": ""ТЛТ"", ""model"": ""ТЛТ-100"", ""source"": ""builtin"", ""voltage"": 220, ""max_temperature"": 150, ""min_temperature"": -60, ""power_per_meter"": 100}], ""safety_factor"": 1.1, ""supply_voltage"": 220.0, ""ambient_temperature"": -40.0, ""process_temperature"": 70.0, ""required_power_per_meter"": 54.816}";"{""current"": 111.113, ""voltage"": 220.0, ""total_power"": 24444.75, ""cable_length"": 325.93, ""selected_cable"": ""ТЛТ-75""}"
Труба DN114 №10;4;self_regulating;ТЛТ-50;"{""cable_mark"": null, ""pipe_length"": 492.7, ""cable_catalog"": [{""brand"": ""ТЛТ"", ""model"": ""ТЛТ-10"", ""source"": ""builtin"", ""voltage"": 220, ""max_temperature"": 65, ""min_temperature"": -40, ""power_per_meter"": 10}, {""brand"": ""ТЛТ"", ""model"": ""ТЛТ-15"", ""source"": ""builtin"", ""voltage"": 220, ""max_temperature"": 65, ""min_temperature"": -40, ""power_per_meter"": 15}, {""brand"": ""ТЛТ"", ""model"": ""ТЛТ-20"", ""source"": ""builtin"", ""voltage"": 220, ""max_temperature"": 65, ""min_temperature"": -40, ""power_per_meter"": 20}, {""brand"": ""ТЛТ"", ""model"": ""ТЛТ-25"", ""source"": ""builtin"", ""voltage"": 220, ""max_temperature"": 85, ""min_temperature"": -50, ""power_per_meter"": 25}, {""brand"": ""ТЛТ"", ""model"": ""ТЛТ-30"", ""source"": ""builtin"", ""voltage"": 220, ""max_temperature"": 85, ""min_temperature"": -50, ""power_per_meter"": 30}, {""brand"": ""ТЛТ"", ""model"": ""ТЛТ-40"", ""source"": ""builtin"", ""voltage"": 220, ""max_temperature"": 110, ""min_temperature"": -50, ""power_per_meter"": 40}, {""brand"": ""ТЛТ"", ""model"": ""ТЛТ-50"", ""source"": ""builtin"", ""voltage"": 220, ""max_temperature"": 110, ""min_temperature"": -50, ""power_per_meter"": 50}, {""brand"": ""ТЛТ"", ""model"": ""ТЛТ-60"", ""source"": ""builtin"", ""voltage"": 220, ""max_temperature"": 120, ""min_temperature"": -55, ""power_per_meter"": 60}, {""brand"": ""ТЛТ"", ""model"": ""ТЛТ-75"", ""source"": ""builtin"", ""voltage"": 220, ""max_temperature"": 120, ""min_temperature"": -55, ""power_per_meter"": 75}, {""brand"": ""ТЛТ"", ""model"": ""ТЛТ-100"", ""source"": ""builtin"", ""voltage"": 220, ""max_temperature"": 150, ""min_temperature"": -60, ""power_per_meter"": 100}], ""safety_factor"": 1.1, ""supply_voltage"": 220.0, ""ambient_temperature"": 0.0, ""process_temperature"": 80.0, ""required_power_per_meter"": 39.569}";"{""current"": 123.175, ""voltage"": 220.0, ""total_power"": 27098.5, ""cable_length"": 541.97, ""selected_cable"": ""ТЛТ-50""}"
Труба DN76 №24;4;self_regulating;ТЛТ-10;"{""cable_mark"": null, ""pipe_length"": 80.7, ""cable_catalog"": [{""brand"": ""ТЛТ"", ""model"": ""ТЛТ-10"", ""source"": ""builtin"", ""voltage"": 220, ""max_temperature"": 65, ""min_temperature"": -40, ""power_per_meter"": 10}, {""brand"": ""ТЛТ"", ""model"": ""ТЛТ-15"", ""source"": ""builtin"", ""voltage"": 220, ""max_temperature"": 65, ""min_temperature"": -40, ""power_per_meter"": 15}, {""brand"": ""ТЛТ"", ""model"": ""ТЛТ-20"", ""source"": ""builtin"", ""voltage"": 220, ""max_temperature"": 65, ""min_temperature"": -40, ""power_per_meter"": 20}, {""brand"": ""ТЛТ"", ""model"": ""ТЛТ-25"", ""source"": ""builtin"", ""voltage"": 220, ""max_temperature"": 85, ""min_temperature"": -50, ""power_per_meter"": 25}, {""brand"": ""ТЛТ"", ""model"": ""ТЛТ-30"", ""source"": ""builtin"", ""voltage"": 220, ""max_temperature"": 85, ""min_temperature"": -50, ""power_per_meter"": 30}, {""brand"": ""ТЛТ"", ""model"": ""ТЛТ-40"", ""source"": ""builtin"", ""voltage"": 220, ""max_temperature"": 110, ""min_temperature"": -50, ""power_per_meter"": 40}, {""brand"": ""ТЛТ"", ""model"": ""ТЛТ-50"", ""source"": ""builtin"", ""voltage"": 220, ""max_temperature"": 110, ""min_temperature"": -50, ""power_per_meter"": 50}, {""brand"": ""ТЛТ"", ""model"": ""ТЛТ-60"", ""source"": ""builtin"", ""voltage"": 220, ""max_temperature"": 120, ""min_temperature"": -55, ""power_per_meter"": 60}, {""brand"": ""ТЛТ"", ""model"": ""ТЛТ-75"", ""source"": ""builtin"", ""voltage"": 220, ""max_temperature"": 120, ""min_temperature"": -55, ""power_per_meter"": 75}, {""brand"": ""ТЛТ"", ""model"": ""ТЛТ-100"", ""source"": ""builtin"", ""voltage"": 220, ""max_temperature"": 150, ""min_temperature"": -60, ""power_per_meter"": 100}], ""safety_factor"": 1.1, ""supply_voltage"": 220.0, ""ambient_temperature"": 10.0, ""process_temperature"": 40.0, ""required_power_per_meter"": 5.332}";"{""current"": 4.035, ""voltage"": 220.0, ""total_power"": 887.7, ""cable_length"": 88.77, ""selected_cable"": ""ТЛТ-10""}"
Труба DN48 №17;4;self_regulating;ТЛТ-40;"{""cable_mark"": null, ""pipe_length"": 127.1, ""cable_catalog"": [{""brand"": ""ТЛТ"", ""model"": ""ТЛТ-10"", ""source"": ""builtin"", ""voltage"": 220, ""max_temperature"": 65, ""min_temperature"": -40, ""power_per_meter"": 10}, {""brand"": ""ТЛТ"", ""model"": ""ТЛТ-15"", ""source"": ""builtin"", ""voltage"": 220, ""max_temperature"": 65, ""min_temperature"": -40, ""power_per_meter"": 15}, {""brand"": ""ТЛТ"", ""model"": ""ТЛТ-20"", ""source"": ""builtin"", ""voltage"": 220, ""max_temperature"": 65, ""min_temperature"": -40, ""power_per_meter"": 20}, {""brand"": ""ТЛТ"", ""model"": ""ТЛТ-25"", ""source"": ""builtin"", ""voltage"": 220, ""max_temperature"": 85, ""min_temperature"": -50, ""power_per_meter"": 25}, {""brand"": ""ТЛТ"", ""model"": ""ТЛТ-30"", ""source"": ""builtin"", ""voltage"": 220, ""max_temperature"": 85, ""min_temperature"": -50, ""power_per_meter"": 30}, {""brand"": ""ТЛТ"", ""model"": ""ТЛТ-40"", ""source"": ""builtin"", ""voltage"": 220, ""max_temperature"": 110, ""min_temperature"": -50, ""power_per_meter"": 40}, {""brand"": ""ТЛТ"", ""model"": ""ТЛТ-50"", ""source"": ""builtin"", ""voltage"": 220, ""max_temperature"": 110, ""min_temperature"": -50, ""power_per_meter"": 50}, {""brand"": ""ТЛТ"", ""model"": ""ТЛТ-60"", ""source"": ""builtin"", ""voltage"": 220, ""max_temperature"": 120, ""min_temperature"": -55, ""power_per_meter"": 60}, {""brand"": ""ТЛТ"", ""model"": ""ТЛТ-75"", ""source"": ""builtin"", ""voltage"": 220, ""max_temperature"": 120, ""min_temperature"": -55, ""power_per_meter"": 75}, {""brand"": ""ТЛТ"", ""model"": ""ТЛТ-100"", ""source"": ""builtin"", ""voltage"": 220, ""max_temperature"": 150, ""min_temperature"": -60, ""power_per_meter"": 100}], ""safety_factor"": 1.1, ""supply_voltage"": 220.0, ""ambient_temperature"": -15.0, ""process_temperature"": 100.0, ""required_power_per_meter"": 10.227}";"{""current"": 25.42, ""voltage"": 220.0, ""total_power"": 5592.4, ""cable_length"": 139.81, ""selected_cable"": ""ТЛТ-40""}"
Труба DN133 №22;4;self_regulating;ТЛТ-25;"{""cable_mark"": null, ""pipe_length"": 60.2, ""cable_catalog"": [{""brand"": ""ТЛТ"", ""model"": ""ТЛТ-10"", ""source"": ""builtin"", ""voltage"": 220, ""max_temperature"": 65, ""min_temperature"": -40, ""power_per_meter"": 10}, {""brand"": ""ТЛТ"", ""model"": ""ТЛТ-15"", ""source"": ""builtin"", ""voltage"": 220, ""max_temperature"": 65, ""min_temperature"": -40, ""power_per_meter"": 15}, {""brand"": ""ТЛТ"", ""model"": ""ТЛТ-20"", ""source"": ""builtin"", ""voltage"": 220, ""max_temperature"": 65, ""min_temperature"": -40, ""power_per_meter"": 20}, {""brand"": ""ТЛТ"", ""model"": ""ТЛТ-25"", ""source"": ""builtin"", ""voltage"": 220, ""max_temperature"": 85, ""min_temperature"": -50, ""power_per_meter"": 25}, {""brand"": ""ТЛТ"", ""model"": ""ТЛТ-30"", ""source"": ""builtin"", ""voltage"": 220, ""max_temperature"": 85, ""min_temperature"": -50, ""power_per_meter"": 30}, {""brand"": ""ТЛТ"", ""model"": ""ТЛТ-40"", ""source"": ""builtin"", ""voltage"": 220, ""max_temperature"": 110, ""min_temperature"": -50, ""power_per_meter"": 40}, {""brand"": ""ТЛТ"", ""model"": ""ТЛТ-50"", ""source"": ""builtin"", ""voltage"": 220, ""max_temperature"": 110, ""min_temperature"": -50, ""power_per_meter"": 50}, {""brand"": ""ТЛТ"", ""model"": ""ТЛТ-60"", ""source"": ""builtin"", ""voltage"": 220, ""max_temperature"": 120, ""min_temperature"": -55, ""power_per_meter"": 60}, {""brand"": ""ТЛТ"", ""model"": ""ТЛТ-75"", ""source"": ""builtin"", ""voltage"": 220, ""max_temperature"": 120, ""min_temperature"": -55, ""power_per_meter"": 75}, {""brand"": ""ТЛТ"", ""model"": ""ТЛТ-100"", ""source"": ""builtin"", ""voltage"": 220, ""max_temperature"": 150, ""min_temperature"": -60, ""power_per_meter"": 100}], ""safety_factor"": 1.1, ""supply_voltage"": 220.0, ""ambient_temperature"": 5.0, ""process_temperature"": 40.0, ""required_power_per_meter"": 18.687}";"{""current"": 7.525, ""voltage"": 220.0, ""total_power"": 1655.5, ""cable_length"": 66.22, ""selected_cable"": ""ТЛТ-25""}"
Труба DN27 №26;4;self_regulating;ТЛТ-40;"{""cable_mark"": null, ""pipe_length"": 124.2, ""cable_catalog"": [{""brand"": ""ТЛТ"", ""model"": ""ТЛТ-10"", ""source"": ""builtin"", ""voltage"": 220, ""max_temperature"": 65, ""min_temperature"": -40, ""power_per_meter"": 10}, {""brand"": ""ТЛТ"", ""model"": ""ТЛТ-15"", ""source"": ""builtin"", ""voltage"": 220, ""max_temperature"": 65, ""min_temperature"": -40, ""power_per_meter"": 15}, {""brand"": ""ТЛТ"", ""model"": ""ТЛТ-20"", ""source"": ""builtin"", ""voltage"": 220, ""max_temperature"": 65, ""min_temperature"": -40, ""power_per_meter"": 20}, {""brand"": ""ТЛТ"", ""model"": ""ТЛТ-25"", ""source"": ""builtin"", ""voltage"": 220, ""max_temperature"": 85, ""min_temperature"": -50, ""power_per_meter"": 25}, {""brand"": ""ТЛТ"", ""model"": ""ТЛТ-30"", ""source"": ""builtin"", ""voltage"": 220, ""max_temperature"": 85, ""min_temperature"": -50, ""power_per_meter"": 30}, {""brand"": ""ТЛТ"", ""model"": ""ТЛТ-40"", ""source"": ""builtin"", ""voltage"": 220, ""max_temperature"": 110, ""min_temperature"": -50, ""power_per_meter"": 40}, {""brand"": ""ТЛТ"", ""model"": ""ТЛТ-50"", ""source"": ""builtin"", ""voltage"": 220, ""max_temperature"": 110, ""min_temperature"": -50, ""power_per_meter"": 50}, {""brand"": ""ТЛТ"", ""model"": ""ТЛТ-60"", ""source"": ""builtin"", ""voltage"": 220, ""max_temperature"": 120, ""min_temperature"": -55, ""power_per_meter"": 60}, {""brand"": ""ТЛТ"", ""model"": ""ТЛТ-75"", ""source"": ""builtin"", ""voltage"": 220, ""max_temperature"": 120, ""min_temperature"": -55, ""power_per_meter"": 75}, {""brand"": ""ТЛТ"", ""model"": ""ТЛТ-100"", ""source"": ""builtin"", ""voltage"": 220, ""max_temperature"": 150, ""min_temperature"": -60, ""power_per_meter"": 100}], ""safety_factor"": 1.1, ""supply_voltage"": 220.0, ""ambient_temperature"": -30.0, ""process_temperature"": 110.0, ""required_power_per_meter"": 20.025}";"{""current"": 24.84, ""voltage"": 220.0, ""total_power"": 5464.8, ""cable_length"": 136.62, ""selected_cable"": ""ТЛТ-40""}"
Труба DN34 №27;4;self_regulating;ТЛТ-40;"{""cable_mark"": null, ""pipe_length"": 489.1, ""cable_catalog"": [{""brand"": ""ТЛТ"", ""model"": ""ТЛТ-10"", ""source"": ""builtin"", ""voltage"": 220, ""max_temperature"": 65, ""min_temperature"": -40, ""power_per_meter"": 10}, {""brand"": ""ТЛТ"", ""model"": ""ТЛТ-15"", ""source"": ""builtin"", ""voltage"": 220, ""max_temperature"": 65, ""min_temperature"": -40, ""power_per_meter"": 15}, {""brand"": ""ТЛТ"", ""model"": ""ТЛТ-20"", ""source"": ""builtin"", ""voltage"": 220, ""max_temperature"": 65, ""min_temperature"": -40, ""power_per_meter"": 20}, {""brand"": ""ТЛТ"", ""model"": ""ТЛТ-25"", ""source"": ""builtin"", ""voltage"": 220, ""max_temperature"": 85, ""min_temperature"": -50, ""power_per_meter"": 25}, {""brand"": ""ТЛТ"", ""model"": ""ТЛТ-30"", ""source"": ""builtin"", ""voltage"": 220, ""max_temperature"": 85, ""min_temperature"": -50, ""power_per_meter"": 30}, {""brand"": ""ТЛТ"", ""model"": ""ТЛТ-40"", ""source"": ""builtin"", ""voltage"": 220, ""max_temperature"": 110, ""min_temperature"": -50, ""power_per_meter"": 40}, {""brand"": ""ТЛТ"", ""model"": ""ТЛТ-50"", ""source"": ""builtin"", ""voltage"": 220, ""max_temperature"": 110, ""min_temperature"": -50, ""power_per_meter"": 50}, {""brand"": ""ТЛТ"", ""model"": ""ТЛТ-60"", ""source"": ""builtin"", ""voltage"": 220, ""max_temperature"": 120, ""min_temperature"": -55, ""power_per_meter"": 60}, {""brand"": ""ТЛТ"", ""model"": ""ТЛТ-75"", ""source"": ""builtin"", ""voltage"": 220, ""max_temperature"": 120, ""min_temperature"": -55, ""power_per_meter"": 75}, {""brand"": ""ТЛТ"", ""model"": ""ТЛТ-100"", ""source"": ""builtin"", ""voltage"": 220, ""max_temperature"": 150, ""min_temperature"": -60, ""power_per_meter"": 100}], ""safety_factor"": 1.1, ""supply_voltage"": 220.0, ""ambient_temperature"": -25.0, ""process_temperature"": 110.0, ""required_power_per_meter"": 27.438}";"{""current"": 97.82, ""voltage"": 220.0, ""total_power"": 21520.4, ""cable_length"": 538.01, ""selected_cable"": ""ТЛТ-40""}"
Труба DN34 №32;4;self_regulating;ТЛТ-25;"{""cable_mark"": null, ""pipe_length"": 453.2, ""cable_catalog"": [{""brand"": ""ТЛТ"", ""model"": ""ТЛТ-10"", ""source"": ""builtin"", ""voltage"": 220, ""max_temperature"": 65, ""min_temperature"": -40, ""power_per_meter"": 10}, {""brand"": ""ТЛТ"", ""model"": ""ТЛТ-15"", ""source"": ""builtin"", ""voltage"": 220, ""max_temperature"": 65, ""min_temperature"": -40, ""power_per_meter"": 15}, {""brand"": ""ТЛТ"", ""model"": ""ТЛТ-20"", ""source"": ""builtin"", ""voltage"": 220, ""max_temperature"": 65, ""min_temperature"": -40, ""power_per_meter"": 20}, {""brand"": ""ТЛТ"", ""model"": ""ТЛТ-25"", ""source"": ""builtin"", ""voltage"": 220, ""max_temperature"": 85, ""min_temperature"": -50, ""power_per_meter"": 25}, {""brand"": ""ТЛТ"", ""model"": ""ТЛТ-30"", ""source"": ""builtin"", ""voltage"": 220, ""max_temperature"": 85, ""min_temperature"": -50, ""power_per_meter"": 30}, {""brand"": ""ТЛТ"", ""model"": ""ТЛТ-40"", ""source"": ""builtin"", ""voltage"": 220, ""max_temperature"": 110, ""min_temperature"": -50, ""power_per_meter"": 40}, {""brand"": ""ТЛТ"", ""model"": ""ТЛТ-50"", ""source"": ""builtin"", ""voltage"": 220, ""max_temperature"": 110, ""min_temperature"": -50, ""power_per_meter"": 50}, {""brand"": ""ТЛТ"", ""model"": ""ТЛТ-60"", ""source"": ""builtin"", ""voltage"": 220, ""max_temperature"": 120, ""min_temperature"": -55, ""power_per_meter"": 60}, {""brand"": ""ТЛТ"", ""model"": ""ТЛТ-75"", ""source"": ""builtin"", ""voltage"": 220, ""max_temperature"": 120, ""min_temperature"": -55, ""power_per_meter"": 75}, {""brand"": ""ТЛТ"", ""model"": ""ТЛТ-100"", ""source"": ""builtin"", ""voltage"": 220, ""max_temperature"": 150, ""min_temperature"": -60, ""power_per_meter"": 100}], ""safety_factor"": 1.1, ""supply_voltage"": 220.0, ""ambient_temperature"": 10.0, ""process_temperature"": 70.0, ""required_power_per_meter"": 11.869}";"{""current"": 56.65, ""voltage"": 220.0, ""total_power"": 12463.0, ""cable_length"": 498.52, ""selected_cable"": ""ТЛТ-25""}"
Труба DN325 №38;4;self_regulating;ТЛТ-60;"{""cable_mark"": null, ""pipe_length"": 128.7, ""cable_catalog"": [{""brand"": ""ТЛТ"", ""model"": ""ТЛТ-10"", ""source"": ""builtin"", ""voltage"": 220, ""max_temperature"": 65, ""min_temperature"": -40, ""power_per_meter"": 10}, {""brand"": ""ТЛТ"", ""model"": ""ТЛТ-15"", ""source"": ""builtin"", ""voltage"": 220, ""max_temperature"": 65, ""min_temperature"": -40, ""power_per_meter"": 15}, {""brand"": ""ТЛТ"", ""model"": ""ТЛТ-20"", ""source"": ""builtin"", ""voltage"": 220, ""max_temperature"": 65, ""min_temperature"": -40, ""power_per_meter"": 20}, {""brand"": ""ТЛТ"", ""model"": ""ТЛТ-25"", ""source"": ""builtin"", ""voltage"": 220, ""max_temperature"": 85, ""min_temperature"": -50, ""power_per_meter"": 25}, {""brand"": ""ТЛТ"", ""model"": ""ТЛТ-30"", ""source"": ""builtin"", ""voltage"": 220, ""max_temperature"": 85, ""min_temperature"": -50, ""power_per_meter"": 30}, {""brand"": ""ТЛТ"", ""model"": ""ТЛТ-40"", ""source"": ""builtin"", ""voltage"": 220, ""max_temperature"": 110, ""min_temperature"": -50, ""power_per_meter"": 40}, {""brand"": ""ТЛТ"", ""model"": ""ТЛТ-50"", ""source"": ""builtin"", ""voltage"": 220, ""max_temperature"": 110, ""min_temperature"": -50, ""power_per_meter"": 50}, {""brand"": ""ТЛТ"", ""model"": ""ТЛТ-60"", ""source"": ""builtin"", ""voltage"": 220, ""max_temperature"": 120, ""min_temperature"": -55, ""power_per_meter"": 60}, {""brand"": ""ТЛТ"", ""model"": ""ТЛТ-75"", ""source"": ""builtin"", ""voltage"": 220, ""max_temperature"": 120, ""min_temperature"": -55, ""power_per_meter"": 75}, {""brand"": ""ТЛТ"", ""model"": ""ТЛТ-100"", ""source"": ""builtin"", ""voltage"": 220, ""max_temperature"": 150, ""min_temperature"": -60, ""power_per_meter"": 100}], ""safety_factor"": 1.1, ""supply_voltage"": 220.0, ""ambient_temperature"": 10.0, ""process_temperature"": 50.0, ""required_power_per_meter"": 51.226}";"{""current"": 38.61, ""voltage"": 220.0, ""total_power"": 8494.2, ""cable_length"": 141.57, ""selected_cable"": ""ТЛТ-60""}"
Труба DN27 №36;4;self_regulating;ТЛТ-25;"{""cable_mark"": null, ""pipe_length"": 204.3, ""cable_catalog"": [{""brand"": ""ТЛТ"", ""model"": ""ТЛТ-10"", ""source"": ""builtin"", ""voltage"": 220, ""max_temperature"": 65, ""min_temperature"": -40, ""power_per_meter"": 10}, {""brand"": ""ТЛТ"", ""model"": ""ТЛТ-15"", ""source"": ""builtin"", ""voltage"": 220, ""max_temperature"": 65, ""min_temperature"": -40, ""power_per_meter"": 15}, {""brand"": ""ТЛТ"", ""model"": ""ТЛТ-20"", ""source"": ""builtin"", ""voltage"": 220, ""max_temperature"": 65, ""min_temperature"": -40, ""power_per_meter"": 20}, {""brand"": ""ТЛТ"", ""model"": ""ТЛТ-25"", ""source"": ""builtin"", ""voltage"": 220, ""max_temperature"": 85, ""min_temperature"": -50, ""power_per_meter"": 25}, {""brand"": ""ТЛТ"", ""model"": ""ТЛТ-30"", ""source"": ""builtin"", ""voltage"": 220, ""max_temperature"": 85, ""min_temperature"": -50, ""power_per_meter"": 30}, {""brand"": ""ТЛТ"", ""model"": ""ТЛТ-40"", ""source"": ""builtin"", ""voltage"": 220, ""max_temperature"": 110, ""min_temperature"": -50, ""power_per_meter"": 40}, {""brand"": ""ТЛТ"", ""model"": ""ТЛТ-50"", ""source"": ""builtin"", ""voltage"": 220, ""max_temperature"": 110, ""min_temperature"": -50, ""power_per_meter"": 50}, {""brand"": ""ТЛТ"", ""model"": ""ТЛТ-60"", ""source"": ""builtin"", ""voltage"": 220, ""max_temperature"": 120, ""min_temperature"": -55, ""power_per_meter"": 60}, {""brand"": ""ТЛТ"", ""model"": ""ТЛТ-75"", ""source"": ""builtin"", ""voltage"": 220, ""max_temperature"": 120, ""min_temperature"": -55, ""power_per_meter"": 75}, {""brand"": ""ТЛТ"", ""model"": ""ТЛТ-100"", ""source"": ""builtin"", ""voltage"": 220, ""max_temperature"": 150, ""min_temperature"": -60, ""power_per_meter"": 100}], ""safety_factor"": 1.1, ""supply_voltage"": 220.0, ""ambient_temperature"": -20.0, ""process_temperature"": 70.0, ""required_power_per_meter"": 15.811}";"{""current"": 25.538, ""voltage"": 220.0, ""total_power"": 5618.25, ""cable_length"": 224.73, ""selected_cable"": ""ТЛТ-25""}"
Труба DN108 №33;4;self_regulating;ТЛТ-40;"{""cable_mark"": null, ""pipe_length"": 336.1, ""cable_catalog"": [{""brand"": ""ТЛТ"", ""model"": ""ТЛТ-10"", ""source"": ""builtin"", ""voltage"": 220, ""max_temperature"": 65, ""min_temperature"": -40, ""power_per_meter"": 10}, {""brand"": ""ТЛТ"", ""model"": ""ТЛТ-15"", ""source"": ""builtin"", ""voltage"": 220, ""max_temperature"": 65, ""min_temperature"": -40, ""power_per_meter"": 15}, {""brand"": ""ТЛТ"", ""model"": ""ТЛТ-20"", ""source"": ""builtin"", ""voltage"": 220, ""max_temperature"": 65, ""min_temperature"": -40, ""power_per_meter"": 20}, {""brand"": ""ТЛТ"", ""model"": ""ТЛТ-25"", ""source"": ""builtin"", ""voltage"": 220, ""max_temperature"": 85, ""min_temperature"": -50, ""power_per_meter"": 25}, {""brand"": ""ТЛТ"", ""model"": ""ТЛТ-30"", ""source"": ""builtin"", ""voltage"": 220, ""max_temperature"": 85, ""min_temperature"": -50, ""power_per_meter"": 30}, {""brand"": ""ТЛТ"", ""model"": ""ТЛТ-40"", ""source"": ""builtin"", ""voltage"": 220, ""max_temperature"": 110, ""min_temperature"": -50, ""power_per_meter"": 40}, {""brand"": ""ТЛТ"", ""model"": ""ТЛТ-50"", ""source"": ""builtin"", ""voltage"": 220, ""max_temperature"": 110, ""min_temperature"": -50, ""power_per_meter"": 50}, {""brand"": ""ТЛТ"", ""model"": ""ТЛТ-60"", ""source"": ""builtin"", ""voltage"": 220, ""max_temperature"": 120, ""min_temperature"": -55, ""power_per_meter"": 60}, {""brand"": ""ТЛТ"", ""model"": ""ТЛТ-75"", ""source"": ""builtin"", ""voltage"": 220, ""max_temperature"": 120, ""min_temperature"": -55, ""power_per_meter"": 75}, {""brand"": ""ТЛТ"", ""model"": ""ТЛТ-100"", ""source"": ""builtin"", ""voltage"": 220, ""max_temperature"": 150, ""min_temperature"": -60, ""power_per_meter"": 100}], ""safety_factor"": 1.1, ""supply_voltage"": 220.0, ""ambient_temperature"": -25.0, ""process_temperature"": 110.0, ""required_power_per_meter"": 31.056}";"{""current"": 67.22, ""voltage"": 220.0, ""total_power"": 14788.4, ""cable_length"": 369.71, ""selected_cable"": ""ТЛТ-40""}"
Труба DN27 №39;4;self_regulating;ТЛТ-25;"{""cable_mark"": null, ""pipe_length"": 327.8, ""cable_catalog"": [{""brand"": ""ТЛТ"", ""model"": ""ТЛТ-10"", ""source"": ""builtin"", ""voltage"": 220, ""max_temperature"": 65, ""min_temperature"": -40, ""power_per_meter"": 10}, {""brand"": ""ТЛТ"", ""model"": ""ТЛТ-15"", ""source"": ""builtin"", ""voltage"": 220, ""max_temperature"": 65, ""min_temperature"": -40, ""power_per_meter"": 15}, {""brand"": ""ТЛТ"", ""model"": ""ТЛТ-20"", ""source"": ""builtin"", ""voltage"": 220, ""max_temperature"": 65, ""min_temperature"": -40, ""power_per_meter"": 20}, {""brand"": ""ТЛТ"", ""model"": ""ТЛТ-25"", ""source"": ""builtin"", ""voltage"": 220, ""max_temperature"": 85, ""min_temperature"": -50, ""power_per_meter"": 25}, {""brand"": ""ТЛТ"", ""model"": ""ТЛТ-30"", ""source"": ""builtin"", ""voltage"": 220, ""max_temperature"": 85, ""min_temperature"": -50, ""power_per_meter"": 30}, {""brand"": ""ТЛТ"", ""model"": ""ТЛТ-40"", ""source"": ""builtin"", ""voltage"": 220, ""max_temperature"": 110, ""min_temperature"": -50, ""power_per_meter"": 40}, {""brand"": ""ТЛТ"", ""model"": ""ТЛТ-50"", ""source"": ""builtin"", ""voltage"": 220, ""max_temperature"": 110, ""min_temperature"": -50, ""power_per_meter"": 50}, {""brand"": ""ТЛТ"", ""model"": ""ТЛТ-60"", ""source"": ""builtin"", ""voltage"": 220, ""max_temperature"": 120, ""min_temperature"": -55, ""power_per_meter"": 60}, {""brand"": ""ТЛТ"", ""model"": ""ТЛТ-75"", ""source"": ""builtin"", ""voltage"": 220, ""max_temperature"": 120, ""min_temperature"": -55, ""power_per_meter"": 75}, {""brand"": ""ТЛТ"", ""model"": ""ТЛТ-100"", ""source"": ""builtin"", ""voltage"": 220, ""max_temperature"": 150, ""min_temperature"": -60, ""power_per_meter"": 100}], ""safety_factor"": 1.1, ""supply_voltage"": 220.0, ""ambient_temperature"": -30.0, ""process_temperature"": 70.0, ""required_power_per_meter"": 14.303}";"{""current"": 40.975, ""voltage"": 220.0, ""total_power"": 9014.5, ""cable_length"": 360.58, ""selected_cable"": ""ТЛТ-25""}"
Труба DN57 №45;4;self_regulating;ТЛТ-20;"{""cable_mark"": null, ""pipe_length"": 33.2, ""cable_catalog"": [{""brand"": ""ТЛТ"", ""model"": ""ТЛТ-10"", ""source"": ""builtin"", ""voltage"": 220, ""max_temperature"": 65, ""min_temperature"": -40, ""power_per_meter"": 10}, {""brand"": ""ТЛТ"", ""model"": ""ТЛТ-15"", ""source"": ""builtin"", ""voltage"": 220, ""max_temperature"": 65, ""min_temperature"": -40, ""power_per_meter"": 15}, {""brand"": ""ТЛТ"", ""model"": ""ТЛТ-20"", ""source"": ""builtin"", ""voltage"": 220, ""max_temperature"": 65, ""min_temperature"": -40, ""power_per_meter"": 20}, {""brand"": ""ТЛТ"", ""model"": ""ТЛТ-25"", ""source"": ""builtin"", ""voltage"": 220, ""max_temperature"": 85, ""min_temperature"": -50, ""power_per_meter"": 25}, {""brand"": ""ТЛТ"", ""model"": ""ТЛТ-30"", ""source"": ""builtin"", ""voltage"": 220, ""max_temperature"": 85, ""min_temperature"": -50, ""power_per_meter"": 30}, {""brand"": ""ТЛТ"", ""model"": ""ТЛТ-40"", ""source"": ""builtin"", ""voltage"": 220, ""max_temperature"": 110, ""min_temperature"": -50, ""power_per_meter"": 40}, {""brand"": ""ТЛТ"", ""model"": ""ТЛТ-50"", ""source"": ""builtin"", ""voltage"": 220, ""max_temperature"": 110, ""min_temperature"": -50, ""power_per_meter"": 50}, {""brand"": ""ТЛТ"", ""model"": ""ТЛТ-60"", ""source"": ""builtin"", ""voltage"": 220, ""max_temperature"": 120, ""min_temperature"": -55, ""power_per_meter"": 60}, {""brand"": ""ТЛТ"", ""model"": ""ТЛТ-75"", ""source"": ""builtin"", ""voltage"": 220, ""max_temperature"": 120, ""min_temperature"": -55, ""power_per_meter"": 75}, {""brand"": ""ТЛТ"", ""model"": ""ТЛТ-100"", ""source"": ""builtin"", ""voltage"": 220, ""max_temperature"": 150, ""min_temperature"": -60, ""power_per_meter"": 100}], ""safety_factor"": 1.1, ""supply_voltage"": 220.0, ""ambient_temperature"": -25.0, ""process_temperature"": 50.0, ""required_power_per_meter"": 15.449}";"{""current"": 3.32, ""voltage"": 220.0, ""total_power"": 730.4, ""cable_length"": 36.52, ""selected_cable"": ""ТЛТ-20""}"
Труба DN133 №44;4;self_regulating;ТЛТ-60;"{""cable_mark"": null, ""pipe_length"": 33.3, ""cable_catalog"": [{""brand"": ""ТЛТ"", ""model"": ""ТЛТ-10"", ""source"": ""builtin"", ""voltage"": 220, ""max_temperature"": 65, ""min_temperature"": -40, ""power_per_meter"": 10}, {""brand"": ""ТЛТ"", ""model"": ""ТЛТ-15"", ""source"": ""builtin"", ""voltage"": 220, ""max_temperature"": 65, ""min_temperature"": -40, ""power_per_meter"": 15}, {""brand"": ""ТЛТ"", ""model"": ""ТЛТ-20"", ""source"": ""builtin"", ""voltage"": 220, ""max_temperature"": 65, ""min_temperature"": -40, ""power_per_meter"": 20}, {""brand"": ""ТЛТ"", ""model"": ""ТЛТ-25"", ""source"": ""builtin"", ""voltage"": 220, ""max_temperature"": 85, ""min_temperature"": -50, ""power_per_meter"": 25}, {""brand"": ""ТЛТ"", ""model"": ""ТЛТ-30"", ""source"": ""builtin"", ""voltage"": 220, ""max_temperature"": 85, ""min_temperature"": -50, ""power_per_meter"": 30}, {""brand"": ""ТЛТ"", ""model"": ""ТЛТ-40"", ""source"": ""builtin"", ""voltage"": 220, ""max_temperature"": 110, ""min_temperature"": -50, ""power_per_meter"": 40}, {""brand"": ""ТЛТ"", ""model"": ""ТЛТ-50"", ""source"": ""builtin"", ""voltage"": 220, ""max_temperature"": 110, ""min_temperature"": -50, ""power_per_meter"": 50}, {""brand"": ""ТЛТ"", ""model"": ""ТЛТ-60"", ""source"": ""builtin"", ""voltage"": 220, ""max_temperature"": 120, ""min_temperature"": -55, ""power_per_meter"": 60}, {""brand"": ""ТЛТ"", ""model"": ""ТЛТ-75"", ""source"": ""builtin"", ""voltage"": 220, ""max_temperature"": 120, ""min_temperature"": -55, ""power_per_meter"": 75}, {""brand"": ""ТЛТ"", ""model"": ""ТЛТ-100"", ""source"": ""builtin"", ""voltage"": 220, ""max_temperature"": 150, ""min_temperature"": -60, ""power_per_meter"": 100}], ""safety_factor"": 1.1, ""supply_voltage"": 220.0, ""ambient_temperature"": 10.0, ""process_temperature"": 120.0, ""required_power_per_meter"": 32.337}";"{""current"": 9.99, ""voltage"": 220.0, ""total_power"": 2197.8, ""cable_length"": 36.63, ""selected_cable"": ""ТЛТ-60""}"
Труба DN219 №49;4;self_regulating;ТЛТ-40;"{""cable_mark"": null, ""pipe_length"": 69.8, ""cable_catalog"": [{""brand"": ""ТЛТ"", ""model"": ""ТЛТ-10"", ""source"": ""builtin"", ""voltage"": 220, ""max_temperature"": 65, ""min_temperature"": -40, ""power_per_meter"": 10}, {""brand"": ""ТЛТ"", ""model"": ""ТЛТ-15"", ""source"": ""builtin"", ""voltage"": 220, ""max_temperature"": 65, ""min_temperature"": -40, ""power_per_meter"": 15}, {""brand"": ""ТЛТ"", ""model"": ""ТЛТ-20"", ""source"": ""builtin"", ""voltage"": 220, ""max_temperature"": 65, ""min_temperature"": -40, ""power_per_meter"": 20}, {""brand"": ""ТЛТ"", ""model"": ""ТЛТ-25"", ""source"": ""builtin"", ""voltage"": 220, ""max_temperature"": 85, ""min_temperature"": -50, ""power_per_meter"": 25}, {""brand"": ""ТЛТ"", ""model"": ""ТЛТ-30"", ""source"": ""builtin"", ""voltage"": 220, ""max_temperature"": 85, ""min_temperature"": -50, ""power_per_meter"": 30}, {""brand"": ""ТЛТ"", ""model"": ""ТЛТ-40"", ""source"": ""builtin"", ""voltage"": 220, ""max_temperature"": 110, ""min_temperature"": -50, ""power_per_meter"": 40}, {""brand"": ""ТЛТ"", ""model"": ""ТЛТ-50"", ""source"": ""builtin"", ""voltage"": 220, ""max_temperature"": 110, ""min_temperature"": -50, ""power_per_meter"": 50}, {""brand"": ""ТЛТ"", ""model"": ""ТЛТ-60"", ""source"": ""builtin"", ""voltage"": 220, ""max_temperature"": 120, ""min_temperature"": -55, ""power_per_meter"": 60}, {""brand"": ""ТЛТ"", ""model"": ""ТЛТ-75"", ""source"": ""builtin"", ""voltage"": 220, ""max_temperature"": 120, ""min_temperature"": -55, ""power_per_meter"": 75}, {""brand"": ""ТЛТ"", ""model"": ""ТЛТ-100"", ""source"": ""builtin"", ""voltage"": 220, ""max_temperature"": 150, ""min_temperature"": -60, ""power_per_meter"": 100}], ""safety_factor"": 1.1, ""supply_voltage"": 220.0, ""ambient_temperature"": 5.0, ""process_temperature"": 90.0, ""required_power_per_meter"": 22.647}";"{""current"": 13.96, ""voltage"": 220.0, ""total_power"": 3071.2, ""cable_length"": 76.78, ""selected_cable"": ""ТЛТ-40""}"
Труба DN159 №52;4;self_regulating;ТЛТ-60;"{""cable_mark"": null, ""pipe_length"": 146.1, ""cable_catalog"": [{""brand"": ""ТЛТ"", ""model"": ""ТЛТ-10"", ""source"": ""builtin"", ""voltage"": 220, ""max_temperature"": 65, ""min_temperature"": -40, ""power_per_meter"": 10}, {""brand"": ""ТЛТ"", ""model"": ""ТЛТ-15"", ""source"": ""builtin"", ""voltage"": 220, ""max_temperature"": 65, ""min_temperature"": -40, ""power_per_meter"": 15}, {""brand"": ""ТЛТ"", ""model"": ""ТЛТ-20"", ""source"": ""builtin"", ""voltage"": 220, ""max_temperature"": 65, ""min_temperature"": -40, ""power_per_meter"": 20}, {""brand"": ""ТЛТ"", ""model"": ""ТЛТ-25"", ""source"": ""builtin"", ""voltage"": 220, ""max_temperature"": 85, ""min_temperature"": -50, ""power_per_meter"": 25}, {""brand"": ""ТЛТ"", ""model"": ""ТЛТ-30"", ""source"": ""builtin"", ""voltage"": 220, ""max_temperature"": 85, ""min_temperature"": -50, ""power_per_meter"": 30}, {""brand"": ""ТЛТ"", ""model"": ""ТЛТ-40"", ""source"": ""builtin"", ""voltage"": 220, ""max_temperature"": 110, ""min_temperature"": -50, ""power_per_meter"": 40}, {""brand"": ""ТЛТ"", ""model"": ""ТЛТ-50"", ""source"": ""builtin"", ""voltage"": 220, ""max_temperature"": 110, ""min_temperature"": -50, ""power_per_meter"": 50}, {""brand"": ""ТЛТ"", ""model"": ""ТЛТ-60"", ""source"": ""builtin"", ""voltage"": 220, ""max_temperature"": 120, ""min_temperature"": -55, ""power_per_meter"": 60}, {""brand"": ""ТЛТ"", ""model"": ""ТЛТ-75"", ""source"": ""builtin"", ""voltage"": 220, ""max_temperature"": 120, ""min_temperature"": -55, ""power_per_meter"": 75}, {""brand"": ""ТЛТ"", ""model"": ""ТЛТ-100"", ""source"": ""builtin"", ""voltage"": 220, ""max_temperature"": 150, ""min_temperature"": -60, ""power_per_meter"": 100}], ""safety_factor"": 1.1, ""supply_voltage"": 220.0, ""ambient_temperature"": -15.0, ""process_temperature"": 120.0, ""required_power_per_meter"": 30.963}";"{""current"": 43.83, ""voltage"": 220.0, ""total_power"": 9642.6, ""cable_length"": 160.71, ""selected_cable"": ""ТЛТ-60""}"
Труба DN34 №59;4;self_regulating;ТЛТ-10;"{""cable_mark"": null, ""pipe_length"": 472.8, ""cable_catalog"": [{""brand"": ""ТЛТ"", ""model"": ""ТЛТ-10"", ""source"": ""builtin"", ""voltage"": 220, ""max_temperature"": 65, ""min_temperature"": -40, ""power_per_meter"": 10}, {""brand"": ""ТЛТ"", ""model"": ""ТЛТ-15"", ""source"": ""builtin"", ""voltage"": 220, ""max_temperature"": 65, ""min_temperature"": -40, ""power_per_meter"": 15}, {""brand"": ""ТЛТ"", ""model"": ""ТЛТ-20"", ""source"": ""builtin"", ""voltage"": 220, ""max_temperature"": 65, ""min_temperature"": -40, ""power_per_meter"": 20}, {""brand"": ""ТЛТ"", ""model"": ""ТЛТ-25"", ""source"": ""builtin"", ""voltage"": 220, ""max_temperature"": 85, ""min_temperature"": -50, ""power_per_meter"": 25}, {""brand"": ""ТЛТ"", ""model"": ""ТЛТ-30"", ""source"": ""builtin"", ""voltage"": 220, ""max_temperature"": 85, ""min_temperature"": -50, ""power_per_meter"": 30}, {""brand"": ""ТЛТ"", ""model"": ""ТЛТ-40"", ""source"": ""builtin"", ""voltage"": 220, ""max_temperature"": 110, ""min_temperature"": -50, ""power_per_meter"": 40}, {""brand"": ""ТЛТ"", ""model"": ""ТЛТ-50"", ""source"": ""builtin"", ""voltage"": 220, ""max_temperature"": 110, ""min_temperature"": -50, ""power_per_meter"": 50}, {""brand"": ""ТЛТ"", ""model"": ""ТЛТ-60"", ""source"": ""builtin"", ""voltage"": 220, ""max_temperature"": 120, ""min_temperature"": -55, ""power_per_meter"": 60}, {""brand"": ""ТЛТ"", ""model"": ""ТЛТ-75"", ""source"": ""builtin"", ""voltage"": 220, ""max_temperature"": 120, ""min_temperature"": -55, ""power_per_meter"": 75}, {""brand"": ""ТЛТ"", ""model"": ""ТЛТ-100"", ""source"": ""builtin"", ""voltage"": 220, ""max_temperature"": 150, ""min_temperature"": -60, ""power_per_meter"": 100}], ""safety_factor"": 1.1, ""supply_voltage"": 220.0, ""ambient_temperature"": 10.0, ""process_temperature"": 40.0, ""required_power_per_meter"": 5.545}";"{""current"": 23.64, ""voltage"": 220.0, ""total_power"": 5200.8, ""cable_length"": 520.08, ""selected_cable"": ""ТЛТ-10""}"
Шар. бак №8;4;self_regulating;ТЛТ-100;"{""cable_mark"": null, ""pipe_length"": 1.0, ""cable_catalog"": [{""brand"": ""ТЛТ"", ""model"": ""ТЛТ-10"", ""source"": ""builtin"", ""voltage"": 220, ""max_temperature"": 65, ""min_temperature"": -40, ""power_per_meter"": 10}, {""brand"": ""ТЛТ"", ""model"": ""ТЛТ-15"", ""source"": ""builtin"", ""voltage"": 220, ""max_temperature"": 65, ""min_temperature"": -40, ""power_per_meter"": 15}, {""brand"": ""ТЛТ"", ""model"": ""ТЛТ-20"", ""source"": ""builtin"", ""voltage"": 220, ""max_temperature"": 65, ""min_temperature"": -40, ""power_per_meter"": 20}, {""brand"": ""ТЛТ"", ""model"": ""ТЛТ-25"", ""source"": ""builtin"", ""voltage"": 220, ""max_temperature"": 85, ""min_temperature"": -50, ""power_per_meter"": 25}, {""brand"": ""ТЛТ"", ""model"": ""ТЛТ-30"", ""source"": ""builtin"", ""voltage"": 220, ""max_temperature"": 85, ""min_temperature"": -50, ""power_per_meter"": 30}, {""brand"": ""ТЛТ"", ""model"": ""ТЛТ-40"", ""source"": ""builtin"", ""voltage"": 220, ""max_temperature"": 110, ""min_temperature"": -50, ""power_per_meter"": 40}, {""brand"": ""ТЛТ"", ""model"": ""ТЛТ-50"", ""source"": ""builtin"", ""voltage"": 220, ""max_temperature"": 110, ""min_temperature"": -50, ""power_per_meter"": 50}, {""brand"": ""ТЛТ"", ""model"": ""ТЛТ-60"", ""source"": ""builtin"", ""voltage"": 220, ""max_temperature"": 120, ""min_temperature"": -55, ""power_per_meter"": 60}, {""brand"": ""ТЛТ"", ""model"": ""ТЛТ-75"", ""source"": ""builtin"", ""voltage"": 220, ""max_temperature"": 120, ""min_temperature"": -55, ""power_per_meter"": 75}, {""brand"": ""ТЛТ"", ""model"": ""ТЛТ-100"", ""source"": ""builtin"", ""voltage"": 220, ""max_temperature"": 150, ""min_temperature"": -60, ""power_per_meter"": 100}], ""safety_factor"": 1.1, ""supply_voltage"": 220.0, ""ambient_temperature"": -40.0, ""process_temperature"": 80.0, ""required_power_per_meter"": 84.534}";"{""current"": 0.5, ""voltage"": 220.0, ""total_power"": 110.0, ""cable_length"": 1.1, ""selected_cable"": ""ТЛТ-100""}"
Прям. бак №17;4;self_regulating;ТЛТ-25;"{""cable_mark"": null, ""pipe_length"": 3.0, ""cable_catalog"": [{""brand"": ""ТЛТ"", ""model"": ""ТЛТ-10"", ""source"": ""builtin"", ""voltage"": 220, ""max_temperature"": 65, ""min_temperature"": -40, ""power_per_meter"": 10}, {""brand"": ""ТЛТ"", ""model"": ""ТЛТ-15"", ""source"": ""builtin"", ""voltage"": 220, ""max_temperature"": 65, ""min_temperature"": -40, ""power_per_meter"": 15}, {""brand"": ""ТЛТ"", ""model"": ""ТЛТ-20"", ""source"": ""builtin"", ""voltage"": 220, ""max_temperature"": 65, ""min_temperature"": -40, ""power_per_meter"": 20}, {""brand"": ""ТЛТ"", ""model"": ""ТЛТ-25"", ""source"": ""builtin"", ""voltage"": 220, ""max_temperature"": 85, ""min_temperature"": -50, ""power_per_meter"": 25}, {""brand"": ""ТЛТ"", ""model"": ""ТЛТ-30"", ""source"": ""builtin"", ""voltage"": 220, ""max_temperature"": 85, ""min_temperature"": -50, ""power_per_meter"": 30}, {""brand"": ""ТЛТ"", ""model"": ""ТЛТ-40"", ""source"": ""builtin"", ""voltage"": 220, ""max_temperature"": 110, ""min_temperature"": -50, ""power_per_meter"": 40}, {""brand"": ""ТЛТ"", ""model"": ""ТЛТ-50"", ""source"": ""builtin"", ""voltage"": 220, ""max_temperature"": 110, ""min_temperature"": -50, ""power_per_meter"": 50}, {""brand"": ""ТЛТ"", ""model"": ""ТЛТ-60"", ""source"": ""builtin"", ""voltage"": 220, ""max_temperature"": 120, ""min_temperature"": -55, ""power_per_meter"": 60}, {""brand"": ""ТЛТ"", ""model"": ""ТЛТ-75"", ""source"": ""builtin"", ""voltage"": 220, ""max_temperature"": 120, ""min_temperature"": -55, ""power_per_meter"": 75}, {""brand"": ""ТЛТ"", ""model"": ""ТЛТ-100"", ""source"": ""builtin"", ""voltage"": 220, ""max_temperature"": 150, ""min_temperature"": -60, ""power_per_meter"": 100}], ""safety_factor"": 1.1, ""supply_voltage"": 220.0, ""ambient_temperature"": 0.0, ""process_temperature"": 80.0, ""required_power_per_meter"": 11.066}";"{""current"": 0.375, ""voltage"": 220.0, ""total_power"": 82.5, ""cable_length"": 3.3, ""selected_cable"": ""ТЛТ-25""}"
Шар. бак №26;4;self_regulating;ТЛТ-40;"{""cable_mark"": null, ""pipe_length"": 1.0, ""cable_catalog"": [{""brand"": ""ТЛТ"", ""model"": ""ТЛТ-10"", ""source"": ""builtin"", ""voltage"": 220, ""max_temperature"": 65, ""min_temperature"": -40, ""power_per_meter"": 10}, {""brand"": ""ТЛТ"", ""model"": ""ТЛТ-15"", ""source"": ""builtin"", ""voltage"": 220, ""max_temperature"": 65, ""min_temperature"": -40, ""power_per_meter"": 15}, {""brand"": ""ТЛТ"", ""model"": ""ТЛТ-20"", ""source"": ""builtin"", ""voltage"": 220, ""max_temperature"": 65, ""min_temperature"": -40, ""power_per_meter"": 20}, {""brand"": ""ТЛТ"", ""model"": ""ТЛТ-25"", ""source"": ""builtin"", ""voltage"": 220, ""max_temperature"": 85, ""min_temperature"": -50, ""power_per_meter"": 25}, {""brand"": ""ТЛТ"", ""model"": ""ТЛТ-30"", ""source"": ""builtin"", ""voltage"": 220, ""max_temperature"": 85, ""min_temperature"": -50, ""power_per_meter"": 30}, {""brand"": ""ТЛТ"", ""model"": ""ТЛТ-40"", ""source"": ""builtin"", ""voltage"": 220, ""max_temperature"": 110, ""min_temperature"": -50, ""power_per_meter"": 40}, {""brand"": ""ТЛТ"", ""model"": ""ТЛТ-50"", ""source"": ""builtin"", ""voltage"": 220, ""max_temperature"": 110, ""min_temperature"": -50, ""power_per_meter"": 50}, {""brand"": ""ТЛТ"", ""model"": ""ТЛТ-60"", ""source"": ""builtin"", ""voltage"": 220, ""max_temperature"": 120, ""min_temperature"": -55, ""power_per_meter"": 60}, {""brand"": ""ТЛТ"", ""model"": ""ТЛТ-75"", ""source"": ""builtin"", ""voltage"": 220, ""max_temperature"": 120, ""min_temperature"": -55, ""power_per_meter"": 75}, {""brand"": ""ТЛТ"", ""model"": ""ТЛТ-100"", ""source"": ""builtin"", ""voltage"": 220, ""max_temperature"": 150, ""min_temperature"": -60, ""power_per_meter"": 100}], ""safety_factor"": 1.1, ""supply_voltage"": 220.0, ""ambient_temperature"": -10.0, ""process_temperature"": 100.0, ""required_power_per_meter"": 30.074}";"{""current"": 0.2, ""voltage"": 220.0, ""total_power"": 44.0, ""cable_length"": 1.1, ""selected_cable"": ""ТЛТ-40""}"
Труба DN89 №34;4;self_regulating;ТЛТ-40;"{""cable_mark"": null, ""pipe_length"": 393.4, ""cable_catalog"": [{""brand"": ""ТЛТ"", ""model"": ""ТЛТ-10"", ""source"": ""builtin"", ""voltage"": 220, ""max_temperature"": 65, ""min_temperature"": -40, ""power_per_meter"": 10}, {""brand"": ""ТЛТ"", ""model"": ""ТЛТ-15"", ""source"": ""builtin"", ""voltage"": 220, ""max_temperature"": 65, ""min_temperature"": -40, ""power_per_meter"": 15}, {""brand"": ""ТЛТ"", ""model"": ""ТЛТ-20"", ""source"": ""builtin"", ""voltage"": 220, ""max_temperature"": 65, ""min_temperature"": -40, ""power_per_meter"": 20}, {""brand"": ""ТЛТ"", ""model"": ""ТЛТ-25"", ""source"": ""builtin"", ""voltage"": 220, ""max_temperature"": 85, ""min_temperature"": -50, ""power_per_meter"": 25}, {""brand"": ""ТЛТ"", ""model"": ""ТЛТ-30"", ""source"": ""builtin"", ""voltage"": 220, ""max_temperature"": 85, ""min_temperature"": -50, ""power_per_meter"": 30}, {""brand"": ""ТЛТ"", ""model"": ""ТЛТ-40"", ""source"": ""builtin"", ""voltage"": 220, ""max_temperature"": 110, ""min_temperature"": -50, ""power_per_meter"": 40}, {""brand"": ""ТЛТ"", ""model"": ""ТЛТ-50"", ""source"": ""builtin"", ""voltage"": 220, ""max_temperature"": 110, ""min_temperature"": -50, ""power_per_meter"": 50}, {""brand"": ""ТЛТ"", ""model"": ""ТЛТ-60"", ""source"": ""builtin"", ""voltage"": 220, ""max_temperature"": 120, ""min_temperature"": -55, ""power_per_meter"": 60}, {""brand"": ""ТЛТ"", ""model"": ""ТЛТ-75"", ""source"": ""builtin"", ""voltage"": 220, ""max_temperature"": 120, ""min_temperature"": -55, ""power_per_meter"": 75}, {""brand"": ""ТЛТ"", ""model"": ""ТЛТ-100"", ""source"": ""builtin"", ""voltage"": 220, ""max_temperature"": 150, ""min_temperature"": -60, ""power_per_meter"": 100}], ""safety_factor"": 1.1, ""supply_voltage"": 220.0, ""ambient_temperature"": -30.0, ""process_temperature"": 50.0, ""required_power_per_meter"": 32.338}";"{""current"": 78.68, ""voltage"": 220.0, ""total_power"": 17309.6, ""cable_length"": 432.74, ""selected_cable"": ""ТЛТ-40""}"
Труба DN57 №40;4;self_regulating;ТЛТ-15;"{""cable_mark"": null, ""pipe_length"": 206.2, ""cable_catalog"": [{""brand"": ""ТЛТ"", ""model"": ""ТЛТ-10"", ""source"": ""builtin"", ""voltage"": 220, ""max_temperature"": 65, ""min_temperature"": -40, ""power_per_meter"": 10}, {""brand"": ""ТЛТ"", ""model"": ""ТЛТ-15"", ""source"": ""builtin"", ""voltage"": 220, ""max_temperature"": 65, ""min_temperature"": -40, ""power_per_meter"": 15}, {""brand"": ""ТЛТ"", ""model"": ""ТЛТ-20"", ""source"": ""builtin"", ""voltage"": 220, ""max_temperature"": 65, ""min_temperature"": -40, ""power_per_meter"": 20}, {""brand"": ""ТЛТ"", ""model"": ""ТЛТ-25"", ""source"": ""builtin"", ""voltage"": 220, ""max_temperature"": 85, ""min_temperature"": -50, ""power_per_meter"": 25}, {""brand"": ""ТЛТ"", ""model"": ""ТЛТ-30"", ""source"": ""builtin"", ""voltage"": 220, ""max_temperature"": 85, ""min_temperature"": -50, ""power_per_meter"": 30}, {""brand"": ""ТЛТ"", ""model"": ""ТЛТ-40"", ""source"": ""builtin"", ""voltage"": 220, ""max_temperature"": 110, ""min_temperature"": -50, ""power_per_meter"": 40}, {""brand"": ""ТЛТ"", ""model"": ""ТЛТ-50"", ""source"": ""builtin"", ""voltage"": 220, ""max_temperature"": 110, ""min_temperature"": -50, ""power_per_meter"": 50}, {""brand"": ""ТЛТ"", ""model"": ""ТЛТ-60"", ""source"": ""builtin"", ""voltage"": 220, ""max_temperature"": 120, ""min_temperature"": -55, ""power_per_meter"": 60}, {""brand"": ""ТЛТ"", ""model"": ""ТЛТ-75"", ""source"": ""builtin"", ""voltage"": 220, ""max_temperature"": 120, ""min_temperature"": -55, ""power_per_meter"": 75}, {""brand"": ""ТЛТ"", ""model"": ""ТЛТ-100"", ""source"": ""builtin"", ""voltage"": 220, ""max_temperature"": 150, ""min_temperature"": -60, ""power_per_meter"": 100}], ""safety_factor"": 1.1, ""supply_voltage"": 220.0, ""ambient_temperature"": 0.0, ""process_temperature"": 40.0, ""required_power_per_meter"": 12.254}";"{""current"": 15.465, ""voltage"": 220.0, ""total_power"": 3402.3, ""cable_length"": 226.82, ""selected_cable"": ""ТЛТ-15""}"
Труба DN108 №48;4;self_regulating;ТЛТ-25;"{""cable_mark"": null, ""pipe_length"": 106.1, ""cable_catalog"": [{""brand"": ""ТЛТ"", ""model"": ""ТЛТ-10"", ""source"": ""builtin"", ""voltage"": 220, ""max_temperature"": 65, ""min_temperature"": -40, ""power_per_meter"": 10}, {""brand"": ""ТЛТ"", ""model"": ""ТЛТ-15"", ""source"": ""builtin"", ""voltage"": 220, ""max_temperature"": 65, ""min_temperature"": -40, ""power_per_meter"": 15}, {""brand"": ""ТЛТ"", ""model"": ""ТЛТ-20"", ""source"": ""builtin"", ""voltage"": 220, ""max_temperature"": 65, ""min_temperature"": -40, ""power_per_meter"": 20}, {""brand"": ""ТЛТ"", ""model"": ""ТЛТ-25"", ""source"": ""builtin"", ""voltage"": 220, ""max_temperature"": 85, ""min_temperature"": -50, ""power_per_meter"": 25}, {""brand"": ""ТЛТ"", ""model"": ""ТЛТ-30"", ""source"": ""builtin"", ""voltage"": 220, ""max_temperature"": 85, ""min_temperature"": -50, ""power_per_meter"": 30}, {""brand"": ""ТЛТ"", ""model"": ""ТЛТ-40"", ""source"": ""builtin"", ""voltage"": 220, ""max_temperature"": 110, ""min_temperature"": -50, ""power_per_meter"": 40}, {""brand"": ""ТЛТ"", ""model"": ""ТЛТ-50"", ""source"": ""builtin"", ""voltage"": 220, ""max_temperature"": 110, ""min_temperature"": -50, ""power_per_meter"": 50}, {""brand"": ""ТЛТ"", ""model"": ""ТЛТ-60"", ""source"": ""builtin"", ""voltage"": 220, ""max_temperature"": 120, ""min_temperature"": -55, ""power_per_meter"": 60}, {""brand"": ""ТЛТ"", ""model"": ""ТЛТ-75"", ""source"": ""builtin"", ""voltage"": 220, ""max_temperature"": 120, ""min_temperature"": -55, ""power_per_meter"": 75}, {""brand"": ""ТЛТ"", ""model"": ""ТЛТ-100"", ""source"": ""builtin"", ""voltage"": 220, ""max_temperature"": 150, ""min_temperature"": -60, ""power_per_meter"": 100}], ""safety_factor"": 1.1, ""supply_voltage"": 220.0, ""ambient_temperature"": -20.0, ""process_temperature"": 80.0, ""required_power_per_meter"": 16.54}";"{""current"": 13.262, ""voltage"": 220.0, ""total_power"": 2917.75, ""cable_length"": 116.71, ""selected_cable"": ""ТЛТ-25""}"
Труба DN34 №46;4;self_regulating;ТЛТ-25;"{""cable_mark"": null, ""pipe_length"": 339.2, ""cable_catalog"": [{""brand"": ""ТЛТ"", ""model"": ""ТЛТ-10"", ""source"": ""builtin"", ""voltage"": 220, ""max_temperature"": 65, ""min_temperature"": -40, ""power_per_meter"": 10}, {""brand"": ""ТЛТ"", ""model"": ""ТЛТ-15"", ""source"": ""builtin"", ""voltage"": 220, ""max_temperature"": 65, ""min_temperature"": -40, ""power_per_meter"": 15}, {""brand"": ""ТЛТ"", ""model"": ""ТЛТ-20"", ""source"": ""builtin"", ""voltage"": 220, ""max_temperature"": 65, ""min_temperature"": -40, ""power_per_meter"": 20}, {""brand"": ""ТЛТ"", ""model"": ""ТЛТ-25"", ""source"": ""builtin"", ""voltage"": 220, ""max_temperature"": 85, ""min_temperature"": -50, ""power_per_meter"": 25}, {""brand"": ""ТЛТ"", ""model"": ""ТЛТ-30"", ""source"": ""builtin"", ""voltage"": 220, ""max_temperature"": 85, ""min_temperature"": -50, ""power_per_meter"": 30}, {""brand"": ""ТЛТ"", ""model"": ""ТЛТ-40"", ""source"": ""builtin"", ""voltage"": 220, ""max_temperature"": 110, ""min_temperature"": -50, ""power_per_meter"": 40}, {""brand"": ""ТЛТ"", ""model"": ""ТЛТ-50"", ""source"": ""builtin"", ""voltage"": 220, ""max_temperature"": 110, ""min_temperature"": -50, ""power_per_meter"": 50}, {""brand"": ""ТЛТ"", ""model"": ""ТЛТ-60"", ""source"": ""builtin"", ""voltage"": 220, ""max_temperature"": 120, ""min_temperature"": -55, ""power_per_meter"": 60}, {""brand"": ""ТЛТ"", ""model"": ""ТЛТ-75"", ""source"": ""builtin"", ""voltage"": 220, ""max_temperature"": 120, ""min_temperature"": -55, ""power_per_meter"": 75}, {""brand"": ""ТЛТ"", ""model"": ""ТЛТ-100"", ""source"": ""builtin"", ""voltage"": 220, ""max_temperature"": 150, ""min_temperature"": -60, ""power_per_meter"": 100}], ""safety_factor"": 1.1, ""supply_voltage"": 220.0, ""ambient_temperature"": -30.0, ""process_temperature"": 70.0, ""required_power_per_meter"": 18.84}";"{""current"": 42.4, ""voltage"": 220.0, ""total_power"": 9328.0, ""cable_length"": 373.12, ""selected_cable"": ""ТЛТ-25""}"
Труба DN34 №50;4;self_regulating;ТЛТ-10;"{""cable_mark"": null, ""pipe_length"": 9.6, ""cable_catalog"": [{""brand"": ""ТЛТ"", ""model"": ""ТЛТ-10"", ""source"": ""builtin"", ""voltage"": 220, ""max_temperature"": 65, ""min_temperature"": -40, ""power_per_meter"": 10}, {""brand"": ""ТЛТ"", ""model"": ""ТЛТ-15"", ""source"": ""builtin"", ""voltage"": 220, ""max_temperature"": 65, ""min_temperature"": -40, ""power_per_meter"": 15}, {""brand"": ""ТЛТ"", ""model"": ""ТЛТ-20"", ""source"": ""builtin"", ""voltage"": 220, ""max_temperature"": 65, ""min_temperature"": -40, ""power_per_meter"": 20}, {""brand"": ""ТЛТ"", ""model"": ""ТЛТ-25"", ""source"": ""builtin"", ""voltage"": 220, ""max_temperature"": 85, ""min_temperature"": -50, ""power_per_meter"": 25}, {""brand"": ""ТЛТ"", ""model"": ""ТЛТ-30"", ""source"": ""builtin"", ""voltage"": 220, ""max_temperature"": 85, ""min_temperature"": -50, ""power_per_meter"": 30}, {""brand"": ""ТЛТ"", ""model"": ""ТЛТ-40"", ""source"": ""builtin"", ""voltage"": 220, ""max_temperature"": 110, ""min_temperature"": -50, ""power_per_meter"": 40}, {""brand"": ""ТЛТ"", ""model"": ""ТЛТ-50"", ""source"": ""builtin"", ""voltage"": 220, ""max_temperature"": 110, ""min_temperature"": -50, ""power_per_meter"": 50}, {""brand"": ""ТЛТ"", ""model"": ""ТЛТ-60"", ""source"": ""builtin"", ""voltage"": 220, ""max_temperature"": 120, ""min_temperature"": -55, ""power_per_meter"": 60}, {""brand"": ""ТЛТ"", ""model"": ""ТЛТ-75"", ""source"": ""builtin"", ""voltage"": 220, ""max_temperature"": 120, ""min_temperature"": -55, ""power_per_meter"": 75}, {""brand"": ""ТЛТ"", ""model"": ""ТЛТ-100"", ""source"": ""builtin"", ""voltage"": 220, ""max_temperature"": 150, ""min_temperature"": -60, ""power_per_meter"": 100}], ""safety_factor"": 1.1, ""supply_voltage"": 220.0, ""ambient_temperature"": -30.0, ""process_temperature"": 50.0, ""required_power_per_meter"": 5.997}";"{""current"": 0.48, ""voltage"": 220.0, ""total_power"": 105.6, ""cable_length"": 10.56, ""selected_cable"": ""ТЛТ-10""}"
Труба DN21 №53;4;self_regulating;ТЛТ-10;"{""cable_mark"": null, ""pipe_length"": 335.6, ""cable_catalog"": [{""brand"": ""ТЛТ"", ""model"": ""ТЛТ-10"", ""source"": ""builtin"", ""voltage"": 220, ""max_temperature"": 65, ""min_temperature"": -40, ""power_per_meter"": 10}, {""brand"": ""ТЛТ"", ""model"": ""ТЛТ-15"", ""source"": ""builtin"", ""voltage"": 220, ""max_temperature"": 65, ""min_temperature"": -40, ""power_per_meter"": 15}, {""brand"": ""ТЛТ"", ""model"": ""ТЛТ-20"", ""source"": ""builtin"", ""voltage"": 220, ""max_temperature"": 65, ""min_temperature"": -40, ""power_per_meter"": 20}, {""brand"": ""ТЛТ"", ""model"": ""ТЛТ-25"", ""source"": ""builtin"", ""voltage"": 220, ""max_temperature"": 85, ""min_temperature"": -50, ""power_per_meter"": 25}, {""brand"": ""ТЛТ"", ""model"": ""ТЛТ-30"", ""source"": ""builtin"", ""voltage"": 220, ""max_temperature"": 85, ""min_temperature"": -50, ""power_per_meter"": 30}, {""brand"": ""ТЛТ"", ""model"": ""ТЛТ-40"", ""source"": ""builtin"", ""voltage"": 220, ""max_temperature"": 110, ""min_temperature"": -50, ""power_per_meter"": 40}, {""brand"": ""ТЛТ"", ""model"": ""ТЛТ-50"", ""source"": ""builtin"", ""voltage"": 220, ""max_temperature"": 110, ""min_temperature"": -50, ""power_per_meter"": 50}, {""brand"": ""ТЛТ"", ""model"": ""ТЛТ-60"", ""source"": ""builtin"", ""voltage"": 220, ""max_temperature"": 120, ""min_temperature"": -55, ""power_per_meter"": 60}, {""brand"": ""ТЛТ"", ""model"": ""ТЛТ-75"", ""source"": ""builtin"", ""voltage"": 220, ""max_temperature"": 120, ""min_temperature"": -55, ""power_per_meter"": 75}, {""brand"": ""ТЛТ"", ""model"": ""ТЛТ-100"", ""source"": ""builtin"", ""voltage"": 220, ""max_temperature"": 150, ""min_temperature"": -60, ""power_per_meter"": 100}], ""safety_factor"": 1.1, ""supply_voltage"": 220.0, ""ambient_temperature"": -30.0, ""process_temperature"": 60.0, ""required_power_per_meter"": 7.261}";"{""current"": 16.78, ""voltage"": 220.0, ""total_power"": 3691.6, ""cable_length"": 369.16, ""selected_cable"": ""ТЛТ-10""}"
Шар. бак №2;4;self_regulating;ТЛТ-20;"{""cable_mark"": null, ""pipe_length"": 1.0, ""cable_catalog"": [{""brand"": ""ТЛТ"", ""model"": ""ТЛТ-10"", ""source"": ""builtin"", ""voltage"": 220, ""max_temperature"": 65, ""min_temperature"": -40, ""power_per_meter"": 10}, {""brand"": ""ТЛТ"", ""model"": ""ТЛТ-15"", ""source"": ""builtin"", ""voltage"": 220, ""max_temperature"": 65, ""min_temperature"": -40, ""power_per_meter"": 15}, {""brand"": ""ТЛТ"", ""model"": ""ТЛТ-20"", ""source"": ""builtin"", ""voltage"": 220, ""max_temperature"": 65, ""min_temperature"": -40, ""power_per_meter"": 20}, {""brand"": ""ТЛТ"", ""model"": ""ТЛТ-25"", ""source"": ""builtin"", ""voltage"": 220, ""max_temperature"": 85, ""min_temperature"": -50, ""power_per_meter"": 25}, {""brand"": ""ТЛТ"", ""model"": ""ТЛТ-30"", ""source"": ""builtin"", ""voltage"": 220, ""max_temperature"": 85, ""min_temperature"": -50, ""power_per_meter"": 30}, {""brand"": ""ТЛТ"", ""model"": ""ТЛТ-40"", ""source"": ""builtin"", ""voltage"": 220, ""max_temperature"": 110, ""min_temperature"": -50, ""power_per_meter"": 40}, {""brand"": ""ТЛТ"", ""model"": ""ТЛТ-50"", ""source"": ""builtin"", ""voltage"": 220, ""max_temperature"": 110, ""min_temperature"": -50, ""power_per_meter"": 50}, {""brand"": ""ТЛТ"", ""model"": ""ТЛТ-60"", ""source"": ""builtin"", ""voltage"": 220, ""max_temperature"": 120, ""min_temperature"": -55, ""power_per_meter"": 60}, {""brand"": ""ТЛТ"", ""model"": ""ТЛТ-75"", ""source"": ""builtin"", ""voltage"": 220, ""max_temperature"": 120, ""min_temperature"": -55, ""power_per_meter"": 75}, {""brand"": ""ТЛТ"", ""model"": ""ТЛТ-100"", ""source"": ""builtin"", ""voltage"": 220, ""max_temperature"": 150, ""min_temperature"": -60, ""power_per_meter"": 100}], ""safety_factor"": 1.1, ""supply_voltage"": 220.0, ""ambient_temperature"": 0.0, ""process_temperature"": 60.0, ""required_power_per_meter"": 14.875}";"{""current"": 0.1, ""voltage"": 220.0, ""total_power"": 22.0, ""cable_length"": 1.1, ""selected_cable"": ""ТЛТ-20""}"
Шар. бак №11;4;self_regulating;ТЛТ-100;"{""cable_mark"": null, ""pipe_length"": 1.0, ""cable_catalog"": [{""brand"": ""ТЛТ"", ""model"": ""ТЛТ-10"", ""source"": ""builtin"", ""voltage"": 220, ""max_temperature"": 65, ""min_temperature"": -40, ""power_per_meter"": 10}, {""brand"": ""ТЛТ"", ""model"": ""ТЛТ-15"", ""source"": ""builtin"", ""voltage"": 220, ""max_temperature"": 65, ""min_temperature"": -40, ""power_per_meter"": 15}, {""brand"": ""ТЛТ"", ""model"": ""ТЛТ-20"", ""source"": ""builtin"", ""voltage"": 220, ""max_temperature"": 65, ""min_temperature"": -40, ""power_per_meter"": 20}, {""brand"": ""ТЛТ"", ""model"": ""ТЛТ-25"", ""source"": ""builtin"", ""voltage"": 220, ""max_temperature"": 85, ""min_temperature"": -50, ""power_per_meter"": 25}, {""brand"": ""ТЛТ"", ""model"": ""ТЛТ-30"", ""source"": ""builtin"", ""voltage"": 220, ""max_temperature"": 85, ""min_temperature"": -50, ""power_per_meter"": 30}, {""brand"": ""ТЛТ"", ""model"": ""ТЛТ-40"", ""source"": ""builtin"", ""voltage"": 220, ""max_temperature"": 110, ""min_temperature"": -50, ""power_per_meter"": 40}, {""brand"": ""ТЛТ"", ""model"": ""ТЛТ-50"", ""source"": ""builtin"", ""voltage"": 220, ""max_temperature"": 110, ""min_temperature"": -50, ""power_per_meter"": 50}, {""brand"": ""ТЛТ"", ""model"": ""ТЛТ-60"", ""source"": ""builtin"", ""voltage"": 220, ""max_temperature"": 120, ""min_temperature"": -55, ""power_per_meter"": 60}, {""brand"": ""ТЛТ"", ""model"": ""ТЛТ-75"", ""source"": ""builtin"", ""voltage"": 220, ""max_temperature"": 120, ""min_temperature"": -55, ""power_per_meter"": 75}, {""brand"": ""ТЛТ"", ""model"": ""ТЛТ-100"", ""source"": ""builtin"", ""voltage"": 220, ""max_temperature"": 150, ""min_temperature"": -60, ""power_per_meter"": 100}], ""safety_factor"": 1.1, ""supply_voltage"": 220.0, ""ambient_temperature"": -40.0, ""process_temperature"": 100.0, ""required_power_per_meter"": 74.789}";"{""current"": 0.5, ""voltage"": 220.0, ""total_power"": 110.0, ""cable_length"": 1.1, ""selected_cable"": ""ТЛТ-100""}"
Прям. бак №20;4;self_regulating;ТЛТ-100;"{""cable_mark"": null, ""pipe_length"": 3.0, ""cable_catalog"": [{""brand"": ""ТЛТ"", ""model"": ""ТЛТ-10"", ""source"": ""builtin"", ""voltage"": 220, ""max_temperature"": 65, ""min_temperature"": -40, ""power_per_meter"": 10}, {""brand"": ""ТЛТ"", ""model"": ""ТЛТ-15"", ""source"": ""builtin"", ""voltage"": 220, ""max_temperature"": 65, ""min_temperature"": -40, ""power_per_meter"": 15}, {""brand"": ""ТЛТ"", ""model"": ""ТЛТ-20"", ""source"": ""builtin"", ""voltage"": 220, ""max_temperature"": 65, ""min_temperature"": -40, ""power_per_meter"": 20}, {""brand"": ""ТЛТ"", ""model"": ""ТЛТ-25"", ""source"": ""builtin"", ""voltage"": 220, ""max_temperature"": 85, ""min_temperature"": -50, ""power_per_meter"": 25}, {""brand"": ""ТЛТ"", ""model"": ""ТЛТ-30"", ""source"": ""builtin"", ""voltage"": 220, ""max_temperature"": 85, ""min_temperature"": -50, ""power_per_meter"": 30}, {""brand"": ""ТЛТ"", ""model"": ""ТЛТ-40"", ""source"": ""builtin"", ""voltage"": 220, ""max_temperature"": 110, ""min_temperature"": -50, ""power_per_meter"": 40}, {""brand"": ""ТЛТ"", ""model"": ""ТЛТ-50"", ""source"": ""builtin"", ""voltage"": 220, ""max_temperature"": 110, ""min_temperature"": -50, ""power_per_meter"": 50}, {""brand"": ""ТЛТ"", ""model"": ""ТЛТ-60"", ""source"": ""builtin"", ""voltage"": 220, ""max_temperature"": 120, ""min_temperature"": -55, ""power_per_meter"": 60}, {""brand"": ""ТЛТ"", ""model"": ""ТЛТ-75"", ""source"": ""builtin"", ""voltage"": 220, ""max_temperature"": 120, ""min_temperature"": -55, ""power_per_meter"": 75}, {""brand"": ""ТЛТ"", ""model"": ""ТЛТ-100"", ""source"": ""builtin"", ""voltage"": 220, ""max_temperature"": 150, ""min_temperature"": -60, ""power_per_meter"": 100}], ""safety_factor"": 1.1, ""supply_voltage"": 220.0, ""ambient_temperature"": -30.0, ""process_temperature"": 40.0, ""required_power_per_meter"": 73.818}";"{""current"": 1.5, ""voltage"": 220.0, ""total_power"": 330.0, ""cable_length"": 3.3, ""selected_cable"": ""ТЛТ-100""}"
Цил. бак №27;4;self_regulating;ТЛТ-40;"{""cable_mark"": null, ""pipe_length"": 4.0, ""cable_catalog"": [{""brand"": ""ТЛТ"", ""model"": ""ТЛТ-10"", ""source"": ""builtin"", ""voltage"": 220, ""max_temperature"": 65, ""min_temperature"": -40, ""power_per_meter"": 10}, {""brand"": ""ТЛТ"", ""model"": ""ТЛТ-15"", ""source"": ""builtin"", ""voltage"": 220, ""max_temperature"": 65, ""min_temperature"": -40, ""power_per_meter"": 15}, {""brand"": ""ТЛТ"", ""model"": ""ТЛТ-20"", ""source"": ""builtin"", ""voltage"": 220, ""max_temperature"": 65, ""min_temperature"": -40, ""power_per_meter"": 20}, {""brand"": ""ТЛТ"", ""model"": ""ТЛТ-25"", ""source"": ""builtin"", ""voltage"": 220, ""max_temperature"": 85, ""min_temperature"": -50, ""power_per_meter"": 25}, {""brand"": ""ТЛТ"", ""model"": ""ТЛТ-30"", ""source"": ""builtin"", ""voltage"": 220, ""max_temperature"": 85, ""min_temperature"": -50, ""power_per_meter"": 30}, {""brand"": ""ТЛТ"", ""model"": ""ТЛТ-40"", ""source"": ""builtin"", ""voltage"": 220, ""max_temperature"": 110, ""min_temperature"": -50, ""power_per_meter"": 40}, {""brand"": ""ТЛТ"", ""model"": ""ТЛТ-50"", ""source"": ""builtin"", ""voltage"": 220, ""max_temperature"": 110, ""min_temperature"": -50, ""power_per_meter"": 50}, {""brand"": ""ТЛТ"", ""model"": ""ТЛТ-60"", ""source"": ""builtin"", ""voltage"": 220, ""max_temperature"": 120, ""min_temperature"": -55, ""power_per_meter"": 60}, {""brand"": ""ТЛТ"", ""model"": ""ТЛТ-75"", ""source"": ""builtin"", ""voltage"": 220, ""max_temperature"": 120, ""min_temperature"": -55, ""power_per_meter"": 75}, {""brand"": ""ТЛТ"", ""model"": ""ТЛТ-100"", ""source"": ""builtin"", ""voltage"": 220, ""max_temperature"": 150, ""min_temperature"": -60, ""power_per_meter"": 100}], ""safety_factor"": 1.1, ""supply_voltage"": 220.0, ""ambient_temperature"": -10.0, ""process_temperature"": 80.0, ""required_power_per_meter"": 27.743}";"{""current"": 0.8, ""voltage"": 220.0, ""total_power"": 176.0, ""cable_length"": 4.4, ""selected_cable"": ""ТЛТ-40""}"
Прям. бак №32;4;self_regulating;ТЛТ-50;"{""cable_mark"": null, ""pipe_length"": 3.0, ""cable_catalog"": [{""brand"": ""ТЛТ"", ""model"": ""ТЛТ-10"", ""source"": ""builtin"", ""voltage"": 220, ""max_temperature"": 65, ""min_temperature"": -40, ""power_per_meter"": 10}, {""brand"": ""ТЛТ"", ""model"": ""ТЛТ-15"", ""source"": ""builtin"", ""voltage"": 220, ""max_temperature"": 65, ""min_temperature"": -40, ""power_per_meter"": 15}, {""brand"": ""ТЛТ"", ""model"": ""ТЛТ-20"", ""source"": ""builtin"", ""voltage"": 220, ""max_temperature"": 65, ""min_temperature"": -40, ""power_per_meter"": 20}, {""brand"": ""ТЛТ"", ""model"": ""ТЛТ-25"", ""source"": ""builtin"", ""voltage"": 220, ""max_temperature"": 85, ""min_temperature"": -50, ""power_per_meter"": 25}, {""brand"": ""ТЛТ"", ""model"": ""ТЛТ-30"", ""source"": ""builtin"", ""voltage"": 220, ""max_temperature"": 85, ""min_temperature"": -50, ""power_per_meter"": 30}, {""brand"": ""ТЛТ"", ""model"": ""ТЛТ-40"", ""source"": ""builtin"", ""voltage"": 220, ""max_temperature"": 110, ""min_temperature"": -50, ""power_per_meter"": 40}, {""brand"": ""ТЛТ"", ""model"": ""ТЛТ-50"", ""source"": ""builtin"", ""voltage"": 220, ""max_temperature"": 110, ""min_temperature"": -50, ""power_per_meter"": 50}, {""brand"": ""ТЛТ"", ""model"": ""ТЛТ-60"", ""source"": ""builtin"", ""voltage"": 220, ""max_temperature"": 120, ""min_temperature"": -55, ""power_per_meter"": 60}, {""brand"": ""ТЛТ"", ""model"": ""ТЛТ-75"", ""source"": ""builtin"", ""voltage"": 220, ""max_temperature"": 120, ""min_temperature"": -55, ""power_per_meter"": 75}, {""brand"": ""ТЛТ"", ""model"": ""ТЛТ-100"", ""source"": ""builtin"", ""voltage"": 220, ""max_temperature"": 150, ""min_temperature"": -60, ""power_per_meter"": 100}], ""safety_factor"": 1.1, ""supply_voltage"": 220.0, ""ambient_temperature"": -10.0, ""process_temperature"": 100.0, ""required_power_per_meter"": 37.372}";"{""current"": 0.75, ""voltage"": 220.0, ""total_power"": 165.0, ""cable_length"": 3.3, ""selected_cable"": ""ТЛТ-50""}"
Труба DN76 №37;4;self_regulating;ТЛТ-40;"{""cable_mark"": null, ""pipe_length"": 270.5, ""cable_catalog"": [{""brand"": ""ТЛТ"", ""model"": ""ТЛТ-10"", ""source"": ""builtin"", ""voltage"": 220, ""max_temperature"": 65, ""min_temperature"": -40, ""power_per_meter"": 10}, {""brand"": ""ТЛТ"", ""model"": ""ТЛТ-15"", ""source"": ""builtin"", ""voltage"": 220, ""max_temperature"": 65, ""min_temperature"": -40, ""power_per_meter"": 15}, {""brand"": ""ТЛТ"", ""model"": ""ТЛТ-20"", ""source"": ""builtin"", ""voltage"": 220, ""max_temperature"": 65, ""min_temperature"": -40, ""power_per_meter"": 20}, {""brand"": ""ТЛТ"", ""model"": ""ТЛТ-25"", ""source"": ""builtin"", ""voltage"": 220, ""max_temperature"": 85, ""min_temperature"": -50, ""power_per_meter"": 25}, {""brand"": ""ТЛТ"", ""model"": ""ТЛТ-30"", ""source"": ""builtin"", ""voltage"": 220, ""max_temperature"": 85, ""min_temperature"": -50, ""power_per_meter"": 30}, {""brand"": ""ТЛТ"", ""model"": ""ТЛТ-40"", ""source"": ""builtin"", ""voltage"": 220, ""max_temperature"": 110, ""min_temperature"": -50, ""power_per_meter"": 40}, {""brand"": ""ТЛТ"", ""model"": ""ТЛТ-50"", ""source"": ""builtin"", ""voltage"": 220, ""max_temperature"": 110, ""min_temperature"": -50, ""power_per_meter"": 50}, {""brand"": ""ТЛТ"", ""model"": ""ТЛТ-60"", ""source"": ""builtin"", ""voltage"": 220, ""max_temperature"": 120, ""min_temperature"": -55, ""power_per_meter"": 60}, {""brand"": ""ТЛТ"", ""model"": ""ТЛТ-75"", ""source"": ""builtin"", ""voltage"": 220, ""max_temperature"": 120, ""min_temperature"": -55, ""power_per_meter"": 75}, {""brand"": ""ТЛТ"", ""model"": ""ТЛТ-100"", ""source"": ""builtin"", ""voltage"": 220, ""max_temperature"": 150, ""min_temperature"": -60, ""power_per_meter"": 100}], ""safety_factor"": 1.1, ""supply_voltage"": 220.0, ""ambient_temperature"": -25.0, ""process_temperature"": 80.0, ""required_power_per_meter"": 32.938}";"{""current"": 54.1, ""voltage"": 220.0, ""total_power"": 11902.0, ""cable_length"": 297.55, ""selected_cable"": ""ТЛТ-40""}"
Труба DN273 №42;4;self_regulating;ТЛТ-15;"{""cable_mark"": null, ""pipe_length"": 349.8, ""cable_catalog"": [{""brand"": ""ТЛТ"", ""model"": ""ТЛТ-10"", ""source"": ""builtin"", ""voltage"": 220, ""max_temperature"": 65, ""min_temperature"": -40, ""power_per_meter"": 10}, {""brand"": ""ТЛТ"", ""model"": ""ТЛТ-15"", ""source"": ""builtin"", ""voltage"": 220, ""max_temperature"": 65, ""min_temperature"": -40, ""power_per_meter"": 15}, {""brand"": ""ТЛТ"", ""model"": ""ТЛТ-20"", ""source"": ""builtin"", ""voltage"": 220, ""max_temperature"": 65, ""min_temperature"": -40, ""power_per_meter"": 20}, {""brand"": ""ТЛТ"", ""model"": ""ТЛТ-25"", ""source"": ""builtin"", ""voltage"": 220, ""max_temperature"": 85, ""min_temperature"": -50, ""power_per_meter"": 25}, {""brand"": ""ТЛТ"", ""model"": ""ТЛТ-30"", ""source"": ""builtin"", ""voltage"": 220, ""max_temperature"": 85, ""min_temperature"": -50, ""power_per_meter"": 30}, {""brand"": ""ТЛТ"", ""model"": ""ТЛТ-40"", ""source"": ""builtin"", ""voltage"": 220, ""max_temperature"": 110, ""min_temperature"": -50, ""power_per_meter"": 40}, {""brand"": ""ТЛТ"", ""model"": ""ТЛТ-50"", ""source"": ""builtin"", ""voltage"": 220, ""max_temperature"": 110, ""min_temperature"": -50, ""power_per_meter"": 50}, {""brand"": ""ТЛТ"", ""model"": ""ТЛТ-60"", ""source"": ""builtin"", ""voltage"": 220, ""max_temperature"": 120, ""min_temperature"": -55, ""power_per_meter"": 60}, {""brand"": ""ТЛТ"", ""model"": ""ТЛТ-75"", ""source"": ""builtin"", ""voltage"": 220, ""max_temperature"": 120, ""min_temperature"": -55, ""power_per_meter"": 75}, {""brand"": ""ТЛТ"", ""model"": ""ТЛТ-100"", ""source"": ""builtin"", ""voltage"": 220, ""max_temperature"": 150, ""min_temperature"": -60, ""power_per_meter"": 100}], ""safety_factor"": 1.1, ""supply_voltage"": 220.0, ""ambient_temperature"": 5.0, ""process_temperature"": 60.0, ""required_power_per_meter"": 13.022}";"{""current"": 26.235, ""voltage"": 220.0, ""total_power"": 5771.7, ""cable_length"": 384.78, ""selected_cable"": ""ТЛТ-15""}"
Труба DN76 №43;4;self_regulating;ТЛТ-10;"{""cable_mark"": null, ""pipe_length"": 151.9, ""cable_catalog"": [{""brand"": ""ТЛТ"", ""model"": ""ТЛТ-10"", ""source"": ""builtin"", ""voltage"": 220, ""max_temperature"": 65, ""min_temperature"": -40, ""power_per_meter"": 10}, {""brand"": ""ТЛТ"", ""model"": ""ТЛТ-15"", ""source"": ""builtin"", ""voltage"": 220, ""max_temperature"": 65, ""min_temperature"": -40, ""power_per_meter"": 15}, {""brand"": ""ТЛТ"", ""model"": ""ТЛТ-20"", ""source"": ""builtin"", ""voltage"": 220, ""max_temperature"": 65, ""min_temperature"": -40, ""power_per_meter"": 20}, {""brand"": ""ТЛТ"", ""model"": ""ТЛТ-25"", ""source"": ""builtin"", ""voltage"": 220, ""max_temperature"": 85, ""min_temperature"": -50, ""power_per_meter"": 25}, {""brand"": ""ТЛТ"", ""model"": ""ТЛТ-30"", ""source"": ""builtin"", ""voltage"": 220, ""max_temperature"": 85, ""min_temperature"": -50, ""power_per_meter"": 30}, {""brand"": ""ТЛТ"", ""model"": ""ТЛТ-40"", ""source"": ""builtin"", ""voltage"": 220, ""max_temperature"": 110, ""min_temperature"": -50, ""power_per_meter"": 40}, {""brand"": ""ТЛТ"", ""model"": ""ТЛТ-50"", ""source"": ""builtin"", ""voltage"": 220, ""max_temperature"": 110, ""min_temperature"": -50, ""power_per_meter"": 50}, {""brand"": ""ТЛТ"", ""model"": ""ТЛТ-60"", ""source"": ""builtin"", ""voltage"": 220, ""max_temperature"": 120, ""min_temperature"": -55, ""power_per_meter"": 60}, {""brand"": ""ТЛТ"", ""model"": ""ТЛТ-75"", ""source"": ""builtin"", ""voltage"": 220, ""max_temperature"": 120, ""min_temperature"": -55, ""power_per_meter"": 75}, {""brand"": ""ТЛТ"", ""model"": ""ТЛТ-100"", ""source"": ""builtin"", ""voltage"": 220, ""max_temperature"": 150, ""min_temperature"": -60, ""power_per_meter"": 100}], ""safety_factor"": 1.1, ""supply_voltage"": 220.0, ""ambient_temperature"": 10.0, ""process_temperature"": 40.0, ""required_power_per_meter"": 6.505}";"{""current"": 7.595, ""voltage"": 220.0, ""total_power"": 1670.9, ""cable_length"": 167.09, ""selected_cable"": ""ТЛТ-10""}"
Труба DN27 №47;4;self_regulating;ТЛТ-40;"{""cable_mark"": null, ""pipe_length"": 311.6, ""cable_catalog"": [{""brand"": ""ТЛТ"", ""model"": ""ТЛТ-10"", ""source"": ""builtin"", ""voltage"": 220, ""max_temperature"": 65, ""min_temperature"": -40, ""power_per_meter"": 10}, {""brand"": ""ТЛТ"", ""model"": ""ТЛТ-15"", ""source"": ""builtin"", ""voltage"": 220, ""max_temperature"": 65, ""min_temperature"": -40, ""power_per_meter"": 15}, {""brand"": ""ТЛТ"", ""model"": ""ТЛТ-20"", ""source"": ""builtin"", ""voltage"": 220, ""max_temperature"": 65, ""min_temperature"": -40, ""power_per_meter"": 20}, {""brand"": ""ТЛТ"", ""model"": ""ТЛТ-25"", ""source"": ""builtin"", ""voltage"": 220, ""max_temperature"": 85, ""min_temperature"": -50, ""power_per_meter"": 25}, {""brand"": ""ТЛТ"", ""model"": ""ТЛТ-30"", ""source"": ""builtin"", ""voltage"": 220, ""max_temperature"": 85, ""min_temperature"": -50, ""power_per_meter"": 30}, {""brand"": ""ТЛТ"", ""model"": ""ТЛТ-40"", ""source"": ""builtin"", ""voltage"": 220, ""max_temperature"": 110, ""min_temperature"": -50, ""power_per_meter"": 40}, {""brand"": ""ТЛТ"", ""model"": ""ТЛТ-50"", ""source"": ""builtin"", ""voltage"": 220, ""max_temperature"": 110, ""min_temperature"": -50, ""power_per_meter"": 50}, {""brand"": ""ТЛТ"", ""model"": ""ТЛТ-60"", ""source"": ""builtin"", ""voltage"": 220, ""max_temperature"": 120, ""min_temperature"": -55, ""power_per_meter"": 60}, {""brand"": ""ТЛТ"", ""model"": ""ТЛТ-75"", ""source"": ""builtin"", ""voltage"": 220, ""max_temperature"": 120, ""min_temperature"": -55, ""power_per_meter"": 75}, {""brand"": ""ТЛТ"", ""model"": ""ТЛТ-100"", ""source"": ""builtin"", ""voltage"": 220, ""max_temperature"": 150, ""min_temperature"": -60, ""power_per_meter"": 100}], ""safety_factor"": 1.1, ""supply_voltage"": 220.0, ""ambient_temperature"": 10.0, ""process_temperature"": 90.0, ""required_power_per_meter"": 18.45}";"{""current"": 62.32, ""voltage"": 220.0, ""total_power"": 13710.4, ""cable_length"": 342.76, ""selected_cable"": ""ТЛТ-40""}"
Шар. бак №10;4;self_regulating;ТЛТ-15;"{""cable_mark"": null, ""pipe_length"": 1.0, ""cable_catalog"": [{""brand"": ""ТЛТ"", ""model"": ""ТЛТ-10"", ""source"": ""builtin"", ""voltage"": 220, ""max_temperature"": 65, ""min_temperature"": -40, ""power_per_meter"": 10}, {""brand"": ""ТЛТ"", ""model"": ""ТЛТ-15"", ""source"": ""builtin"", ""voltage"": 220, ""max_temperature"": 65, ""min_temperature"": -40, ""power_per_meter"": 15}, {""brand"": ""ТЛТ"", ""model"": ""ТЛТ-20"", ""source"": ""builtin"", ""voltage"": 220, ""max_temperature"": 65, ""min_temperature"": -40, ""power_per_meter"": 20}, {""brand"": ""ТЛТ"", ""model"": ""ТЛТ-25"", ""source"": ""builtin"", ""voltage"": 220, ""max_temperature"": 85, ""min_temperature"": -50, ""power_per_meter"": 25}, {""brand"": ""ТЛТ"", ""model"": ""ТЛТ-30"", ""source"": ""builtin"", ""voltage"": 220, ""max_temperature"": 85, ""min_temperature"": -50, ""power_per_meter"": 30}, {""brand"": ""ТЛТ"", ""model"": ""ТЛТ-40"", ""source"": ""builtin"", ""voltage"": 220, ""max_temperature"": 110, ""min_temperature"": -50, ""power_per_meter"": 40}, {""brand"": ""ТЛТ"", ""model"": ""ТЛТ-50"", ""source"": ""builtin"", ""voltage"": 220, ""max_temperature"": 110, ""min_temperature"": -50, ""power_per_meter"": 50}, {""brand"": ""ТЛТ"", ""model"": ""ТЛТ-60"", ""source"": ""builtin"", ""voltage"": 220, ""max_temperature"": 120, ""min_temperature"": -55, ""power_per_meter"": 60}, {""brand"": ""ТЛТ"", ""model"": ""ТЛТ-75"", ""source"": ""builtin"", ""voltage"": 220, ""max_temperature"": 120, ""min_temperature"": -55, ""power_per_meter"": 75}, {""brand"": ""ТЛТ"", ""model"": ""ТЛТ-100"", ""source"": ""builtin"", ""voltage"": 220, ""max_temperature"": 150, ""min_temperature"": -60, ""power_per_meter"": 100}], ""safety_factor"": 1.1, ""supply_voltage"": 220.0, ""ambient_temperature"": -10.0, ""process_temperature"": 40.0, ""required_power_per_meter"": 9.186}";"{""current"": 0.075, ""voltage"": 220.0, ""total_power"": 16.5, ""cable_length"": 1.1, ""selected_cable"": ""ТЛТ-15""}"
Труба DN108 №56;4;self_regulating;ТЛТ-60;"{""cable_mark"": null, ""pipe_length"": 255.2, ""cable_catalog"": [{""brand"": ""ТЛТ"", ""model"": ""ТЛТ-10"", ""source"": ""builtin"", ""voltage"": 220, ""max_temperature"": 65, ""min_temperature"": -40, ""power_per_meter"": 10}, {""brand"": ""ТЛТ"", ""model"": ""ТЛТ-15"", ""source"": ""builtin"", ""voltage"": 220, ""max_temperature"": 65, ""min_temperature"": -40, ""power_per_meter"": 15}, {""brand"": ""ТЛТ"", ""model"": ""ТЛТ-20"", ""source"": ""builtin"", ""voltage"": 220, ""max_temperature"": 65, ""min_temperature"": -40, ""power_per_meter"": 20}, {""brand"": ""ТЛТ"", ""model"": ""ТЛТ-25"", ""source"": ""builtin"", ""voltage"": 220, ""max_temperature"": 85, ""min_temperature"": -50, ""power_per_meter"": 25}, {""brand"": ""ТЛТ"", ""model"": ""ТЛТ-30"", ""source"": ""builtin"", ""voltage"": 220, ""max_temperature"": 85, ""min_temperature"": -50, ""power_per_meter"": 30}, {""brand"": ""ТЛТ"", ""model"": ""ТЛТ-40"", ""source"": ""builtin"", ""voltage"": 220, ""max_temperature"": 110, ""min_temperature"": -50, ""power_per_meter"": 40}, {""brand"": ""ТЛТ"", ""model"": ""ТЛТ-50"", ""source"": ""builtin"", ""voltage"": 220, ""max_temperature"": 110, ""min_temperature"": -50, ""power_per_meter"": 50}, {""brand"": ""ТЛТ"", ""model"": ""ТЛТ-60"", ""source"": ""builtin"", ""voltage"": 220, ""max_temperature"": 120, ""min_temperature"": -55, ""power_per_meter"": 60}, {""brand"": ""ТЛТ"", ""model"": ""ТЛТ-75"", ""source"": ""builtin"", ""voltage"": 220, ""max_temperature"": 120, ""min_temperature"": -55, ""power_per_meter"": 75}, {""brand"": ""ТЛТ"", ""model"": ""ТЛТ-100"", ""source"": ""builtin"", ""voltage"": 220, ""max_temperature"": 150, ""min_temperature"": -60, ""power_per_meter"": 100}], ""safety_factor"": 1.1, ""supply_voltage"": 220.0, ""ambient_temperature"": -30.0, ""process_temperature"": 100.0, ""required_power_per_meter"": 53.062}";"{""current"": 76.56, ""voltage"": 220.0, ""total_power"": 16843.2, ""cable_length"": 280.72, ""selected_cable"": ""ТЛТ-60""}"
Цил. бак №5;4;self_regulating;ТЛТ-50;"{""cable_mark"": null, ""pipe_length"": 5.0, ""cable_catalog"": [{""brand"": ""ТЛТ"", ""model"": ""ТЛТ-10"", ""source"": ""builtin"", ""voltage"": 220, ""max_temperature"": 65, ""min_temperature"": -40, ""power_per_meter"": 10}, {""brand"": ""ТЛТ"", ""model"": ""ТЛТ-15"", ""source"": ""builtin"", ""voltage"": 220, ""max_temperature"": 65, ""min_temperature"": -40, ""power_per_meter"": 15}, {""brand"": ""ТЛТ"", ""model"": ""ТЛТ-20"", ""source"": ""builtin"", ""voltage"": 220, ""max_temperature"": 65, ""min_temperature"": -40, ""power_per_meter"": 20}, {""brand"": ""ТЛТ"", ""model"": ""ТЛТ-25"", ""source"": ""builtin"", ""voltage"": 220, ""max_temperature"": 85, ""min_temperature"": -50, ""power_per_meter"": 25}, {""brand"": ""ТЛТ"", ""model"": ""ТЛТ-30"", ""source"": ""builtin"", ""voltage"": 220, ""max_temperature"": 85, ""min_temperature"": -50, ""power_per_meter"": 30}, {""brand"": ""ТЛТ"", ""model"": ""ТЛТ-40"", ""source"": ""builtin"", ""voltage"": 220, ""max_temperature"": 110, ""min_temperature"": -50, ""power_per_meter"": 40}, {""brand"": ""ТЛТ"", ""model"": ""ТЛТ-50"", ""source"": ""builtin"", ""voltage"": 220, ""max_temperature"": 110, ""min_temperature"": -50, ""power_per_meter"": 50}, {""brand"": ""ТЛТ"", ""model"": ""ТЛТ-60"", ""source"": ""builtin"", ""voltage"": 220, ""max_temperature"": 120, ""min_temperature"": -55, ""power_per_meter"": 60}, {""brand"": ""ТЛТ"", ""model"": ""ТЛТ-75"", ""source"": ""builtin"", ""voltage"": 220, ""max_temperature"": 120, ""min_temperature"": -55, ""power_per_meter"": 75}, {""brand"": ""ТЛТ"", ""model"": ""ТЛТ-100"", ""source"": ""builtin"", ""voltage"": 220, ""max_temperature"": 150, ""min_temperature"": -60, ""power_per_meter"": 100}], ""safety_factor"": 1.1, ""supply_voltage"": 220.0, ""ambient_temperature"": -10.0, ""process_temperature"": 60.0, ""required_power_per_meter"": 37.554}";"{""current"": 1.25, ""voltage"": 220.0, ""total_power"": 275.0, ""cable_length"": 5.5, ""selected_cable"": ""ТЛТ-50""}"
Прям. бак №14;4;self_regulating;ТЛТ-50;"{""cable_mark"": null, ""pipe_length"": 2.0, ""cable_catalog"": [{""brand"": ""ТЛТ"", ""model"": ""ТЛТ-10"", ""source"": ""builtin"", ""voltage"": 220, ""max_temperature"": 65, ""min_temperature"": -40, ""power_per_meter"": 10}, {""brand"": ""ТЛТ"", ""model"": ""ТЛТ-15"", ""source"": ""builtin"", ""voltage"": 220, ""max_temperature"": 65, ""min_temperature"": -40, ""power_per_meter"": 15}, {""brand"": ""ТЛТ"", ""model"": ""ТЛТ-20"", ""source"": ""builtin"", ""voltage"": 220, ""max_temperature"": 65, ""min_temperature"": -40, ""power_per_meter"": 20}, {""brand"": ""ТЛТ"", ""model"": ""ТЛТ-25"", ""source"": ""builtin"", ""voltage"": 220, ""max_temperature"": 85, ""min_temperature"": -50, ""power_per_meter"": 25}, {""brand"": ""ТЛТ"", ""model"": ""ТЛТ-30"", ""source"": ""builtin"", ""voltage"": 220, ""max_temperature"": 85, ""min_temperature"": -50, ""power_per_meter"": 30}, {""brand"": ""ТЛТ"", ""model"": ""ТЛТ-40"", ""source"": ""builtin"", ""voltage"": 220, ""max_temperature"": 110, ""min_temperature"": -50, ""power_per_meter"": 40}, {""brand"": ""ТЛТ"", ""model"": ""ТЛТ-50"", ""source"": ""builtin"", ""voltage"": 220, ""max_temperature"": 110, ""min_temperature"": -50, ""power_per_meter"": 50}, {""brand"": ""ТЛТ"", ""model"": ""ТЛТ-60"", ""source"": ""builtin"", ""voltage"": 220, ""max_temperature"": 120, ""min_temperature"": -55, ""power_per_meter"": 60}, {""brand"": ""ТЛТ"", ""model"": ""ТЛТ-75"", ""source"": ""builtin"", ""voltage"": 220, ""max_temperature"": 120, ""min_temperature"": -55, ""power_per_meter"": 75}, {""brand"": ""ТЛТ"", ""model"": ""ТЛТ-100"", ""source"": ""builtin"", ""voltage"": 220, ""max_temperature"": 150, ""min_temperature"": -60, ""power_per_meter"": 100}], ""safety_factor"": 1.1, ""supply_voltage"": 220.0, ""ambient_temperature"": -20.0, ""process_temperature"": 100.0, ""required_power_per_meter"": 36.99}";"{""current"": 0.5, ""voltage"": 220.0, ""total_power"": 110.0, ""cable_length"": 2.2, ""selected_cable"": ""ТЛТ-50""}"
Цил. бак №23;4;self_regulating;ТЛТ-50;"{""cable_mark"": null, ""pipe_length"": 3.0, ""cable_catalog"": [{""brand"": ""ТЛТ"", ""model"": ""ТЛТ-10"", ""source"": ""builtin"", ""voltage"": 220, ""max_temperature"": 65, ""min_temperature"": -40, ""power_per_meter"": 10}, {""brand"": ""ТЛТ"", ""model"": ""ТЛТ-15"", ""source"": ""builtin"", ""voltage"": 220, ""max_temperature"": 65, ""min_temperature"": -40, ""power_per_meter"": 15}, {""brand"": ""ТЛТ"", ""model"": ""ТЛТ-20"", ""source"": ""builtin"", ""voltage"": 220, ""max_temperature"": 65, ""min_temperature"": -40, ""power_per_meter"": 20}, {""brand"": ""ТЛТ"", ""model"": ""ТЛТ-25"", ""source"": ""builtin"", ""voltage"": 220, ""max_temperature"": 85, ""min_temperature"": -50, ""power_per_meter"": 25}, {""brand"": ""ТЛТ"", ""model"": ""ТЛТ-30"", ""source"": ""builtin"", ""voltage"": 220, ""max_temperature"": 85, ""min_temperature"": -50, ""power_per_meter"": 30}, {""brand"": ""ТЛТ"", ""model"": ""ТЛТ-40"", ""source"": ""builtin"", ""voltage"": 220, ""max_temperature"": 110, ""min_temperature"": -50, ""power_per_meter"": 40}, {""brand"": ""ТЛТ"", ""model"": ""ТЛТ-50"", ""source"": ""builtin"", ""voltage"": 220, ""max_temperature"": 110, ""min_temperature"": -50, ""power_per_meter"": 50}, {""brand"": ""ТЛТ"", ""model"": ""ТЛТ-60"", ""source"": ""builtin"", ""voltage"": 220, ""max_temperature"": 120, ""min_temperature"": -55, ""power_per_meter"": 60}, {""brand"": ""ТЛТ"", ""model"": ""ТЛТ-75"", ""source"": ""builtin"", ""voltage"": 220, ""max_temperature"": 120, ""min_temperature"": -55, ""power_per_meter"": 75}, {""brand"": ""ТЛТ"", ""model"": ""ТЛТ-100"", ""source"": ""builtin"", ""voltage"": 220, ""max_temperature"": 150, ""min_temperature"": -60, ""power_per_meter"": 100}], ""safety_factor"": 1.1, ""supply_voltage"": 220.0, ""ambient_temperature"": -40.0, ""process_temperature"": 40.0, ""required_power_per_meter"": 41.4}";"{""current"": 0.75, ""voltage"": 220.0, ""total_power"": 165.0, ""cable_length"": 3.3, ""selected_cable"": ""ТЛТ-50""}"
Цил. бак №29;4;self_regulating;ТЛТ-30;"{""cable_mark"": null, ""pipe_length"": 4.0, ""cable_catalog"": [{""brand"": ""ТЛТ"", ""model"": ""ТЛТ-10"", ""source"": ""builtin"", ""voltage"": 220, ""max_temperature"": 65, ""min_temperature"": -40, ""power_per_meter"": 10}, {""brand"": ""ТЛТ"", ""model"": ""ТЛТ-15"", ""source"": ""builtin"", ""voltage"": 220, ""max_temperature"": 65, ""min_temperature"": -40, ""power_per_meter"": 15}, {""brand"": ""ТЛТ"", ""model"": ""ТЛТ-20"", ""source"": ""builtin"", ""voltage"": 220, ""max_temperature"": 65, ""min_temperature"": -40, ""power_per_meter"": 20}, {""brand"": ""ТЛТ"", ""model"": ""ТЛТ-25"", ""source"": ""builtin"", ""voltage"": 220, ""max_temperature"": 85, ""min_temperature"": -50, ""power_per_meter"": 25}, {""brand"": ""ТЛТ"", ""model"": ""ТЛТ-30"", ""source"": ""builtin"", ""voltage"": 220, ""max_temperature"": 85, ""min_temperature"": -50, ""power_per_meter"": 30}, {""brand"": ""ТЛТ"", ""model"": ""ТЛТ-40"", ""source"": ""builtin"", ""voltage"": 220, ""max_temperature"": 110, ""min_temperature"": -50, ""power_per_meter"": 40}, {""brand"": ""ТЛТ"", ""model"": ""ТЛТ-50"", ""source"": ""builtin"", ""voltage"": 220, ""max_temperature"": 110, ""min_temperature"": -50, ""power_per_meter"": 50}, {""brand"": ""ТЛТ"", ""model"": ""ТЛТ-60"", ""source"": ""builtin"", ""voltage"": 220, ""max_temperature"": 120, ""min_temperature"": -55, ""power_per_meter"": 60}, {""brand"": ""ТЛТ"", ""model"": ""ТЛТ-75"", ""source"": ""builtin"", ""voltage"": 220, ""max_temperature"": 120, ""min_temperature"": -55, ""power_per_meter"": 75}, {""brand"": ""ТЛТ"", ""model"": ""ТЛТ-100"", ""source"": ""builtin"", ""voltage"": 220, ""max_temperature"": 150, ""min_temperature"": -60, ""power_per_meter"": 100}], ""safety_factor"": 1.1, ""supply_voltage"": 220.0, ""ambient_temperature"": -30.0, ""process_temperature"": 80.0, ""required_power_per_meter"": 25.161}";"{""current"": 0.6, ""voltage"": 220.0, ""total_power"": 132.0, ""cable_length"": 4.4, ""selected_cable"": ""ТЛТ-30""}"
Прям. бак №33;4;self_regulating;ТЛТ-10;"{""cable_mark"": null, ""pipe_length"": 3.0, ""cable_catalog"": [{""brand"": ""ТЛТ"", ""model"": ""ТЛТ-10"", ""source"": ""builtin"", ""voltage"": 220, ""max_temperature"": 65, ""min_temperature"": -40, ""power_per_meter"": 10}, {""brand"": ""ТЛТ"", ""model"": ""ТЛТ-15"", ""source"": ""builtin"", ""voltage"": 220, ""max_temperature"": 65, ""min_temperature"": -40, ""power_per_meter"": 15}, {""brand"": ""ТЛТ"", ""model"": ""ТЛТ-20"", ""source"": ""builtin"", ""voltage"": 220, ""max_temperature"": 65, ""min_temperature"": -40, ""power_per_meter"": 20}, {""brand"": ""ТЛТ"", ""model"": ""ТЛТ-25"", ""source"": ""builtin"", ""voltage"": 220, ""max_temperature"": 85, ""min_temperature"": -50, ""power_per_meter"": 25}, {""brand"": ""ТЛТ"", ""model"": ""ТЛТ-30"", ""source"": ""builtin"", ""voltage"": 220, ""max_temperature"": 85, ""min_temperature"": -50, ""power_per_meter"": 30}, {""brand"": ""ТЛТ"", ""model"": ""ТЛТ-40"", ""source"": ""builtin"", ""voltage"": 220, ""max_temperature"": 110, ""min_temperature"": -50, ""power_per_meter"": 40}, {""brand"": ""ТЛТ"", ""model"": ""ТЛТ-50"", ""source"": ""builtin"", ""voltage"": 220, ""max_temperature"": 110, ""min_temperature"": -50, ""power_per_meter"": 50}, {""brand"": ""ТЛТ"", ""model"": ""ТЛТ-60"", ""source"": ""builtin"", ""voltage"": 220, ""max_temperature"": 120, ""min_temperature"": -55, ""power_per_meter"": 60}, {""brand"": ""ТЛТ"", ""model"": ""ТЛТ-75"", ""source"": ""builtin"", ""voltage"": 220, ""max_temperature"": 120, ""min_temperature"": -55, ""power_per_meter"": 75}, {""brand"": ""ТЛТ"", ""model"": ""ТЛТ-100"", ""source"": ""builtin"", ""voltage"": 220, ""max_temperature"": 150, ""min_temperature"": -60, ""power_per_meter"": 100}], ""safety_factor"": 1.1, ""supply_voltage"": 220.0, ""ambient_temperature"": 10.0, ""process_temperature"": 40.0, ""required_power_per_meter"": 4.15}";"{""current"": 0.15, ""voltage"": 220.0, ""total_power"": 33.0, ""cable_length"": 3.3, ""selected_cable"": ""ТЛТ-10""}"
Труба DN108 №54;4;self_regulating;ТЛТ-50;"{""cable_mark"": null, ""pipe_length"": 62.1, ""cable_catalog"": [{""brand"": ""ТЛТ"", ""model"": ""ТЛТ-10"", ""source"": ""builtin"", ""voltage"": 220, ""max_temperature"": 65, ""min_temperature"": -40, ""power_per_meter"": 10}, {""brand"": ""ТЛТ"", ""model"": ""ТЛТ-15"", ""source"": ""builtin"", ""voltage"": 220, ""max_temperature"": 65, ""min_temperature"": -40, ""power_per_meter"": 15}, {""brand"": ""ТЛТ"", ""model"": ""ТЛТ-20"", ""source"": ""builtin"", ""voltage"": 220, ""max_temperature"": 65, ""min_temperature"": -40, ""power_per_meter"": 20}, {""brand"": ""ТЛТ"", ""model"": ""ТЛТ-25"", ""source"": ""builtin"", ""voltage"": 220, ""max_temperature"": 85, ""min_temperature"": -50, ""power_per_meter"": 25}, {""brand"": ""ТЛТ"", ""model"": ""ТЛТ-30"", ""source"": ""builtin"", ""voltage"": 220, ""max_temperature"": 85, ""min_temperature"": -50, ""power_per_meter"": 30}, {""brand"": ""ТЛТ"", ""model"": ""ТЛТ-40"", ""source"": ""builtin"", ""voltage"": 220, ""max_temperature"": 110, ""min_temperature"": -50, ""power_per_meter"": 40}, {""brand"": ""ТЛТ"", ""model"": ""ТЛТ-50"", ""source"": ""builtin"", ""voltage"": 220, ""max_temperature"": 110, ""min_temperature"": -50, ""power_per_meter"": 50}, {""brand"": ""ТЛТ"", ""model"": ""ТЛТ-60"", ""source"": ""builtin"", ""voltage"": 220, ""max_temperature"": 120, ""min_temperature"": -55, ""power_per_meter"": 60}, {""brand"": ""ТЛТ"", ""model"": ""ТЛТ-75"", ""source"": ""builtin"", ""voltage"": 220, ""max_temperature"": 120, ""min_temperature"": -55, ""power_per_meter"": 75}, {""brand"": ""ТЛТ"", ""model"": ""ТЛТ-100"", ""source"": ""builtin"", ""voltage"": 220, ""max_temperature"": 150, ""min_temperature"": -60, ""power_per_meter"": 100}], ""safety_factor"": 1.1, ""supply_voltage"": 220.0, ""ambient_temperature"": 10.0, ""process_temperature"": 60.0, ""required_power_per_meter"": 40.155}";"{""current"": 15.525, ""voltage"": 220.0, ""total_power"": 3415.5, ""cable_length"": 68.31, ""selected_cable"": ""ТЛТ-50""}"
Труба DN325 №58;4;self_regulating;ТЛТ-50;"{""cable_mark"": null, ""pipe_length"": 278.1, ""cable_catalog"": [{""brand"": ""ТЛТ"", ""model"": ""ТЛТ-10"", ""source"": ""builtin"", ""voltage"": 220, ""max_temperature"": 65, ""min_temperature"": -40, ""power_per_meter"": 10}, {""brand"": ""ТЛТ"", ""model"": ""ТЛТ-15"", ""source"": ""builtin"", ""voltage"": 220, ""max_temperature"": 65, ""min_temperature"": -40, ""power_per_meter"": 15}, {""brand"": ""ТЛТ"", ""model"": ""ТЛТ-20"", ""source"": ""builtin"", ""voltage"": 220, ""max_temperature"": 65, ""min_temperature"": -40, ""power_per_meter"": 20}, {""brand"": ""ТЛТ"", ""model"": ""ТЛТ-25"", ""source"": ""builtin"", ""voltage"": 220, ""max_temperature"": 85, ""min_temperature"": -50, ""power_per_meter"": 25}, {""brand"": ""ТЛТ"", ""model"": ""ТЛТ-30"", ""source"": ""builtin"", ""voltage"": 220, ""max_temperature"": 85, ""min_temperature"": -50, ""power_per_meter"": 30}, {""brand"": ""ТЛТ"", ""model"": ""ТЛТ-40"", ""source"": ""builtin"", ""voltage"": 220, ""max_temperature"": 110, ""min_temperature"": -50, ""power_per_meter"": 40}, {""brand"": ""ТЛТ"", ""model"": ""ТЛТ-50"", ""source"": ""builtin"", ""voltage"": 220, ""max_temperature"": 110, ""min_temperature"": -50, ""power_per_meter"": 50}, {""brand"": ""ТЛТ"", ""model"": ""ТЛТ-60"", ""source"": ""builtin"", ""voltage"": 220, ""max_temperature"": 120, ""min_temperature"": -55, ""power_per_meter"": 60}, {""brand"": ""ТЛТ"", ""model"": ""ТЛТ-75"", ""source"": ""builtin"", ""voltage"": 220, ""max_temperature"": 120, ""min_temperature"": -55, ""power_per_meter"": 75}, {""brand"": ""ТЛТ"", ""model"": ""ТЛТ-100"", ""source"": ""builtin"", ""voltage"": 220, ""max_temperature"": 150, ""min_temperature"": -60, ""power_per_meter"": 100}], ""safety_factor"": 1.1, ""supply_voltage"": 220.0, ""ambient_temperature"": -40.0, ""process_temperature"": 50.0, ""required_power_per_meter"": 36.835}";"{""current"": 69.525, ""voltage"": 220.0, ""total_power"": 15295.5, ""cable_length"": 305.91, ""selected_cable"": ""ТЛТ-50""}"
Цил. бак №3;4;self_regulating;ТЛТ-25;"{""cable_mark"": null, ""pipe_length"": 4.0, ""cable_catalog"": [{""brand"": ""ТЛТ"", ""model"": ""ТЛТ-10"", ""source"": ""builtin"", ""voltage"": 220, ""max_temperature"": 65, ""min_temperature"": -40, ""power_per_meter"": 10}, {""brand"": ""ТЛТ"", ""model"": ""ТЛТ-15"", ""source"": ""builtin"", ""voltage"": 220, ""max_temperature"": 65, ""min_temperature"": -40, ""power_per_meter"": 15}, {""brand"": ""ТЛТ"", ""model"": ""ТЛТ-20"", ""source"": ""builtin"", ""voltage"": 220, ""max_temperature"": 65, ""min_temperature"": -40, ""power_per_meter"": 20}, {""brand"": ""ТЛТ"", ""model"": ""ТЛТ-25"", ""source"": ""builtin"", ""voltage"": 220, ""max_temperature"": 85, ""min_temperature"": -50, ""power_per_meter"": 25}, {""brand"": ""ТЛТ"", ""model"": ""ТЛТ-30"", ""source"": ""builtin"", ""voltage"": 220, ""max_temperature"": 85, ""min_temperature"": -50, ""power_per_meter"": 30}, {""brand"": ""ТЛТ"", ""model"": ""ТЛТ-40"", ""source"": ""builtin"", ""voltage"": 220, ""max_temperature"": 110, ""min_temperature"": -50, ""power_per_meter"": 40}, {""brand"": ""ТЛТ"", ""model"": ""ТЛТ-50"", ""source"": ""builtin"", ""voltage"": 220, ""max_temperature"": 110, ""min_temperature"": -50, ""power_per_meter"": 50}, {""brand"": ""ТЛТ"", ""model"": ""ТЛТ-60"", ""source"": ""builtin"", ""voltage"": 220, ""max_temperature"": 120, ""min_temperature"": -55, ""power_per_meter"": 60}, {""brand"": ""ТЛТ"", ""model"": ""ТЛТ-75"", ""source"": ""builtin"", ""voltage"": 220, ""max_temperature"": 120, ""min_temperature"": -55, ""power_per_meter"": 75}, {""brand"": ""ТЛТ"", ""model"": ""ТЛТ-100"", ""source"": ""builtin"", ""voltage"": 220, ""max_temperature"": 150, ""min_temperature"": -60, ""power_per_meter"": 100}], ""safety_factor"": 1.1, ""supply_voltage"": 220.0, ""ambient_temperature"": -10.0, ""process_temperature"": 40.0, ""required_power_per_meter"": 18.71}";"{""current"": 0.5, ""voltage"": 220.0, ""total_power"": 110.0, ""cable_length"": 4.4, ""selected_cable"": ""ТЛТ-25""}"
Прям. бак №7;4;self_regulating;ТЛТ-40;"{""cable_mark"": null, ""pipe_length"": 4.0, ""cable_catalog"": [{""brand"": ""ТЛТ"", ""model"": ""ТЛТ-10"", ""source"": ""builtin"", ""voltage"": 220, ""max_temperature"": 65, ""min_temperature"": -40, ""power_per_meter"": 10}, {""brand"": ""ТЛТ"", ""model"": ""ТЛТ-15"", ""source"": ""builtin"", ""voltage"": 220, ""max_temperature"": 65, ""min_temperature"": -40, ""power_per_meter"": 15}, {""brand"": ""ТЛТ"", ""model"": ""ТЛТ-20"", ""source"": ""builtin"", ""voltage"": 220, ""max_temperature"": 65, ""min_temperature"": -40, ""power_per_meter"": 20}, {""brand"": ""ТЛТ"", ""model"": ""ТЛТ-25"", ""source"": ""builtin"", ""voltage"": 220, ""max_temperature"": 85, ""min_temperature"": -50, ""power_per_meter"": 25}, {""brand"": ""ТЛТ"", ""model"": ""ТЛТ-30"", ""source"": ""builtin"", ""voltage"": 220, ""max_temperature"": 85, ""min_temperature"": -50, ""power_per_meter"": 30}, {""brand"": ""ТЛТ"", ""model"": ""ТЛТ-40"", ""source"": ""builtin"", ""voltage"": 220, ""max_temperature"": 110, ""min_temperature"": -50, ""power_per_meter"": 40}, {""brand"": ""ТЛТ"", ""model"": ""ТЛТ-50"", ""source"": ""builtin"", ""voltage"": 220, ""max_temperature"": 110, ""min_temperature"": -50, ""power_per_meter"": 50}, {""brand"": ""ТЛТ"", ""model"": ""ТЛТ-60"", ""source"": ""builtin"", ""voltage"": 220, ""max_temperature"": 120, ""min_temperature"": -55, ""power_per_meter"": 60}, {""brand"": ""ТЛТ"", ""model"": ""ТЛТ-75"", ""source"": ""builtin"", ""voltage"": 220, ""max_temperature"": 120, ""min_temperature"": -55, ""power_per_meter"": 75}, {""brand"": ""ТЛТ"", ""model"": ""ТЛТ-100"", ""source"": ""builtin"", ""voltage"": 220, ""max_temperature"": 150, ""min_temperature"": -60, ""power_per_meter"": 100}], ""safety_factor"": 1.1, ""supply_voltage"": 220.0, ""ambient_temperature"": -20.0, ""process_temperature"": 80.0, ""required_power_per_meter"": 29.244}";"{""current"": 0.8, ""voltage"": 220.0, ""total_power"": 176.0, ""cable_length"": 4.4, ""selected_cable"": ""ТЛТ-40""}"
Прям. бак №15;4;self_regulating;ТЛТ-20;"{""cable_mark"": null, ""pipe_length"": 3.0, ""cable_catalog"": [{""brand"": ""ТЛТ"", ""model"": ""ТЛТ-10"", ""source"": ""builtin"", ""voltage"": 220, ""max_temperature"": 65, ""min_temperature"": -40, ""power_per_meter"": 10}, {""brand"": ""ТЛТ"", ""model"": ""ТЛТ-15"", ""source"": ""builtin"", ""voltage"": 220, ""max_temperature"": 65, ""min_temperature"": -40, ""power_per_meter"": 15}, {""brand"": ""ТЛТ"", ""model"": ""ТЛТ-20"", ""source"": ""builtin"", ""voltage"": 220, ""max_temperature"": 65, ""min_temperature"": -40, ""power_per_meter"": 20}, {""brand"": ""ТЛТ"", ""model"": ""ТЛТ-25"", ""source"": ""builtin"", ""voltage"": 220, ""max_temperature"": 85, ""min_temperature"": -50, ""power_per_meter"": 25}, {""brand"": ""ТЛТ"", ""model"": ""ТЛТ-30"", ""source"": ""builtin"", ""voltage"": 220, ""max_temperature"": 85, ""min_temperature"": -50, ""power_per_meter"": 30}, {""brand"": ""ТЛТ"", ""model"": ""ТЛТ-40"", ""source"": ""builtin"", ""voltage"": 220, ""max_temperature"": 110, ""min_temperature"": -50, ""power_per_meter"": 40}, {""brand"": ""ТЛТ"", ""model"": ""ТЛТ-50"", ""source"": ""builtin"", ""voltage"": 220, ""max_temperature"": 110, ""min_temperature"": -50, ""power_per_meter"": 50}, {""brand"": ""ТЛТ"", ""model"": ""ТЛТ-60"", ""source"": ""builtin"", ""voltage"": 220, ""max_temperature"": 120, ""min_temperature"": -55, ""power_per_meter"": 60}, {""brand"": ""ТЛТ"", ""model"": ""ТЛТ-75"", ""source"": ""builtin"", ""voltage"": 220, ""max_temperature"": 120, ""min_temperature"": -55, ""power_per_meter"": 75}, {""brand"": ""ТЛТ"", ""model"": ""ТЛТ-100"", ""source"": ""builtin"", ""voltage"": 220, ""max_temperature"": 150, ""min_temperature"": -60, ""power_per_meter"": 100}], ""safety_factor"": 1.1, ""supply_voltage"": 220.0, ""ambient_temperature"": 10.0, ""process_temperature"": 60.0, ""required_power_per_meter"": 15.413}";"{""current"": 0.3, ""voltage"": 220.0, ""total_power"": 66.0, ""cable_length"": 3.3, ""selected_cable"": ""ТЛТ-20""}"
Цил. бак №24;4;self_regulating;ТЛТ-50;"{""cable_mark"": null, ""pipe_length"": 6.0, ""cable_catalog"": [{""brand"": ""ТЛТ"", ""model"": ""ТЛТ-10"", ""source"": ""builtin"", ""voltage"": 220, ""max_temperature"": 65, ""min_temperature"": -40, ""power_per_meter"": 10}, {""brand"": ""ТЛТ"", ""model"": ""ТЛТ-15"", ""source"": ""builtin"", ""voltage"": 220, ""max_temperature"": 65, ""min_temperature"": -40, ""power_per_meter"": 15}, {""brand"": ""ТЛТ"", ""model"": ""ТЛТ-20"", ""source"": ""builtin"", ""voltage"": 220, ""max_temperature"": 65, ""min_temperature"": -40, ""power_per_meter"": 20}, {""brand"": ""ТЛТ"", ""model"": ""ТЛТ-25"", ""source"": ""builtin"", ""voltage"": 220, ""max_temperature"": 85, ""min_temperature"": -50, ""power_per_meter"": 25}, {""brand"": ""ТЛТ"", ""model"": ""ТЛТ-30"", ""source"": ""builtin"", ""voltage"": 220, ""max_temperature"": 85, ""min_temperature"": -50, ""power_per_meter"": 30}, {""brand"": ""ТЛТ"", ""model"": ""ТЛТ-40"", ""source"": ""builtin"", ""voltage"": 220, ""max_temperature"": 110, ""min_temperature"": -50, ""power_per_meter"": 40}, {""brand"": ""ТЛТ"", ""model"": ""ТЛТ-50"", ""source"": ""builtin"", ""voltage"": 220, ""max_temperature"": 110, ""min_temperature"": -50, ""power_per_meter"": 50}, {""brand"": ""ТЛТ"", ""model"": ""ТЛТ-60"", ""source"": ""builtin"", ""voltage"": 220, ""max_temperature"": 120, ""min_temperature"": -55, ""power_per_meter"": 60}, {""brand"": ""ТЛТ"", ""model"": ""ТЛТ-75"", ""source"": ""builtin"", ""voltage"": 220, ""max_temperature"": 120, ""min_temperature"": -55, ""power_per_meter"": 75}, {""brand"": ""ТЛТ"", ""model"": ""ТЛТ-100"", ""source"": ""builtin"", ""voltage"": 220, ""max_temperature"": 150, ""min_temperature"": -60, ""power_per_meter"": 100}], ""safety_factor"": 1.1, ""supply_voltage"": 220.0, ""ambient_temperature"": 0.0, ""process_temperature"": 100.0, ""required_power_per_meter"": 41.773}";"{""current"": 1.5, ""voltage"": 220.0, ""total_power"": 330.0, ""cable_length"": 6.6, ""selected_cable"": ""ТЛТ-50""}"
Прям. бак №19;4;self_regulating;ТЛТ-50;"{""cable_mark"": null, ""pipe_length"": 4.0, ""cable_catalog"": [{""brand"": ""ТЛТ"", ""model"": ""ТЛТ-10"", ""source"": ""builtin"", ""voltage"": 220, ""max_temperature"": 65, ""min_temperature"": -40, ""power_per_meter"": 10}, {""brand"": ""ТЛТ"", ""model"": ""ТЛТ-15"", ""source"": ""builtin"", ""voltage"": 220, ""max_temperature"": 65, ""min_temperature"": -40, ""power_per_meter"": 15}, {""brand"": ""ТЛТ"", ""model"": ""ТЛТ-20"", ""source"": ""builtin"", ""voltage"": 220, ""max_temperature"": 65, ""min_temperature"": -40, ""power_per_meter"": 20}, {""brand"": ""ТЛТ"", ""model"": ""ТЛТ-25"", ""source"": ""builtin"", ""voltage"": 220, ""max_temperature"": 85, ""min_temperature"": -50, ""power_per_meter"": 25}, {""brand"": ""ТЛТ"", ""model"": ""ТЛТ-30"", ""source"": ""builtin"", ""voltage"": 220, ""max_temperature"": 85, ""min_temperature"": -50, ""power_per_meter"": 30}, {""brand"": ""ТЛТ"", ""model"": ""ТЛТ-40"", ""source"": ""builtin"", ""voltage"": 220, ""max_temperature"": 110, ""min_temperature"": -50, ""power_per_meter"": 40}, {""brand"": ""ТЛТ"", ""model"": ""ТЛТ-50"", ""source"": ""builtin"", ""voltage"": 220, ""max_temperature"": 110, ""min_temperature"": -50, ""power_per_meter"": 50}, {""brand"": ""ТЛТ"", ""model"": ""ТЛТ-60"", ""source"": ""builtin"", ""voltage"": 220, ""max_temperature"": 120, ""min_temperature"": -55, ""power_per_meter"": 60}, {""brand"": ""ТЛТ"", ""model"": ""ТЛТ-75"", ""source"": ""builtin"", ""voltage"": 220, ""max_temperature"": 120, ""min_temperature"": -55, ""power_per_meter"": 75}, {""brand"": ""ТЛТ"", ""model"": ""ТЛТ-100"", ""source"": ""builtin"", ""voltage"": 220, ""max_temperature"": 150, ""min_temperature"": -60, ""power_per_meter"": 100}], ""safety_factor"": 1.1, ""supply_voltage"": 220.0, ""ambient_temperature"": 10.0, ""process_temperature"": 80.0, ""required_power_per_meter"": 43.086}";"{""current"": 1.0, ""voltage"": 220.0, ""total_power"": 220.0, ""cable_length"": 4.4, ""selected_cable"": ""ТЛТ-50""}"
Шар. бак №28;4;self_regulating;ТЛТ-100;"{""cable_mark"": null, ""pipe_length"": 1.0, ""cable_catalog"": [{""brand"": ""ТЛТ"", ""model"": ""ТЛТ-10"", ""source"": ""builtin"", ""voltage"": 220, ""max_temperature"": 65, ""min_temperature"": -40, ""power_per_meter"": 10}, {""brand"": ""ТЛТ"", ""model"": ""ТЛТ-15"", ""source"": ""builtin"", ""voltage"": 220, ""max_temperature"": 65, ""min_temperature"": -40, ""power_per_meter"": 15}, {""brand"": ""ТЛТ"", ""model"": ""ТЛТ-20"", ""source"": ""builtin"", ""voltage"": 220, ""max_temperature"": 65, ""min_temperature"": -40, ""power_per_meter"": 20}, {""brand"": ""ТЛТ"", ""model"": ""ТЛТ-25"", ""source"": ""builtin"", ""voltage"": 220, ""max_temperature"": 85, ""min_temperature"": -50, ""power_per_meter"": 25}, {""brand"": ""ТЛТ"", ""model"": ""ТЛТ-30"", ""source"": ""builtin"", ""voltage"": 220, ""max_temperature"": 85, ""min_temperature"": -50, ""power_per_meter"": 30}, {""brand"": ""ТЛТ"", ""model"": ""ТЛТ-40"", ""source"": ""builtin"", ""voltage"": 220, ""max_temperature"": 110, ""min_temperature"": -50, ""power_per_meter"": 40}, {""brand"": ""ТЛТ"", ""model"": ""ТЛТ-50"", ""source"": ""builtin"", ""voltage"": 220, ""max_temperature"": 110, ""min_temperature"": -50, ""power_per_meter"": 50}, {""brand"": ""ТЛТ"", ""model"": ""ТЛТ-60"", ""source"": ""builtin"", ""voltage"": 220, ""max_temperature"": 120, ""min_temperature"": -55, ""power_per_meter"": 60}, {""brand"": ""ТЛТ"", ""model"": ""ТЛТ-75"", ""source"": ""builtin"", ""voltage"": 220, ""max_temperature"": 120, ""min_temperature"": -55, ""power_per_meter"": 75}, {""brand"": ""ТЛТ"", ""model"": ""ТЛТ-100"", ""source"": ""builtin"", ""voltage"": 220, ""max_temperature"": 150, ""min_temperature"": -60, ""power_per_meter"": 100}], ""safety_factor"": 1.1, ""supply_voltage"": 220.0, ""ambient_temperature"": -30.0, ""process_temperature"": 80.0, ""required_power_per_meter"": 83.525}";"{""current"": 0.5, ""voltage"": 220.0, ""total_power"": 110.0, ""cable_length"": 1.1, ""selected_cable"": ""ТЛТ-100""}"
Шар. бак №37;4;self_regulating;ТЛТ-25;"{""cable_mark"": null, ""pipe_length"": 1.0, ""cable_catalog"": [{""brand"": ""ТЛТ"", ""model"": ""ТЛТ-10"", ""source"": ""builtin"", ""voltage"": 220, ""max_temperature"": 65, ""min_temperature"": -40, ""power_per_meter"": 10}, {""brand"": ""ТЛТ"", ""model"": ""ТЛТ-15"", ""source"": ""builtin"", ""voltage"": 220, ""max_temperature"": 65, ""min_temperature"": -40, ""power_per_meter"": 15}, {""brand"": ""ТЛТ"", ""model"": ""ТЛТ-20"", ""source"": ""builtin"", ""voltage"": 220, ""max_temperature"": 65, ""min_temperature"": -40, ""power_per_meter"": 20}, {""brand"": ""ТЛТ"", ""model"": ""ТЛТ-25"", ""source"": ""builtin"", ""voltage"": 220, ""max_temperature"": 85, ""min_temperature"": -50, ""power_per_meter"": 25}, {""brand"": ""ТЛТ"", ""model"": ""ТЛТ-30"", ""source"": ""builtin"", ""voltage"": 220, ""max_temperature"": 85, ""min_temperature"": -50, ""power_per_meter"": 30}, {""brand"": ""ТЛТ"", ""model"": ""ТЛТ-40"", ""source"": ""builtin"", ""voltage"": 220, ""max_temperature"": 110, ""min_temperature"": -50, ""power_per_meter"": 40}, {""brand"": ""ТЛТ"", ""model"": ""ТЛТ-50"", ""source"": ""builtin"", ""voltage"": 220, ""max_temperature"": 110, ""min_temperature"": -50, ""power_per_meter"": 50}, {""brand"": ""ТЛТ"", ""model"": ""ТЛТ-60"", ""source"": ""builtin"", ""voltage"": 220, ""max_temperature"": 120, ""min_temperature"": -55, ""power_per_meter"": 60}, {""brand"": ""ТЛТ"", ""model"": ""ТЛТ-75"", ""source"": ""builtin"", ""voltage"": 220, ""max_temperature"": 120, ""min_temperature"": -55, ""power_per_meter"": 75}, {""brand"": ""ТЛТ"", ""model"": ""ТЛТ-100"", ""source"": ""builtin"", ""voltage"": 220, ""max_temperature"": 150, ""min_temperature"": -60, ""power_per_meter"": 100}], ""safety_factor"": 1.1, ""supply_voltage"": 220.0, ""ambient_temperature"": -10.0, ""process_temperature"": 40.0, ""required_power_per_meter"": 21.66}";"{""current"": 0.125, ""voltage"": 220.0, ""total_power"": 27.5, ""cable_length"": 1.1, ""selected_cable"": ""ТЛТ-25""}"
Труба DN325 №5;1;self_regulating;;{};"{""error"": ""ValueError: Не найден кабель с мощностью ≥ 184.64 Вт/м (максимум линейки — 100 Вт/м)"", ""object_name"": ""Труба DN325 №5"", ""object_type"": ""pipe""}"
Труба DN114 №10;1;self_regulating;ТЛТ-50;"{""cable_mark"": null, ""pipe_length"": 492.7, ""cable_catalog"": [{""brand"": ""ТЛТ"", ""model"": ""ТЛТ-10"", ""source"": ""builtin"", ""voltage"": 220, ""max_temperature"": 65, ""min_temperature"": -40, ""power_per_meter"": 10}, {""brand"": ""ТЛТ"", ""model"": ""ТЛТ-15"", ""source"": ""builtin"", ""voltage"": 220, ""max_temperature"": 65, ""min_temperature"": -40, ""power_per_meter"": 15}, {""brand"": ""ТЛТ"", ""model"": ""ТЛТ-20"", ""source"": ""builtin"", ""voltage"": 220, ""max_temperature"": 65, ""min_temperature"": -40, ""power_per_meter"": 20}, {""brand"": ""ТЛТ"", ""model"": ""ТЛТ-25"", ""source"": ""builtin"", ""voltage"": 220, ""max_temperature"": 85, ""min_temperature"": -50, ""power_per_meter"": 25}, {""brand"": ""ТЛТ"", ""model"": ""ТЛТ-30"", ""source"": ""builtin"", ""voltage"": 220, ""max_temperature"": 85, ""min_temperature"": -50, ""power_per_meter"": 30}, {""brand"": ""ТЛТ"", ""model"": ""ТЛТ-40"", ""source"": ""builtin"", ""voltage"": 220, ""max_temperature"": 110, ""min_temperature"": -50, ""power_per_meter"": 40}, {""brand"": ""ТЛТ"", ""model"": ""ТЛТ-50"", ""source"": ""builtin"", ""voltage"": 220, ""max_temperature"": 110, ""min_temperature"": -50, ""power_per_meter"": 50}, {""brand"": ""ТЛТ"", ""model"": ""ТЛТ-60"", ""source"": ""builtin"", ""voltage"": 220, ""max_temperature"": 120, ""min_temperature"": -55, ""power_per_meter"": 60}, {""brand"": ""ТЛТ"", ""model"": ""ТЛТ-75"", ""source"": ""builtin"", ""voltage"": 220, ""max_temperature"": 120, ""min_temperature"": -55, ""power_per_meter"": 75}, {""brand"": ""ТЛТ"", ""model"": ""ТЛТ-100"", ""source"": ""builtin"", ""voltage"": 220, ""max_temperature"": 150, ""min_temperature"": -60, ""power_per_meter"": 100}], ""safety_factor"": 1.1, ""supply_voltage"": 220.0, ""ambient_temperature"": 0.0, ""process_temperature"": 80.0, ""required_power_per_meter"": 39.569}";"{""current"": 123.175, ""voltage"": 220.0, ""total_power"": 27098.5, ""cable_length"": 541.97, ""selected_cable"": ""ТЛТ-50""}"
Труба DN76 №24;1;self_regulating;ТЛТ-10;"{""cable_mark"": null, ""pipe_length"": 80.7, ""cable_catalog"": [{""brand"": ""ТЛТ"", ""model"": ""ТЛТ-10"", ""source"": ""builtin"", ""voltage"": 220, ""max_temperature"": 65, ""min_temperature"": -40, ""power_per_meter"": 10}, {""brand"": ""ТЛТ"", ""model"": ""ТЛТ-15"", ""source"": ""builtin"", ""voltage"": 220, ""max_temperature"": 65, ""min_temperature"": -40, ""power_per_meter"": 15}, {""brand"": ""ТЛТ"", ""model"": ""ТЛТ-20"", ""source"": ""builtin"", ""voltage"": 220, ""max_temperature"": 65, ""min_temperature"": -40, ""power_per_meter"": 20}, {""brand"": ""ТЛТ"", ""model"": ""ТЛТ-25"", ""source"": ""builtin"", ""voltage"": 220, ""max_temperature"": 85, ""min_temperature"": -50, ""power_per_meter"": 25}, {""brand"": ""ТЛТ"", ""model"": ""ТЛТ-30"", ""source"": ""builtin"", ""voltage"": 220, ""max_temperature"": 85, ""min_temperature"": -50, ""power_per_meter"": 30}, {""brand"": ""ТЛТ"", ""model"": ""ТЛТ-40"", ""source"": ""builtin"", ""voltage"": 220, ""max_temperature"": 110, ""min_temperature"": -50, ""power_per_meter"": 40}, {""brand"": ""ТЛТ"", ""model"": ""ТЛТ-50"", ""source"": ""builtin"", ""voltage"": 220, ""max_temperature"": 110, ""min_temperature"": -50, ""power_per_meter"": 50}, {""brand"": ""ТЛТ"", ""model"": ""ТЛТ-60"", ""source"": ""builtin"", ""voltage"": 220, ""max_temperature"": 120, ""min_temperature"": -55, ""power_per_meter"": 60}, {""brand"": ""ТЛТ"", ""model"": ""ТЛТ-75"", ""source"": ""builtin"", ""voltage"": 220, ""max_temperature"": 120, ""min_temperature"": -55, ""power_per_meter"": 75}, {""brand"": ""ТЛТ"", ""model"": ""ТЛТ-100"", ""source"": ""builtin"", ""voltage"": 220, ""max_temperature"": 150, ""min_temperature"": -60, ""power_per_meter"": 100}], ""safety_factor"": 1.1, ""supply_voltage"": 220.0, ""ambient_temperature"": 10.0, ""process_temperature"": 40.0, ""required_power_per_meter"": 5.332}";"{""current"": 4.035, ""voltage"": 220.0, ""total_power"": 887.7, ""cable_length"": 88.77, ""selected_cable"": ""ТЛТ-10""}"
Труба DN48 №17;1;self_regulating;ТЛТ-40;"{""cable_mark"": null, ""pipe_length"": 127.1, ""cable_catalog"": [{""brand"": ""ТЛТ"", ""model"": ""ТЛТ-10"", ""source"": ""builtin"", ""voltage"": 220, ""max_temperature"": 65, ""min_temperature"": -40, ""power_per_meter"": 10}, {""brand"": ""ТЛТ"", ""model"": ""ТЛТ-15"", ""source"": ""builtin"", ""voltage"": 220, ""max_temperature"": 65, ""min_temperature"": -40, ""power_per_meter"": 15}, {""brand"": ""ТЛТ"", ""model"": ""ТЛТ-20"", ""source"": ""builtin"", ""voltage"": 220, ""max_temperature"": 65, ""min_temperature"": -40, ""power_per_meter"": 20}, {""brand"": ""ТЛТ"", ""model"": ""ТЛТ-25"", ""source"": ""builtin"", ""voltage"": 220, ""max_temperature"": 85, ""min_temperature"": -50, ""power_per_meter"": 25}, {""brand"": ""ТЛТ"", ""model"": ""ТЛТ-30"", ""source"": ""builtin"", ""voltage"": 220, ""max_temperature"": 85, ""min_temperature"": -50, ""power_per_meter"": 30}, {""brand"": ""ТЛТ"", ""model"": ""ТЛТ-40"", ""source"": ""builtin"", ""voltage"": 220, ""max_temperature"": 110, ""min_temperature"": -50, ""power_per_meter"": 40}, {""brand"": ""ТЛТ"", ""model"": ""ТЛТ-50"", ""source"": ""builtin"", ""voltage"": 220, ""max_temperature"": 110, ""min_temperature"": -50, ""power_per_meter"": 50}, {""brand"": ""ТЛТ"", ""model"": ""ТЛТ-60"", ""source"": ""builtin"", ""voltage"": 220, ""max_temperature"": 120, ""min_temperature"": -55, ""power_per_meter"": 60}, {""brand"": ""ТЛТ"", ""model"": ""ТЛТ-75"", ""source"": ""builtin"", ""voltage"": 220, ""max_temperature"": 120, ""min_temperature"": -55, ""power_per_meter"": 75}, {""brand"": ""ТЛТ"", ""model"": ""ТЛТ-100"", ""source"": ""builtin"", ""voltage"": 220, ""max_temperature"": 150, ""min_temperature"": -60, ""power_per_meter"": 100}], ""safety_factor"": 1.1, ""supply_voltage"": 220.0, ""ambient_temperature"": -15.0, ""process_temperature"": 100.0, ""required_power_per_meter"": 10.227}";"{""current"": 25.42, ""voltage"": 220.0, ""total_power"": 5592.4, ""cable_length"": 139.81, ""selected_cable"": ""ТЛТ-40""}"
Труба DN133 №22;1;self_regulating;ТЛТ-25;"{""cable_mark"": null, ""pipe_length"": 60.2, ""cable_catalog"": [{""brand"": ""ТЛТ"", ""model"": ""ТЛТ-10"", ""source"": ""builtin"", ""voltage"": 220, ""max_temperature"": 65, ""min_temperature"": -40, ""power_per_meter"": 10}, {""brand"": ""ТЛТ"", ""model"": ""ТЛТ-15"", ""source"": ""builtin"", ""voltage"": 220, ""max_temperature"": 65, ""min_temperature"": -40, ""power_per_meter"": 15}, {""brand"": ""ТЛТ"", ""model"": ""ТЛТ-20"", ""source"": ""builtin"", ""voltage"": 220, ""max_temperature"": 65, ""min_temperature"": -40, ""power_per_meter"": 20}, {""brand"": ""ТЛТ"", ""model"": ""ТЛТ-25"", ""source"": ""builtin"", ""voltage"": 220, ""max_temperature"": 85, ""min_temperature"": -50, ""power_per_meter"": 25}, {""brand"": ""ТЛТ"", ""model"": ""ТЛТ-30"", ""source"": ""builtin"", ""voltage"": 220, ""max_temperature"": 85, ""min_temperature"": -50, ""power_per_meter"": 30}, {""brand"": ""ТЛТ"", ""model"": ""ТЛТ-40"", ""source"": ""builtin"", ""voltage"": 220, ""max_temperature"": 110, ""min_temperature"": -50, ""power_per_meter"": 40}, {""brand"": ""ТЛТ"", ""model"": ""ТЛТ-50"", ""source"": ""builtin"", ""voltage"": 220, ""max_temperature"": 110, ""min_temperature"": -50, ""power_per_meter"": 50}, {""brand"": ""ТЛТ"", ""model"": ""ТЛТ-60"", ""source"": ""builtin"", ""voltage"": 220, ""max_temperature"": 120, ""min_temperature"": -55, ""power_per_meter"": 60}, {""brand"": ""ТЛТ"", ""model"": ""ТЛТ-75"", ""source"": ""builtin"", ""voltage"": 220, ""max_temperature"": 120, ""min_temperature"": -55, ""power_per_meter"": 75}, {""brand"": ""ТЛТ"", ""model"": ""ТЛТ-100"", ""source"": ""builtin"", ""voltage"": 220, ""max_temperature"": 150, ""min_temperature"": -60, ""power_per_meter"": 100}], ""safety_factor"": 1.1, ""supply_voltage"": 220.0, ""ambient_temperature"": 5.0, ""process_temperature"": 40.0, ""required_power_per_meter"": 18.687}";"{""current"": 7.525, ""voltage"": 220.0, ""total_power"": 1655.5, ""cable_length"": 66.22, ""selected_cable"": ""ТЛТ-25""}"
Труба DN27 №26;1;self_regulating;ТЛТ-40;"{""cable_mark"": null, ""pipe_length"": 124.2, ""cable_catalog"": [{""brand"": ""ТЛТ"", ""model"": ""ТЛТ-10"", ""source"": ""builtin"", ""voltage"": 220, ""max_temperature"": 65, ""min_temperature"": -40, ""power_per_meter"": 10}, {""brand"": ""ТЛТ"", ""model"": ""ТЛТ-15"", ""source"": ""builtin"", ""voltage"": 220, ""max_temperature"": 65, ""min_temperature"": -40, ""power_per_meter"": 15}, {""brand"": ""ТЛТ"", ""model"": ""ТЛТ-20"", ""source"": ""builtin"", ""voltage"": 220, ""max_temperature"": 65, ""min_temperature"": -40, ""power_per_meter"": 20}, {""brand"": ""ТЛТ"", ""model"": ""ТЛТ-25"", ""source"": ""builtin"", ""voltage"": 220, ""max_temperature"": 85, ""min_temperature"": -50, ""power_per_meter"": 25}, {""brand"": ""ТЛТ"", ""model"": ""ТЛТ-30"", ""source"": ""builtin"", ""voltage"": 220, ""max_temperature"": 85, ""min_temperature"": -50, ""power_per_meter"": 30}, {""brand"": ""ТЛТ"", ""model"": ""ТЛТ-40"", ""source"": ""builtin"", ""voltage"": 220, ""max_temperature"": 110, ""min_temperature"": -50, ""power_per_meter"": 40}, {""brand"": ""ТЛТ"", ""model"": ""ТЛТ-50"", ""source"": ""builtin"", ""voltage"": 220, ""max_temperature"": 110, ""min_temperature"": -50, ""power_per_meter"": 50}, {""brand"": ""ТЛТ"", ""model"": ""ТЛТ-60"", ""source"": ""builtin"", ""voltage"": 220, ""max_temperature"": 120, ""min_temperature"": -55, ""power_per_meter"": 60}, {""brand"": ""ТЛТ"", ""model"": ""ТЛТ-75"", ""source"": ""builtin"", ""voltage"": 220, ""max_temperature"": 120, ""min_temperature"": -55, ""power_per_meter"": 75}, {""brand"": ""ТЛТ"", ""model"": ""ТЛТ-100"", ""source"": ""builtin"", ""voltage"": 220, ""max_temperature"": 150, ""min_temperature"": -60, ""power_per_meter"": 100}], ""safety_factor"": 1.1, ""supply_voltage"": 220.0, ""ambient_temperature"": -30.0, ""process_temperature"": 110.0, ""required_power_per_meter"": 20.025}";"{""current"": 24.84, ""voltage"": 220.0, ""total_power"": 5464.8, ""cable_length"": 136.62, ""selected_cable"": ""ТЛТ-40""}"
Труба DN34 №27;1;self_regulating;ТЛТ-40;"{""cable_mark"": null, ""pipe_length"": 489.1, ""cable_catalog"": [{""brand"": ""ТЛТ"", ""model"": ""ТЛТ-10"", ""source"": ""builtin"", ""voltage"": 220, ""max_temperature"": 65, ""min_temperature"": -40, ""power_per_meter"": 10}, {""brand"": ""ТЛТ"", ""model"": ""ТЛТ-15"", ""source"": ""builtin"", ""voltage"": 220, ""max_temperature"": 65, ""min_temperature"": -40, ""power_per_meter"": 15}, {""brand"": ""ТЛТ"", ""model"": ""ТЛТ-20"", ""source"": ""builtin"", ""voltage"": 220, ""max_temperature"": 65, ""min_temperature"": -40, ""power_per_meter"": 20}, {""brand"": ""ТЛТ"", ""model"": ""ТЛТ-25"", ""source"": ""builtin"", ""voltage"": 220, ""max_temperature"": 85, ""min_temperature"": -50, ""power_per_meter"": 25}, {""brand"": ""ТЛТ"", ""model"": ""ТЛТ-30"", ""source"": ""builtin"", ""voltage"": 220, ""max_temperature"": 85, ""min_temperature"": -50, ""power_per_meter"": 30}, {""brand"": ""ТЛТ"", ""model"": ""ТЛТ-40"", ""source"": ""builtin"", ""voltage"": 220, ""max_temperature"": 110, ""min_temperature"": -50, ""power_per_meter"": 40}, {""brand"": ""ТЛТ"", ""model"": ""ТЛТ-50"", ""source"": ""builtin"", ""voltage"": 220, ""max_temperature"": 110, ""min_temperature"": -50, ""power_per_meter"": 50}, {""brand"": ""ТЛТ"", ""model"": ""ТЛТ-60"", ""source"": ""builtin"", ""voltage"": 220, ""max_temperature"": 120, ""min_temperature"": -55, ""power_per_meter"": 60}, {""brand"": ""ТЛТ"", ""model"": ""ТЛТ-75"", ""source"": ""builtin"", ""voltage"": 220, ""max_temperature"": 120, ""min_temperature"": -55, ""power_per_meter"": 75}, {""brand"": ""ТЛТ"", ""model"": ""ТЛТ-100"", ""source"": ""builtin"", ""voltage"": 220, ""max_temperature"": 150, ""min_temperature"": -60, ""power_per_meter"": 100}], ""safety_factor"": 1.1, ""supply_voltage"": 220.0, ""ambient_temperature"": -25.0, ""process_temperature"": 110.0, ""required_power_per_meter"": 27.438}";"{""current"": 97.82, ""voltage"": 220.0, ""total_power"": 21520.4, ""cable_length"": 538.01, ""selected_cable"": ""ТЛТ-40""}"
Труба DN34 №32;1;self_regulating;ТЛТ-25;"{""cable_mark"": null, ""pipe_length"": 453.2, ""cable_catalog"": [{""brand"": ""ТЛТ"", ""model"": ""ТЛТ-10"", ""source"": ""builtin"", ""voltage"": 220, ""max_temperature"": 65, ""min_temperature"": -40, ""power_per_meter"": 10}, {""brand"": ""ТЛТ"", ""model"": ""ТЛТ-15"", ""source"": ""builtin"", ""voltage"": 220, ""max_temperature"": 65, ""min_temperature"": -40, ""power_per_meter"": 15}, {""brand"": ""ТЛТ"", ""model"": ""ТЛТ-20"", ""source"": ""builtin"", ""voltage"": 220, ""max_temperature"": 65, ""min_temperature"": -40, ""power_per_meter"": 20}, {""brand"": ""ТЛТ"", ""model"": ""ТЛТ-25"", ""source"": ""builtin"", ""voltage"": 220, ""max_temperature"": 85, ""min_temperature"": -50, ""power_per_meter"": 25}, {""brand"": ""ТЛТ"", ""model"": ""ТЛТ-30"", ""source"": ""builtin"", ""voltage"": 220, ""max_temperature"": 85, ""min_temperature"": -50, ""power_per_meter"": 30}, {""brand"": ""ТЛТ"", ""model"": ""ТЛТ-40"", ""source"": ""builtin"", ""voltage"": 220, ""max_temperature"": 110, ""min_temperature"": -50, ""power_per_meter"": 40}, {""brand"": ""ТЛТ"", ""model"": ""ТЛТ-50"", ""source"": ""builtin"", ""voltage"": 220, ""max_temperature"": 110, ""min_temperature"": -50, ""power_per_meter"": 50}, {""brand"": ""ТЛТ"", ""model"": ""ТЛТ-60"", ""source"": ""builtin"", ""voltage"": 220, ""max_temperature"": 120, ""min_temperature"": -55, ""power_per_meter"": 60}, {""brand"": ""ТЛТ"", ""model"": ""ТЛТ-75"", ""source"": ""builtin"", ""voltage"": 220, ""max_temperature"": 120, ""min_temperature"": -55, ""power_per_meter"": 75}, {""brand"": ""ТЛТ"", ""model"": ""ТЛТ-100"", ""source"": ""builtin"", ""voltage"": 220, ""max_temperature"": 150, ""min_temperature"": -60, ""power_per_meter"": 100}], ""safety_factor"": 1.1, ""supply_voltage"": 220.0, ""ambient_temperature"": 10.0, ""process_temperature"": 70.0, ""required_power_per_meter"": 11.869}";"{""current"": 56.65, ""voltage"": 220.0, ""total_power"": 12463.0, ""cable_length"": 498.52, ""selected_cable"": ""ТЛТ-25""}"
Труба DN325 №38;1;self_regulating;ТЛТ-60;"{""cable_mark"": null, ""pipe_length"": 128.7, ""cable_catalog"": [{""brand"": ""ТЛТ"", ""model"": ""ТЛТ-10"", ""source"": ""builtin"", ""voltage"": 220, ""max_temperature"": 65, ""min_temperature"": -40, ""power_per_meter"": 10}, {""brand"": ""ТЛТ"", ""model"": ""ТЛТ-15"", ""source"": ""builtin"", ""voltage"": 220, ""max_temperature"": 65, ""min_temperature"": -40, ""power_per_meter"": 15}, {""brand"": ""ТЛТ"", ""model"": ""ТЛТ-20"", ""source"": ""builtin"", ""voltage"": 220, ""max_temperature"": 65, ""min_temperature"": -40, ""power_per_meter"": 20}, {""brand"": ""ТЛТ"", ""model"": ""ТЛТ-25"", ""source"": ""builtin"", ""voltage"": 220, ""max_temperature"": 85, ""min_temperature"": -50, ""power_per_meter"": 25}, {""brand"": ""ТЛТ"", ""model"": ""ТЛТ-30"", ""source"": ""builtin"", ""voltage"": 220, ""max_temperature"": 85, ""min_temperature"": -50, ""power_per_meter"": 30}, {""brand"": ""ТЛТ"", ""model"": ""ТЛТ-40"", ""source"": ""builtin"", ""voltage"": 220, ""max_temperature"": 110, ""min_temperature"": -50, ""power_per_meter"": 40}, {""brand"": ""ТЛТ"", ""model"": ""ТЛТ-50"", ""source"": ""builtin"", ""voltage"": 220, ""max_temperature"": 110, ""min_temperature"": -50, ""power_per_meter"": 50}, {""brand"": ""ТЛТ"", ""model"": ""ТЛТ-60"", ""source"": ""builtin"", ""voltage"": 220, ""max_temperature"": 120, ""min_temperature"": -55, ""power_per_meter"": 60}, {""brand"": ""ТЛТ"", ""model"": ""ТЛТ-75"", ""source"": ""builtin"", ""voltage"": 220, ""max_temperature"": 120, ""min_temperature"": -55, ""power_per_meter"": 75}, {""brand"": ""ТЛТ"", ""model"": ""ТЛТ-100"", ""source"": ""builtin"", ""voltage"": 220, ""max_temperature"": 150, ""min_temperature"": -60, ""power_per_meter"": 100}], ""safety_factor"": 1.1, ""supply_voltage"": 220.0, ""ambient_temperature"": 10.0, ""process_temperature"": 50.0, ""required_power_per_meter"": 51.226}";"{""current"": 38.61, ""voltage"": 220.0, ""total_power"": 8494.2, ""cable_length"": 141.57, ""selected_cable"": ""ТЛТ-60""}"
Труба DN89 №34;1;self_regulating;ТЛТ-40;"{""cable_mark"": null, ""pipe_length"": 393.4, ""cable_catalog"": [{""brand"": ""ТЛТ"", ""model"": ""ТЛТ-10"", ""source"": ""builtin"", ""voltage"": 220, ""max_temperature"": 65, ""min_temperature"": -40, ""power_per_meter"": 10}, {""brand"": ""ТЛТ"", ""model"": ""ТЛТ-15"", ""source"": ""builtin"", ""voltage"": 220, ""max_temperature"": 65, ""min_temperature"": -40, ""power_per_meter"": 15}, {""brand"": ""ТЛТ"", ""model"": ""ТЛТ-20"", ""source"": ""builtin"", ""voltage"": 220, ""max_temperature"": 65, ""min_temperature"": -40, ""power_per_meter"": 20}, {""brand"": ""ТЛТ"", ""model"": ""ТЛТ-25"", ""source"": ""builtin"", ""voltage"": 220, ""max_temperature"": 85, ""min_temperature"": -50, ""power_per_meter"": 25}, {""brand"": ""ТЛТ"", ""model"": ""ТЛТ-30"", ""source"": ""builtin"", ""voltage"": 220, ""max_temperature"": 85, ""min_temperature"": -50, ""power_per_meter"": 30}, {""brand"": ""ТЛТ"", ""model"": ""ТЛТ-40"", ""source"": ""builtin"", ""voltage"": 220, ""max_temperature"": 110, ""min_temperature"": -50, ""power_per_meter"": 40}, {""brand"": ""ТЛТ"", ""model"": ""ТЛТ-50"", ""source"": ""builtin"", ""voltage"": 220, ""max_temperature"": 110, ""min_temperature"": -50, ""power_per_meter"": 50}, {""brand"": ""ТЛТ"", ""model"": ""ТЛТ-60"", ""source"": ""builtin"", ""voltage"": 220, ""max_temperature"": 120, ""min_temperature"": -55, ""power_per_meter"": 60}, {""brand"": ""ТЛТ"", ""model"": ""ТЛТ-75"", ""source"": ""builtin"", ""voltage"": 220, ""max_temperature"": 120, ""min_temperature"": -55, ""power_per_meter"": 75}, {""brand"": ""ТЛТ"", ""model"": ""ТЛТ-100"", ""source"": ""builtin"", ""voltage"": 220, ""max_temperature"": 150, ""min_temperature"": -60, ""power_per_meter"": 100}], ""safety_factor"": 1.1, ""supply_voltage"": 220.0, ""ambient_temperature"": -30.0, ""process_temperature"": 50.0, ""required_power_per_meter"": 32.338}";"{""current"": 78.68, ""voltage"": 220.0, ""total_power"": 17309.6, ""cable_length"": 432.74, ""selected_cable"": ""ТЛТ-40""}"
Труба DN57 №40;1;self_regulating;ТЛТ-15;"{""cable_mark"": null, ""pipe_length"": 206.2, ""cable_catalog"": [{""brand"": ""ТЛТ"", ""model"": ""ТЛТ-10"", ""source"": ""builtin"", ""voltage"": 220, ""max_temperature"": 65, ""min_temperature"": -40, ""power_per_meter"": 10}, {""brand"": ""ТЛТ"", ""model"": ""ТЛТ-15"", ""source"": ""builtin"", ""voltage"": 220, ""max_temperature"": 65, ""min_temperature"": -40, ""power_per_meter"": 15}, {""brand"": ""ТЛТ"", ""model"": ""ТЛТ-20"", ""source"": ""builtin"", ""voltage"": 220, ""max_temperature"": 65, ""min_temperature"": -40, ""power_per_meter"": 20}, {""brand"": ""ТЛТ"", ""model"": ""ТЛТ-25"", ""source"": ""builtin"", ""voltage"": 220, ""max_temperature"": 85, ""min_temperature"": -50, ""power_per_meter"": 25}, {""brand"": ""ТЛТ"", ""model"": ""ТЛТ-30"", ""source"": ""builtin"", ""voltage"": 220, ""max_temperature"": 85, ""min_temperature"": -50, ""power_per_meter"": 30}, {""brand"": ""ТЛТ"", ""model"": ""ТЛТ-40"", ""source"": ""builtin"", ""voltage"": 220, ""max_temperature"": 110, ""min_temperature"": -50, ""power_per_meter"": 40}, {""brand"": ""ТЛТ"", ""model"": ""ТЛТ-50"", ""source"": ""builtin"", ""voltage"": 220, ""max_temperature"": 110, ""min_temperature"": -50, ""power_per_meter"": 50}, {""brand"": ""ТЛТ"", ""model"": ""ТЛТ-60"", ""source"": ""builtin"", ""voltage"": 220, ""max_temperature"": 120, ""min_temperature"": -55, ""power_per_meter"": 60}, {""brand"": ""ТЛТ"", ""model"": ""ТЛТ-75"", ""source"": ""builtin"", ""voltage"": 220, ""max_temperature"": 120, ""min_temperature"": -55, ""power_per_meter"": 75}, {""brand"": ""ТЛТ"", ""model"": ""ТЛТ-100"", ""source"": ""builtin"", ""voltage"": 220, ""max_temperature"": 150, ""min_temperature"": -60, ""power_per_meter"": 100}], ""safety_factor"": 1.1, ""supply_voltage"": 220.0, ""ambient_temperature"": 0.0, ""process_temperature"": 40.0, ""required_power_per_meter"": 12.254}";"{""current"": 15.465, ""voltage"": 220.0, ""total_power"": 3402.3, ""cable_length"": 226.82, ""selected_cable"": ""ТЛТ-15""}"
Труба DN108 №55;4;self_regulating;ТЛТ-60;"{""cable_mark"": null, ""pipe_length"": 144.5, ""cable_catalog"": [{""brand"": ""ТЛТ"", ""model"": ""ТЛТ-10"", ""source"": ""builtin"", ""voltage"": 220, ""max_temperature"": 65, ""min_temperature"": -40, ""power_per_meter"": 10}, {""brand"": ""ТЛТ"", ""model"": ""ТЛТ-15"", ""source"": ""builtin"", ""voltage"": 220, ""max_temperature"": 65, ""min_temperature"": -40, ""power_per_meter"": 15}, {""brand"": ""ТЛТ"", ""model"": ""ТЛТ-20"", ""source"": ""builtin"", ""voltage"": 220, ""max_temperature"": 65, ""min_temperature"": -40, ""power_per_meter"": 20}, {""brand"": ""ТЛТ"", ""model"": ""ТЛТ-25"", ""source"": ""builtin"", ""voltage"": 220, ""max_temperature"": 85, ""min_temperature"": -50, ""power_per_meter"": 25}, {""brand"": ""ТЛТ"", ""model"": ""ТЛТ-30"", ""source"": ""builtin"", ""voltage"": 220, ""max_temperature"": 85, ""min_temperature"": -50, ""power_per_meter"": 30}, {""brand"": ""ТЛТ"", ""model"": ""ТЛТ-40"", ""source"": ""builtin"", ""voltage"": 220, ""max_temperature"": 110, ""min_temperature"": -50, ""power_per_meter"": 40}, {""brand"": ""ТЛТ"", ""model"": ""ТЛТ-50"", ""source"": ""builtin"", ""voltage"": 220, ""max_temperature"": 110, ""min_temperature"": -50, ""power_per_meter"": 50}, {""brand"": ""ТЛТ"", ""model"": ""ТЛТ-60"", ""source"": ""builtin"", ""voltage"": 220, ""max_temperature"": 120, ""min_temperature"": -55, ""power_per_meter"": 60}, {""brand"": ""ТЛТ"", ""model"": ""ТЛТ-75"", ""source"": ""builtin"", ""voltage"": 220, ""max_temperature"": 120, ""min_temperature"": -55, ""power_per_meter"": 75}, {""brand"": ""ТЛТ"", ""model"": ""ТЛТ-100"", ""source"": ""builtin"", ""voltage"": 220, ""max_temperature"": 150, ""min_temperature"": -60, ""power_per_meter"": 100}], ""safety_factor"": 1.1, ""supply_voltage"": 220.0, ""ambient_temperature"": -10.0, ""process_temperature"": 70.0, ""required_power_per_meter"": 53.219}";"{""current"": 43.35, ""voltage"": 220.0, ""total_power"": 9537.0, ""cable_length"": 158.95, ""selected_cable"": ""ТЛТ-60""}"
Труба DN159 №60;4;self_regulating;ТЛТ-40;"{""cable_mark"": null, ""pipe_length"": 293.3, ""cable_catalog"": [{""brand"": ""ТЛТ"", ""model"": ""ТЛТ-10"", ""source"": ""builtin"", ""voltage"": 220, ""max_temperature"": 65, ""min_temperature"": -40, ""power_per_meter"": 10}, {""brand"": ""ТЛТ"", ""model"": ""ТЛТ-15"", ""source"": ""builtin"", ""voltage"": 220, ""max_temperature"": 65, ""min_temperature"": -40, ""power_per_meter"": 15}, {""brand"": ""ТЛТ"", ""model"": ""ТЛТ-20"", ""source"": ""builtin"", ""voltage"": 220, ""max_temperature"": 65, ""min_temperature"": -40, ""power_per_meter"": 20}, {""brand"": ""ТЛТ"", ""model"": ""ТЛТ-25"", ""source"": ""builtin"", ""voltage"": 220, ""max_temperature"": 85, ""min_temperature"": -50, ""power_per_meter"": 25}, {""brand"": ""ТЛТ"", ""model"": ""ТЛТ-30"", ""source"": ""builtin"", ""voltage"": 220, ""max_temperature"": 85, ""min_temperature"": -50, ""power_per_meter"": 30}, {""brand"": ""ТЛТ"", ""model"": ""ТЛТ-40"", ""source"": ""builtin"", ""voltage"": 220, ""max_temperature"": 110, ""min_temperature"": -50, ""power_per_meter"": 40}, {""brand"": ""ТЛТ"", ""model"": ""ТЛТ-50"", ""source"": ""builtin"", ""voltage"": 220, ""max_temperature"": 110, ""min_temperature"": -50, ""power_per_meter"": 50}, {""brand"": ""ТЛТ"", ""model"": ""ТЛТ-60"", ""source"": ""builtin"", ""voltage"": 220, ""max_temperature"": 120, ""min_temperature"": -55, ""power_per_meter"": 60}, {""brand"": ""ТЛТ"", ""model"": ""ТЛТ-75"", ""source"": ""builtin"", ""voltage"": 220, ""max_temperature"": 120, ""min_temperature"": -55, ""power_per_meter"": 75}, {""brand"": ""ТЛТ"", ""model"": ""ТЛТ-100"", ""source"": ""builtin"", ""voltage"": 220, ""max_temperature"": 150, ""min_temperature"": -60, ""power_per_meter"": 100}], ""safety_factor"": 1.1, ""supply_voltage"": 220.0, ""ambient_temperature"": -25.0, ""process_temperature"": 40.0, ""required_power_per_meter"": 35.679}";"{""current"": 58.66, ""voltage"": 220.0, ""total_power"": 12905.2, ""cable_length"": 322.63, ""selected_cable"": ""ТЛТ-40""}"
Прям. бак №4;4;self_regulating;ТЛТ-25;"{""cable_mark"": null, ""pipe_length"": 4.0, ""cable_catalog"": [{""brand"": ""ТЛТ"", ""model"": ""ТЛТ-10"", ""source"": ""builtin"", ""voltage"": 220, ""max_temperature"": 65, ""min_temperature"": -40, ""power_per_meter"": 10}, {""brand"": ""ТЛТ"", ""model"": ""ТЛТ-15"", ""source"": ""builtin"", ""voltage"": 220, ""max_temperature"": 65, ""min_temperature"": -40, ""power_per_meter"": 15}, {""brand"": ""ТЛТ"", ""model"": ""ТЛТ-20"", ""source"": ""builtin"", ""voltage"": 220, ""max_temperature"": 65, ""min_temperature"": -40, ""power_per_meter"": 20}, {""brand"": ""ТЛТ"", ""model"": ""ТЛТ-25"", ""source"": ""builtin"", ""voltage"": 220, ""max_temperature"": 85, ""min_temperature"": -50, ""power_per_meter"": 25}, {""brand"": ""ТЛТ"", ""model"": ""ТЛТ-30"", ""source"": ""builtin"", ""voltage"": 220, ""max_temperature"": 85, ""min_temperature"": -50, ""power_per_meter"": 30}, {""brand"": ""ТЛТ"", ""model"": ""ТЛТ-40"", ""source"": ""builtin"", ""voltage"": 220, ""max_temperature"": 110, ""min_temperature"": -50, ""power_per_meter"": 40}, {""brand"": ""ТЛТ"", ""model"": ""ТЛТ-50"", ""source"": ""builtin"", ""voltage"": 220, ""max_temperature"": 110, ""min_temperature"": -50, ""power_per_meter"": 50}, {""brand"": ""ТЛТ"", ""model"": ""ТЛТ-60"", ""source"": ""builtin"", ""voltage"": 220, ""max_temperature"": 120, ""min_temperature"": -55, ""power_per_meter"": 60}, {""brand"": ""ТЛТ"", ""model"": ""ТЛТ-75"", ""source"": ""builtin"", ""voltage"": 220, ""max_temperature"": 120, ""min_temperature"": -55, ""power_per_meter"": 75}, {""brand"": ""ТЛТ"", ""model"": ""ТЛТ-100"", ""source"": ""builtin"", ""voltage"": 220, ""max_temperature"": 150, ""min_temperature"": -60, ""power_per_meter"": 100}], ""safety_factor"": 1.1, ""supply_voltage"": 220.0, ""ambient_temperature"": 10.0, ""process_temperature"": 60.0, ""required_power_per_meter"": 20.886}";"{""current"": 0.5, ""voltage"": 220.0, ""total_power"": 110.0, ""cable_length"": 4.4, ""selected_cable"": ""ТЛТ-25""}"
Шар. бак №18;4;self_regulating;ТЛТ-40;"{""cable_mark"": null, ""pipe_length"": 1.0, ""cable_catalog"": [{""brand"": ""ТЛТ"", ""model"": ""ТЛТ-10"", ""source"": ""builtin"", ""voltage"": 220, ""max_temperature"": 65, ""min_temperature"": -40, ""power_per_meter"": 10}, {""brand"": ""ТЛТ"", ""model"": ""ТЛТ-15"", ""source"": ""builtin"", ""voltage"": 220, ""max_temperature"": 65, ""min_temperature"": -40, ""power_per_meter"": 15}, {""brand"": ""ТЛТ"", ""model"": ""ТЛТ-20"", ""source"": ""builtin"", ""voltage"": 220, ""max_temperature"": 65, ""min_temperature"": -40, ""power_per_meter"": 20}, {""brand"": ""ТЛТ"", ""model"": ""ТЛТ-25"", ""source"": ""builtin"", ""voltage"": 220, ""max_temperature"": 85, ""min_temperature"": -50, ""power_per_meter"": 25}, {""brand"": ""ТЛТ"", ""model"": ""ТЛТ-30"", ""source"": ""builtin"", ""voltage"": 220, ""max_temperature"": 85, ""min_temperature"": -50, ""power_per_meter"": 30}, {""brand"": ""ТЛТ"", ""model"": ""ТЛТ-40"", ""source"": ""builtin"", ""voltage"": 220, ""max_temperature"": 110, ""min_temperature"": -50, ""power_per_meter"": 40}, {""brand"": ""ТЛТ"", ""model"": ""ТЛТ-50"", ""source"": ""builtin"", ""voltage"": 220, ""max_temperature"": 110, ""min_temperature"": -50, ""power_per_meter"": 50}, {""brand"": ""ТЛТ"", ""model"": ""ТЛТ-60"", ""source"": ""builtin"", ""voltage"": 220, ""max_temperature"": 120, ""min_temperature"": -55, ""power_per_meter"": 60}, {""brand"": ""ТЛТ"", ""model"": ""ТЛТ-75"", ""source"": ""builtin"", ""voltage"": 220, ""max_temperature"": 120, ""min_temperature"": -55, ""power_per_meter"": 75}, {""brand"": ""ТЛТ"", ""model"": ""ТЛТ-100"", ""source"": ""builtin"", ""voltage"": 220, ""max_temperature"": 150, ""min_temperature"": -60, ""power_per_meter"": 100}], ""safety_factor"": 1.1, ""supply_voltage"": 220.0, ""ambient_temperature"": -10.0, ""process_temperature"": 60.0, ""required_power_per_meter"": 28.373}";"{""current"": 0.2, ""voltage"": 220.0, ""total_power"": 44.0, ""cable_length"": 1.1, ""selected_cable"": ""ТЛТ-40""}"
Шар. бак №22;4;self_regulating;ТЛТ-40;"{""cable_mark"": null, ""pipe_length"": 1.0, ""cable_catalog"": [{""brand"": ""ТЛТ"", ""model"": ""ТЛТ-10"", ""source"": ""builtin"", ""voltage"": 220, ""max_temperature"": 65, ""min_temperature"": -40, ""power_per_meter"": 10}, {""brand"": ""ТЛТ"", ""model"": ""ТЛТ-15"", ""source"": ""builtin"", ""voltage"": 220, ""max_temperature"": 65, ""min_temperature"": -40, ""power_per_meter"": 15}, {""brand"": ""ТЛТ"", ""model"": ""ТЛТ-20"", ""source"": ""builtin"", ""voltage"": 220, ""max_temperature"": 65, ""min_temperature"": -40, ""power_per_meter"": 20}, {""brand"": ""ТЛТ"", ""model"": ""ТЛТ-25"", ""source"": ""builtin"", ""voltage"": 220, ""max_temperature"": 85, ""min_temperature"": -50, ""power_per_meter"": 25}, {""brand"": ""ТЛТ"", ""model"": ""ТЛТ-30"", ""source"": ""builtin"", ""voltage"": 220, ""max_temperature"": 85, ""min_temperature"": -50, ""power_per_meter"": 30}, {""brand"": ""ТЛТ"", ""model"": ""ТЛТ-40"", ""source"": ""builtin"", ""voltage"": 220, ""max_temperature"": 110, ""min_temperature"": -50, ""power_per_meter"": 40}, {""brand"": ""ТЛТ"", ""model"": ""ТЛТ-50"", ""source"": ""builtin"", ""voltage"": 220, ""max_temperature"": 110, ""min_temperature"": -50, ""power_per_meter"": 50}, {""brand"": ""ТЛТ"", ""model"": ""ТЛТ-60"", ""source"": ""builtin"", ""voltage"": 220, ""max_temperature"": 120, ""min_temperature"": -55, ""power_per_meter"": 60}, {""brand"": ""ТЛТ"", ""model"": ""ТЛТ-75"", ""source"": ""builtin"", ""voltage"": 220, ""max_temperature"": 120, ""min_temperature"": -55, ""power_per_meter"": 75}, {""brand"": ""ТЛТ"", ""model"": ""ТЛТ-100"", ""source"": ""builtin"", ""voltage"": 220, ""max_temperature"": 150, ""min_temperature"": -60, ""power_per_meter"": 100}], ""safety_factor"": 1.1, ""supply_voltage"": 220.0, ""ambient_temperature"": -10.0, ""process_temperature"": 100.0, ""required_power_per_meter"": 33.908}";"{""current"": 0.2, ""voltage"": 220.0, ""total_power"": 44.0, ""cable_length"": 1.1, ""selected_cable"": ""ТЛТ-40""}"
Шар. бак №31;4;self_regulating;ТЛТ-100;"{""cable_mark"": null, ""pipe_length"": 1.0, ""cable_catalog"": [{""brand"": ""ТЛТ"", ""model"": ""ТЛТ-10"", ""source"": ""builtin"", ""voltage"": 220, ""max_temperature"": 65, ""min_temperature"": -40, ""power_per_meter"": 10}, {""brand"": ""ТЛТ"", ""model"": ""ТЛТ-15"", ""source"": ""builtin"", ""voltage"": 220, ""max_temperature"": 65, ""min_temperature"": -40, ""power_per_meter"": 15}, {""brand"": ""ТЛТ"", ""model"": ""ТЛТ-20"", ""source"": ""builtin"", ""voltage"": 220, ""max_temperature"": 65, ""min_temperature"": -40, ""power_per_meter"": 20}, {""brand"": ""ТЛТ"", ""model"": ""ТЛТ-25"", ""source"": ""builtin"", ""voltage"": 220, ""max_temperature"": 85, ""min_temperature"": -50, ""power_per_meter"": 25}, {""brand"": ""ТЛТ"", ""model"": ""ТЛТ-30"", ""source"": ""builtin"", ""voltage"": 220, ""max_temperature"": 85, ""min_temperature"": -50, ""power_per_meter"": 30}, {""brand"": ""ТЛТ"", ""model"": ""ТЛТ-40"", ""source"": ""builtin"", ""voltage"": 220, ""max_temperature"": 110, ""min_temperature"": -50, ""power_per_meter"": 40}, {""brand"": ""ТЛТ"", ""model"": ""ТЛТ-50"", ""source"": ""builtin"", ""voltage"": 220, ""max_temperature"": 110, ""min_temperature"": -50, ""power_per_meter"": 50}, {""brand"": ""ТЛТ"", ""model"": ""ТЛТ-60"", ""source"": ""builtin"", ""voltage"": 220, ""max_temperature"": 120, ""min_temperature"": -55, ""power_per_meter"": 60}, {""brand"": ""ТЛТ"", ""model"": ""ТЛТ-75"", ""source"": ""builtin"", ""voltage"": 220, ""max_temperature"": 120, ""min_temperature"": -55, ""power_per_meter"": 75}, {""brand"": ""ТЛТ"", ""model"": ""ТЛТ-100"", ""source"": ""builtin"", ""voltage"": 220, ""max_temperature"": 150, ""min_temperature"": -60, ""power_per_meter"": 100}], ""safety_factor"": 1.1, ""supply_voltage"": 220.0, ""ambient_temperature"": -30.0, ""process_temperature"": 40.0, ""required_power_per_meter"": 81.829}";"{""current"": 0.5, ""voltage"": 220.0, ""total_power"": 110.0, ""cable_length"": 1.1, ""selected_cable"": ""ТЛТ-100""}"
Прям. бак №40;4;self_regulating;ТЛТ-20;"{""cable_mark"": null, ""pipe_length"": 4.0, ""cable_catalog"": [{""brand"": ""ТЛТ"", ""model"": ""ТЛТ-10"", ""source"": ""builtin"", ""voltage"": 220, ""max_temperature"": 65, ""min_temperature"": -40, ""power_per_meter"": 10}, {""brand"": ""ТЛТ"", ""model"": ""ТЛТ-15"", ""source"": ""builtin"", ""voltage"": 220, ""max_temperature"": 65, ""min_temperature"": -40, ""power_per_meter"": 15}, {""brand"": ""ТЛТ"", ""model"": ""ТЛТ-20"", ""source"": ""builtin"", ""voltage"": 220, ""max_temperature"": 65, ""min_temperature"": -40, ""power_per_meter"": 20}, {""brand"": ""ТЛТ"", ""model"": ""ТЛТ-25"", ""source"": ""builtin"", ""voltage"": 220, ""max_temperature"": 85, ""min_temperature"": -50, ""power_per_meter"": 25}, {""brand"": ""ТЛТ"", ""model"": ""ТЛТ-30"", ""source"": ""builtin"", ""voltage"": 220, ""max_temperature"": 85, ""min_temperature"": -50, ""power_per_meter"": 30}, {""brand"": ""ТЛТ"", ""model"": ""ТЛТ-40"", ""source"": ""builtin"", ""voltage"": 220, ""max_temperature"": 110, ""min_temperature"": -50, ""power_per_meter"": 40}, {""brand"": ""ТЛТ"", ""model"": ""ТЛТ-50"", ""source"": ""builtin"", ""voltage"": 220, ""max_temperature"": 110, ""min_temperature"": -50, ""power_per_meter"": 50}, {""brand"": ""ТЛТ"", ""model"": ""ТЛТ-60"", ""source"": ""builtin"", ""voltage"": 220, ""max_temperature"": 120, ""min_temperature"": -55, ""power_per_meter"": 60}, {""brand"": ""ТЛТ"", ""model"": ""ТЛТ-75"", ""source"": ""builtin"", ""voltage"": 220, ""max_temperature"": 120, ""min_temperature"": -55, ""power_per_meter"": 75}, {""brand"": ""ТЛТ"", ""model"": ""ТЛТ-100"", ""source"": ""builtin"", ""voltage"": 220, ""max_temperature"": 150, ""min_temperature"": -60, ""power_per_meter"": 100}], ""safety_factor"": 1.1, ""supply_voltage"": 220.0, ""ambient_temperature"": -20.0, ""process_temperature"": 40.0, ""required_power_per_meter"": 14.875}";"{""current"": 0.4, ""voltage"": 220.0, ""total_power"": 88.0, ""cable_length"": 4.4, ""selected_cable"": ""ТЛТ-20""}"
Шар. бак №38;4;self_regulating;ТЛТ-60;"{""cable_mark"": null, ""pipe_length"": 1.0, ""cable_catalog"": [{""brand"": ""ТЛТ"", ""model"": ""ТЛТ-10"", ""source"": ""builtin"", ""voltage"": 220, ""max_temperature"": 65, ""min_temperature"": -40, ""power_per_meter"": 10}, {""brand"": ""ТЛТ"", ""model"": ""ТЛТ-15"", ""source"": ""builtin"", ""voltage"": 220, ""max_temperature"": 65, ""min_temperature"": -40, ""power_per_meter"": 15}, {""brand"": ""ТЛТ"", ""model"": ""ТЛТ-20"", ""source"": ""builtin"", ""voltage"": 220, ""max_temperature"": 65, ""min_temperature"": -40, ""power_per_meter"": 20}, {""brand"": ""ТЛТ"", ""model"": ""ТЛТ-25"", ""source"": ""builtin"", ""voltage"": 220, ""max_temperature"": 85, ""min_temperature"": -50, ""power_per_meter"": 25}, {""brand"": ""ТЛТ"", ""model"": ""ТЛТ-30"", ""source"": ""builtin"", ""voltage"": 220, ""max_temperature"": 85, ""min_temperature"": -50, ""power_per_meter"": 30}, {""brand"": ""ТЛТ"", ""model"": ""ТЛТ-40"", ""source"": ""builtin"", ""voltage"": 220, ""max_temperature"": 110, ""min_temperature"": -50, ""power_per_meter"": 40}, {""brand"": ""ТЛТ"", ""model"": ""ТЛТ-50"", ""source"": ""builtin"", ""voltage"": 220, ""max_temperature"": 110, ""min_temperature"": -50, ""power_per_meter"": 50}, {""brand"": ""ТЛТ"", ""model"": ""ТЛТ-60"", ""source"": ""builtin"", ""voltage"": 220, ""max_temperature"": 120, ""min_temperature"": -55, ""power_per_meter"": 60}, {""brand"": ""ТЛТ"", ""model"": ""ТЛТ-75"", ""source"": ""builtin"", ""voltage"": 220, ""max_temperature"": 120, ""min_temperature"": -55, ""power_per_meter"": 75}, {""brand"": ""ТЛТ"", ""model"": ""ТЛТ-100"", ""source"": ""builtin"", ""voltage"": 220, ""max_temperature"": 150, ""min_temperature"": -60, ""power_per_meter"": 100}], ""safety_factor"": 1.1, ""supply_voltage"": 220.0, ""ambient_temperature"": -10.0, ""process_temperature"": 60.0, ""required_power_per_meter"": 47.765}";"{""current"": 0.3, ""voltage"": 220.0, ""total_power"": 66.0, ""cable_length"": 1.1, ""selected_cable"": ""ТЛТ-60""}"
Труба DN108 №57;4;self_regulating;ТЛТ-50;"{""cable_mark"": null, ""pipe_length"": 26.8, ""cable_catalog"": [{""brand"": ""ТЛТ"", ""model"": ""ТЛТ-10"", ""source"": ""builtin"", ""voltage"": 220, ""max_temperature"": 65, ""min_temperature"": -40, ""power_per_meter"": 10}, {""brand"": ""ТЛТ"", ""model"": ""ТЛТ-15"", ""source"": ""builtin"", ""voltage"": 220, ""max_temperature"": 65, ""min_temperature"": -40, ""power_per_meter"": 15}, {""brand"": ""ТЛТ"", ""model"": ""ТЛТ-20"", ""source"": ""builtin"", ""voltage"": 220, ""max_temperature"": 65, ""min_temperature"": -40, ""power_per_meter"": 20}, {""brand"": ""ТЛТ"", ""model"": ""ТЛТ-25"", ""source"": ""builtin"", ""voltage"": 220, ""max_temperature"": 85, ""min_temperature"": -50, ""power_per_meter"": 25}, {""brand"": ""ТЛТ"", ""model"": ""ТЛТ-30"", ""source"": ""builtin"", ""voltage"": 220, ""max_temperature"": 85, ""min_temperature"": -50, ""power_per_meter"": 30}, {""brand"": ""ТЛТ"", ""model"": ""ТЛТ-40"", ""source"": ""builtin"", ""voltage"": 220, ""max_temperature"": 110, ""min_temperature"": -50, ""power_per_meter"": 40}, {""brand"": ""ТЛТ"", ""model"": ""ТЛТ-50"", ""source"": ""builtin"", ""voltage"": 220, ""max_temperature"": 110, ""min_temperature"": -50, ""power_per_meter"": 50}, {""brand"": ""ТЛТ"", ""model"": ""ТЛТ-60"", ""source"": ""builtin"", ""voltage"": 220, ""max_temperature"": 120, ""min_temperature"": -55, ""power_per_meter"": 60}, {""brand"": ""ТЛТ"", ""model"": ""ТЛТ-75"", ""source"": ""builtin"", ""voltage"": 220, ""max_temperature"": 120, ""min_temperature"": -55, ""power_per_meter"": 75}, {""brand"": ""ТЛТ"", ""model"": ""ТЛТ-100"", ""source"": ""builtin"", ""voltage"": 220, ""max_temperature"": 150, ""min_temperature"": -60, ""power_per_meter"": 100}], ""safety_factor"": 1.1, ""supply_voltage"": 220.0, ""ambient_temperature"": -15.0, ""process_temperature"": 60.0, ""required_power_per_meter"": 38.852}";"{""current"": 6.7, ""voltage"": 220.0, ""total_power"": 1474.0, ""cable_length"": 29.48, ""selected_cable"": ""ТЛТ-50""}"
Прям. бак №1;4;self_regulating;ТЛТ-75;"{""cable_mark"": null, ""pipe_length"": 3.0, ""cable_catalog"": [{""brand"": ""ТЛТ"", ""model"": ""ТЛТ-10"", ""source"": ""builtin"", ""voltage"": 220, ""max_temperature"": 65, ""min_temperature"": -40, ""power_per_meter"": 10}, {""brand"": ""ТЛТ"", ""model"": ""ТЛТ-15"", ""source"": ""builtin"", ""voltage"": 220, ""max_temperature"": 65, ""min_temperature"": -40, ""power_per_meter"": 15}, {""brand"": ""ТЛТ"", ""model"": ""ТЛТ-20"", ""source"": ""builtin"", ""voltage"": 220, ""max_temperature"": 65, ""min_temperature"": -40, ""power_per_meter"": 20}, {""brand"": ""ТЛТ"", ""model"": ""ТЛТ-25"", ""source"": ""builtin"", ""voltage"": 220, ""max_temperature"": 85, ""min_temperature"": -50, ""power_per_meter"": 25}, {""brand"": ""ТЛТ"", ""model"": ""ТЛТ-30"", ""source"": ""builtin"", ""voltage"": 220, ""max_temperature"": 85, ""min_temperature"": -50, ""power_per_meter"": 30}, {""brand"": ""ТЛТ"", ""model"": ""ТЛТ-40"", ""source"": ""builtin"", ""voltage"": 220, ""max_temperature"": 110, ""min_temperature"": -50, ""power_per_meter"": 40}, {""brand"": ""ТЛТ"", ""model"": ""ТЛТ-50"", ""source"": ""builtin"", ""voltage"": 220, ""max_temperature"": 110, ""min_temperature"": -50, ""power_per_meter"": 50}, {""brand"": ""ТЛТ"", ""model"": ""ТЛТ-60"", ""source"": ""builtin"", ""voltage"": 220, ""max_temperature"": 120, ""min_temperature"": -55, ""power_per_meter"": 60}, {""brand"": ""ТЛТ"", ""model"": ""ТЛТ-75"", ""source"": ""builtin"", ""voltage"": 220, ""max_temperature"": 120, ""min_temperature"": -55, ""power_per_meter"": 75}, {""brand"": ""ТЛТ"", ""model"": ""ТЛТ-100"", ""source"": ""builtin"", ""voltage"": 220, ""max_temperature"": 150, ""min_temperature"": -60, ""power_per_meter"": 100}], ""safety_factor"": 1.1, ""supply_voltage"": 220.0, ""ambient_temperature"": -20.0, ""process_temperature"": 60.0, ""required_power_per_meter"": 56.356}";"{""current"": 1.125, ""voltage"": 220.0, ""total_power"": 247.5, ""cable_length"": 3.3, ""selected_cable"": ""ТЛТ-75""}"
Прям. бак №6;4;self_regulating;ТЛТ-75;"{""cable_mark"": null, ""pipe_length"": 3.0, ""cable_catalog"": [{""brand"": ""ТЛТ"", ""model"": ""ТЛТ-10"", ""source"": ""builtin"", ""voltage"": 220, ""max_temperature"": 65, ""min_temperature"": -40, ""power_per_meter"": 10}, {""brand"": ""ТЛТ"", ""model"": ""ТЛТ-15"", ""source"": ""builtin"", ""voltage"": 220, ""max_temperature"": 65, ""min_temperature"": -40, ""power_per_meter"": 15}, {""brand"": ""ТЛТ"", ""model"": ""ТЛТ-20"", ""source"": ""builtin"", ""voltage"": 220, ""max_temperature"": 65, ""min_temperature"": -40, ""power_per_meter"": 20}, {""brand"": ""ТЛТ"", ""model"": ""ТЛТ-25"", ""source"": ""builtin"", ""voltage"": 220, ""max_temperature"": 85, ""min_temperature"": -50, ""power_per_meter"": 25}, {""brand"": ""ТЛТ"", ""model"": ""ТЛТ-30"", ""source"": ""builtin"", ""voltage"": 220, ""max_temperature"": 85, ""min_temperature"": -50, ""power_per_meter"": 30}, {""brand"": ""ТЛТ"", ""model"": ""ТЛТ-40"", ""source"": ""builtin"", ""voltage"": 220, ""max_temperature"": 110, ""min_temperature"": -50, ""power_per_meter"": 40}, {""brand"": ""ТЛТ"", ""model"": ""ТЛТ-50"", ""source"": ""builtin"", ""voltage"": 220, ""max_temperature"": 110, ""min_temperature"": -50, ""power_per_meter"": 50}, {""brand"": ""ТЛТ"", ""model"": ""ТЛТ-60"", ""source"": ""builtin"", ""voltage"": 220, ""max_temperature"": 120, ""min_temperature"": -55, ""power_per_meter"": 60}, {""brand"": ""ТЛТ"", ""model"": ""ТЛТ-75"", ""source"": ""builtin"", ""voltage"": 220, ""max_temperature"": 120, ""min_temperature"": -55, ""power_per_meter"": 75}, {""brand"": ""ТЛТ"", ""model"": ""ТЛТ-100"", ""source"": ""builtin"", ""voltage"": 220, ""max_temperature"": 150, ""min_temperature"": -60, ""power_per_meter"": 100}], ""safety_factor"": 1.1, ""supply_voltage"": 220.0, ""ambient_temperature"": -30.0, ""process_temperature"": 40.0, ""required_power_per_meter"": 62.462}";"{""current"": 1.125, ""voltage"": 220.0, ""total_power"": 247.5, ""cable_length"": 3.3, ""selected_cable"": ""ТЛТ-75""}"
Шар. бак №12;4;self_regulating;ТЛТ-10;"{""cable_mark"": null, ""pipe_length"": 1.0, ""cable_catalog"": [{""brand"": ""ТЛТ"", ""model"": ""ТЛТ-10"", ""source"": ""builtin"", ""voltage"": 220, ""max_temperature"": 65, ""min_temperature"": -40, ""power_per_meter"": 10}, {""brand"": ""ТЛТ"", ""model"": ""ТЛТ-15"", ""source"": ""builtin"", ""voltage"": 220, ""max_temperature"": 65, ""min_temperature"": -40, ""power_per_meter"": 15}, {""brand"": ""ТЛТ"", ""model"": ""ТЛТ-20"", ""source"": ""builtin"", ""voltage"": 220, ""max_temperature"": 65, ""min_temperature"": -40, ""power_per_meter"": 20}, {""brand"": ""ТЛТ"", ""model"": ""ТЛТ-25"", ""source"": ""builtin"", ""voltage"": 220, ""max_temperature"": 85, ""min_temperature"": -50, ""power_per_meter"": 25}, {""brand"": ""ТЛТ"", ""model"": ""ТЛТ-30"", ""source"": ""builtin"", ""voltage"": 220, ""max_temperature"": 85, ""min_temperature"": -50, ""power_per_meter"": 30}, {""brand"": ""ТЛТ"", ""model"": ""ТЛТ-40"", ""source"": ""builtin"", ""voltage"": 220, ""max_temperature"": 110, ""min_temperature"": -50, ""power_per_meter"": 40}, {""brand"": ""ТЛТ"", ""model"": ""ТЛТ-50"", ""source"": ""builtin"", ""voltage"": 220, ""max_temperature"": 110, ""min_temperature"": -50, ""power_per_meter"": 50}, {""brand"": ""ТЛТ"", ""model"": ""ТЛТ-60"", ""source"": ""builtin"", ""voltage"": 220, ""max_temperature"": 120, ""min_temperature"": -55, ""power_per_meter"": 60}, {""brand"": ""ТЛТ"", ""model"": ""ТЛТ-75"", ""source"": ""builtin"", ""voltage"": 220, ""max_temperature"": 120, ""min_temperature"": -55, ""power_per_meter"": 75}, {""brand"": ""ТЛТ"", ""model"": ""ТЛТ-100"", ""source"": ""builtin"", ""voltage"": 220, ""max_temperature"": 150, ""min_temperature"": -60, ""power_per_meter"": 100}], ""safety_factor"": 1.1, ""supply_voltage"": 220.0, ""ambient_temperature"": 10.0, ""process_temperature"": 60.0, ""required_power_per_meter"": 6.917}";"{""current"": 0.05, ""voltage"": 220.0, ""total_power"": 11.0, ""cable_length"": 1.1, ""selected_cable"": ""ТЛТ-10""}"
Шар. бак №21;4;self_regulating;ТЛТ-40;"{""cable_mark"": null, ""pipe_length"": 1.0, ""cable_catalog"": [{""brand"": ""ТЛТ"", ""model"": ""ТЛТ-10"", ""source"": ""builtin"", ""voltage"": 220, ""max_temperature"": 65, ""min_temperature"": -40, ""power_per_meter"": 10}, {""brand"": ""ТЛТ"", ""model"": ""ТЛТ-15"", ""source"": ""builtin"", ""voltage"": 220, ""max_temperature"": 65, ""min_temperature"": -40, ""power_per_meter"": 15}, {""brand"": ""ТЛТ"", ""model"": ""ТЛТ-20"", ""source"": ""builtin"", ""voltage"": 220, ""max_temperature"": 65, ""min_temperature"": -40, ""power_per_meter"": 20}, {""brand"": ""ТЛТ"", ""model"": ""ТЛТ-25"", ""source"": ""builtin"", ""voltage"": 220, ""max_temperature"": 85, ""min_temperature"": -50, ""power_per_meter"": 25}, {""brand"": ""ТЛТ"", ""model"": ""ТЛТ-30"", ""source"": ""builtin"", ""voltage"": 220, ""max_temperature"": 85, ""min_temperature"": -50, ""power_per_meter"": 30}, {""brand"": ""ТЛТ"", ""model"": ""ТЛТ-40"", ""source"": ""builtin"", ""voltage"": 220, ""max_temperature"": 110, ""min_temperature"": -50, ""power_per_meter"": 40}, {""brand"": ""ТЛТ"", ""model"": ""ТЛТ-50"", ""source"": ""builtin"", ""voltage"": 220, ""max_temperature"": 110, ""min_temperature"": -50, ""power_per_meter"": 50}, {""brand"": ""ТЛТ"", ""model"": ""ТЛТ-60"", ""source"": ""builtin"", ""voltage"": 220, ""max_temperature"": 120, ""min_temperature"": -55, ""power_per_meter"": 60}, {""brand"": ""ТЛТ"", ""model"": ""ТЛТ-75"", ""source"": ""builtin"", ""voltage"": 220, ""max_temperature"": 120, ""min_temperature"": -55, ""power_per_meter"": 75}, {""brand"": ""ТЛТ"", ""model"": ""ТЛТ-100"", ""source"": ""builtin"", ""voltage"": 220, ""max_temperature"": 150, ""min_temperature"": -60, ""power_per_meter"": 100}], ""safety_factor"": 1.1, ""supply_voltage"": 220.0, ""ambient_temperature"": -10.0, ""process_temperature"": 100.0, ""required_power_per_meter"": 32.168}";"{""current"": 0.2, ""voltage"": 220.0, ""total_power"": 44.0, ""cable_length"": 1.1, ""selected_cable"": ""ТЛТ-40""}"
Шар. бак №16;4;self_regulating;ТЛТ-40;"{""cable_mark"": null, ""pipe_length"": 1.0, ""cable_catalog"": [{""brand"": ""ТЛТ"", ""model"": ""ТЛТ-10"", ""source"": ""builtin"", ""voltage"": 220, ""max_temperature"": 65, ""min_temperature"": -40, ""power_per_meter"": 10}, {""brand"": ""ТЛТ"", ""model"": ""ТЛТ-15"", ""source"": ""builtin"", ""voltage"": 220, ""max_temperature"": 65, ""min_temperature"": -40, ""power_per_meter"": 15}, {""brand"": ""ТЛТ"", ""model"": ""ТЛТ-20"", ""source"": ""builtin"", ""voltage"": 220, ""max_temperature"": 65, ""min_temperature"": -40, ""power_per_meter"": 20}, {""brand"": ""ТЛТ"", ""model"": ""ТЛТ-25"", ""source"": ""builtin"", ""voltage"": 220, ""max_temperature"": 85, ""min_temperature"": -50, ""power_per_meter"": 25}, {""brand"": ""ТЛТ"", ""model"": ""ТЛТ-30"", ""source"": ""builtin"", ""voltage"": 220, ""max_temperature"": 85, ""min_temperature"": -50, ""power_per_meter"": 30}, {""brand"": ""ТЛТ"", ""model"": ""ТЛТ-40"", ""source"": ""builtin"", ""voltage"": 220, ""max_temperature"": 110, ""min_temperature"": -50, ""power_per_meter"": 40}, {""brand"": ""ТЛТ"", ""model"": ""ТЛТ-50"", ""source"": ""builtin"", ""voltage"": 220, ""max_temperature"": 110, ""min_temperature"": -50, ""power_per_meter"": 50}, {""brand"": ""ТЛТ"", ""model"": ""ТЛТ-60"", ""source"": ""builtin"", ""voltage"": 220, ""max_temperature"": 120, ""min_temperature"": -55, ""power_per_meter"": 60}, {""brand"": ""ТЛТ"", ""model"": ""ТЛТ-75"", ""source"": ""builtin"", ""voltage"": 220, ""max_temperature"": 120, ""min_temperature"": -55, ""power_per_meter"": 75}, {""brand"": ""ТЛТ"", ""model"": ""ТЛТ-100"", ""source"": ""builtin"", ""voltage"": 220, ""max_temperature"": 150, ""min_temperature"": -60, ""power_per_meter"": 100}], ""safety_factor"": 1.1, ""supply_voltage"": 220.0, ""ambient_temperature"": -20.0, ""process_temperature"": 80.0, ""required_power_per_meter"": 29.244}";"{""current"": 0.2, ""voltage"": 220.0, ""total_power"": 44.0, ""cable_length"": 1.1, ""selected_cable"": ""ТЛТ-40""}"
Цил. бак №25;4;self_regulating;ТЛТ-25;"{""cable_mark"": null, ""pipe_length"": 6.0, ""cable_catalog"": [{""brand"": ""ТЛТ"", ""model"": ""ТЛТ-10"", ""source"": ""builtin"", ""voltage"": 220, ""max_temperature"": 65, ""min_temperature"": -40, ""power_per_meter"": 10}, {""brand"": ""ТЛТ"", ""model"": ""ТЛТ-15"", ""source"": ""builtin"", ""voltage"": 220, ""max_temperature"": 65, ""min_temperature"": -40, ""power_per_meter"": 15}, {""brand"": ""ТЛТ"", ""model"": ""ТЛТ-20"", ""source"": ""builtin"", ""voltage"": 220, ""max_temperature"": 65, ""min_temperature"": -40, ""power_per_meter"": 20}, {""brand"": ""ТЛТ"", ""model"": ""ТЛТ-25"", ""source"": ""builtin"", ""voltage"": 220, ""max_temperature"": 85, ""min_temperature"": -50, ""power_per_meter"": 25}, {""brand"": ""ТЛТ"", ""model"": ""ТЛТ-30"", ""source"": ""builtin"", ""voltage"": 220, ""max_temperature"": 85, ""min_temperature"": -50, ""power_per_meter"": 30}, {""brand"": ""ТЛТ"", ""model"": ""ТЛТ-40"", ""source"": ""builtin"", ""voltage"": 220, ""max_temperature"": 110, ""min_temperature"": -50, ""power_per_meter"": 40}, {""brand"": ""ТЛТ"", ""model"": ""ТЛТ-50"", ""source"": ""builtin"", ""voltage"": 220, ""max_temperature"": 110, ""min_temperature"": -50, ""power_per_meter"": 50}, {""brand"": ""ТЛТ"", ""model"": ""ТЛТ-60"", ""source"": ""builtin"", ""voltage"": 220, ""max_temperature"": 120, ""min_temperature"": -55, ""power_per_meter"": 60}, {""brand"": ""ТЛТ"", ""model"": ""ТЛТ-75"", ""source"": ""builtin"", ""voltage"": 220, ""max_temperature"": 120, ""min_temperature"": -55, ""power_per_meter"": 75}, {""brand"": ""ТЛТ"", ""model"": ""ТЛТ-100"", ""source"": ""builtin"", ""voltage"": 220, ""max_temperature"": 150, ""min_temperature"": -60, ""power_per_meter"": 100}], ""safety_factor"": 1.1, ""supply_voltage"": 220.0, ""ambient_temperature"": -10.0, ""process_temperature"": 60.0, ""required_power_per_meter"": 20.471}";"{""current"": 0.75, ""voltage"": 220.0, ""total_power"": 165.0, ""cable_length"": 6.6, ""selected_cable"": ""ТЛТ-25""}"
Цил. бак №34;4;self_regulating;ТЛТ-60;"{""cable_mark"": null, ""pipe_length"": 6.0, ""cable_catalog"": [{""brand"": ""ТЛТ"", ""model"": ""ТЛТ-10"", ""source"": ""builtin"", ""voltage"": 220, ""max_temperature"": 65, ""min_temperature"": -40, ""power_per_meter"": 10}, {""brand"": ""ТЛТ"", ""model"": ""ТЛТ-15"", ""source"": ""builtin"", ""voltage"": 220, ""max_temperature"": 65, ""min_temperature"": -40, ""power_per_meter"": 15}, {""brand"": ""ТЛТ"", ""model"": ""ТЛТ-20"", ""source"": ""builtin"", ""voltage"": 220, ""max_temperature"": 65, ""min_temperature"": -40, ""power_per_meter"": 20}, {""brand"": ""ТЛТ"", ""model"": ""ТЛТ-25"", ""source"": ""builtin"", ""voltage"": 220, ""max_temperature"": 85, ""min_temperature"": -50, ""power_per_meter"": 25}, {""brand"": ""ТЛТ"", ""model"": ""ТЛТ-30"", ""source"": ""builtin"", ""voltage"": 220, ""max_temperature"": 85, ""min_temperature"": -50, ""power_per_meter"": 30}, {""brand"": ""ТЛТ"", ""model"": ""ТЛТ-40"", ""source"": ""builtin"", ""voltage"": 220, ""max_temperature"": 110, ""min_temperature"": -50, ""power_per_meter"": 40}, {""brand"": ""ТЛТ"", ""model"": ""ТЛТ-50"", ""source"": ""builtin"", ""voltage"": 220, ""max_temperature"": 110, ""min_temperature"": -50, ""power_per_meter"": 50}, {""brand"": ""ТЛТ"", ""model"": ""ТЛТ-60"", ""source"": ""builtin"", ""voltage"": 220, ""max_temperature"": 120, ""min_temperature"": -55, ""power_per_meter"": 60}, {""brand"": ""ТЛТ"", ""model"": ""ТЛТ-75"", ""source"": ""builtin"", ""voltage"": 220, ""max_temperature"": 120, ""min_temperature"": -55, ""power_per_meter"": 75}, {""brand"": ""ТЛТ"", ""model"": ""ТЛТ-100"", ""source"": ""builtin"", ""voltage"": 220, ""max_temperature"": 150, ""min_temperature"": -60, ""power_per_meter"": 100}], ""safety_factor"": 1.1, ""supply_voltage"": 220.0, ""ambient_temperature"": -10.0, ""process_temperature"": 100.0, ""required_power_per_meter"": 49.348}";"{""current"": 1.8, ""voltage"": 220.0, ""total_power"": 396.0, ""cable_length"": 6.6, ""selected_cable"": ""ТЛТ-60""}"
Шар. бак №35;4;self_regulating;ТЛТ-100;"{""cable_mark"": null, ""pipe_length"": 1.0, ""cable_catalog"": [{""brand"": ""ТЛТ"", ""model"": ""ТЛТ-10"", ""source"": ""builtin"", ""voltage"": 220, ""max_temperature"": 65, ""min_temperature"": -40, ""power_per_meter"": 10}, {""brand"": ""ТЛТ"", ""model"": ""ТЛТ-15"", ""source"": ""builtin"", ""voltage"": 220, ""max_temperature"": 65, ""min_temperature"": -40, ""power_per_meter"": 15}, {""brand"": ""ТЛТ"", ""model"": ""ТЛТ-20"", ""source"": ""builtin"", ""voltage"": 220, ""max_temperature"": 65, ""min_temperature"": -40, ""power_per_meter"": 20}, {""brand"": ""ТЛТ"", ""model"": ""ТЛТ-25"", ""source"": ""builtin"", ""voltage"": 220, ""max_temperature"": 85, ""min_temperature"": -50, ""power_per_meter"": 25}, {""brand"": ""ТЛТ"", ""model"": ""ТЛТ-30"", ""source"": ""builtin"", ""voltage"": 220, ""max_temperature"": 85, ""min_temperature"": -50, ""power_per_meter"": 30}, {""brand"": ""ТЛТ"", ""model"": ""ТЛТ-40"", ""source"": ""builtin"", ""voltage"": 220, ""max_temperature"": 110, ""min_temperature"": -50, ""power_per_meter"": 40}, {""brand"": ""ТЛТ"", ""model"": ""ТЛТ-50"", ""source"": ""builtin"", ""voltage"": 220, ""max_temperature"": 110, ""min_temperature"": -50, ""power_per_meter"": 50}, {""brand"": ""ТЛТ"", ""model"": ""ТЛТ-60"", ""source"": ""builtin"", ""voltage"": 220, ""max_temperature"": 120, ""min_temperature"": -55, ""power_per_meter"": 60}, {""brand"": ""ТЛТ"", ""model"": ""ТЛТ-75"", ""source"": ""builtin"", ""voltage"": 220, ""max_temperature"": 120, ""min_temperature"": -55, ""power_per_meter"": 75}, {""brand"": ""ТЛТ"", ""model"": ""ТЛТ-100"", ""source"": ""builtin"", ""voltage"": 220, ""max_temperature"": 150, ""min_temperature"": -60, ""power_per_meter"": 100}], ""safety_factor"": 1.1, ""supply_voltage"": 220.0, ""ambient_temperature"": -30.0, ""process_temperature"": 80.0, ""required_power_per_meter"": 78.46}";"{""current"": 0.5, ""voltage"": 220.0, ""total_power"": 110.0, ""cable_length"": 1.1, ""selected_cable"": ""ТЛТ-100""}"
Прям. бак №39;4;self_regulating;ТЛТ-50;"{""cable_mark"": null, ""pipe_length"": 3.0, ""cable_catalog"": [{""brand"": ""ТЛТ"", ""model"": ""ТЛТ-10"", ""source"": ""builtin"", ""voltage"": 220, ""max_temperature"": 65, ""min_temperature"": -40, ""power_per_meter"": 10}, {""brand"": ""ТЛТ"", ""model"": ""ТЛТ-15"", ""source"": ""builtin"", ""voltage"": 220, ""max_temperature"": 65, ""min_temperature"": -40, ""power_per_meter"": 15}, {""brand"": ""ТЛТ"", ""model"": ""ТЛТ-20"", ""source"": ""builtin"", ""voltage"": 220, ""max_temperature"": 65, ""min_temperature"": -40, ""power_per_meter"": 20}, {""brand"": ""ТЛТ"", ""model"": ""ТЛТ-25"", ""source"": ""builtin"", ""voltage"": 220, ""max_temperature"": 85, ""min_temperature"": -50, ""power_per_meter"": 25}, {""brand"": ""ТЛТ"", ""model"": ""ТЛТ-30"", ""source"": ""builtin"", ""voltage"": 220, ""max_temperature"": 85, ""min_temperature"": -50, ""power_per_meter"": 30}, {""brand"": ""ТЛТ"", ""model"": ""ТЛТ-40"", ""source"": ""builtin"", ""voltage"": 220, ""max_temperature"": 110, ""min_temperature"": -50, ""power_per_meter"": 40}, {""brand"": ""ТЛТ"", ""model"": ""ТЛТ-50"", ""source"": ""builtin"", ""voltage"": 220, ""max_temperature"": 110, ""min_temperature"": -50, ""power_per_meter"": 50}, {""brand"": ""ТЛТ"", ""model"": ""ТЛТ-60"", ""source"": ""builtin"", ""voltage"": 220, ""max_temperature"": 120, ""min_temperature"": -55, ""power_per_meter"": 60}, {""brand"": ""ТЛТ"", ""model"": ""ТЛТ-75"", ""source"": ""builtin"", ""voltage"": 220, ""max_temperature"": 120, ""min_temperature"": -55, ""power_per_meter"": 75}, {""brand"": ""ТЛТ"", ""model"": ""ТЛТ-100"", ""source"": ""builtin"", ""voltage"": 220, ""max_temperature"": 150, ""min_temperature"": -60, ""power_per_meter"": 100}], ""safety_factor"": 1.1, ""supply_voltage"": 220.0, ""ambient_temperature"": -30.0, ""process_temperature"": 100.0, ""required_power_per_meter"": 44.167}";"{""current"": 0.75, ""voltage"": 220.0, ""total_power"": 165.0, ""cable_length"": 3.3, ""selected_cable"": ""ТЛТ-50""}"
Труба DN108 №6;1;self_regulating;ТЛТ-60;"{""cable_mark"": null, ""pipe_length"": 82.0, ""cable_catalog"": [{""brand"": ""ТЛТ"", ""model"": ""ТЛТ-10"", ""source"": ""builtin"", ""voltage"": 220, ""max_temperature"": 65, ""min_temperature"": -40, ""power_per_meter"": 10}, {""brand"": ""ТЛТ"", ""model"": ""ТЛТ-15"", ""source"": ""builtin"", ""voltage"": 220, ""max_temperature"": 65, ""min_temperature"": -40, ""power_per_meter"": 15}, {""brand"": ""ТЛТ"", ""model"": ""ТЛТ-20"", ""source"": ""builtin"", ""voltage"": 220, ""max_temperature"": 65, ""min_temperature"": -40, ""power_per_meter"": 20}, {""brand"": ""ТЛТ"", ""model"": ""ТЛТ-25"", ""source"": ""builtin"", ""voltage"": 220, ""max_temperature"": 85, ""min_temperature"": -50, ""power_per_meter"": 25}, {""brand"": ""ТЛТ"", ""model"": ""ТЛТ-30"", ""source"": ""builtin"", ""voltage"": 220, ""max_temperature"": 85, ""min_temperature"": -50, ""power_per_meter"": 30}, {""brand"": ""ТЛТ"", ""model"": ""ТЛТ-40"", ""source"": ""builtin"", ""voltage"": 220, ""max_temperature"": 110, ""min_temperature"": -50, ""power_per_meter"": 40}, {""brand"": ""ТЛТ"", ""model"": ""ТЛТ-50"", ""source"": ""builtin"", ""voltage"": 220, ""max_temperature"": 110, ""min_temperature"": -50, ""power_per_meter"": 50}, {""brand"": ""ТЛТ"", ""model"": ""ТЛТ-60"", ""source"": ""builtin"", ""voltage"": 220, ""max_temperature"": 120, ""min_temperature"": -55, ""power_per_meter"": 60}, {""brand"": ""ТЛТ"", ""model"": ""ТЛТ-75"", ""source"": ""builtin"", ""voltage"": 220, ""max_temperature"": 120, ""min_temperature"": -55, ""power_per_meter"": 75}, {""brand"": ""ТЛТ"", ""model"": ""ТЛТ-100"", ""source"": ""builtin"", ""voltage"": 220, ""max_temperature"": 150, ""min_temperature"": -60, ""power_per_meter"": 100}], ""safety_factor"": 1.1, ""supply_voltage"": 220.0, ""ambient_temperature"": -30.0, ""process_temperature"": 100.0, ""required_power_per_meter"": 53.062}";"{""current"": 24.6, ""voltage"": 220.0, ""total_power"": 5412.0, ""cable_length"": 90.2, ""selected_cable"": ""ТЛТ-60""}"
Труба DN159 №9;1;self_regulating;ТЛТ-50;"{""cable_mark"": null, ""pipe_length"": 290.8, ""cable_catalog"": [{""brand"": ""ТЛТ"", ""model"": ""ТЛТ-10"", ""source"": ""builtin"", ""voltage"": 220, ""max_temperature"": 65, ""min_temperature"": -40, ""power_per_meter"": 10}, {""brand"": ""ТЛТ"", ""model"": ""ТЛТ-15"", ""source"": ""builtin"", ""voltage"": 220, ""max_temperature"": 65, ""min_temperature"": -40, ""power_per_meter"": 15}, {""brand"": ""ТЛТ"", ""model"": ""ТЛТ-20"", ""source"": ""builtin"", ""voltage"": 220, ""max_temperature"": 65, ""min_temperature"": -40, ""power_per_meter"": 20}, {""brand"": ""ТЛТ"", ""model"": ""ТЛТ-25"", ""source"": ""builtin"", ""voltage"": 220, ""max_temperature"": 85, ""min_temperature"": -50, ""power_per_meter"": 25}, {""brand"": ""ТЛТ"", ""model"": ""ТЛТ-30"", ""source"": ""builtin"", ""voltage"": 220, ""max_temperature"": 85, ""min_temperature"": -50, ""power_per_meter"": 30}, {""brand"": ""ТЛТ"", ""model"": ""ТЛТ-40"", ""source"": ""builtin"", ""voltage"": 220, ""max_temperature"": 110, ""min_temperature"": -50, ""power_per_meter"": 40}, {""brand"": ""ТЛТ"", ""model"": ""ТЛТ-50"", ""source"": ""builtin"", ""voltage"": 220, ""max_temperature"": 110, ""min_temperature"": -50, ""power_per_meter"": 50}, {""brand"": ""ТЛТ"", ""model"": ""ТЛТ-60"", ""source"": ""builtin"", ""voltage"": 220, ""max_temperature"": 120, ""min_temperature"": -55, ""power_per_meter"": 60}, {""brand"": ""ТЛТ"", ""model"": ""ТЛТ-75"", ""source"": ""builtin"", ""voltage"": 220, ""max_temperature"": 120, ""min_temperature"": -55, ""power_per_meter"": 75}, {""brand"": ""ТЛТ"", ""model"": ""ТЛТ-100"", ""source"": ""builtin"", ""voltage"": 220, ""max_temperature"": 150, ""min_temperature"": -60, ""power_per_meter"": 100}], ""safety_factor"": 1.1, ""supply_voltage"": 220.0, ""ambient_temperature"": -40.0, ""process_temperature"": 70.0, ""required_power_per_meter"": 37.202}";"{""current"": 72.7, ""voltage"": 220.0, ""total_power"": 15994.0, ""cable_length"": 319.88, ""selected_cable"": ""ТЛТ-50""}"
Труба DN76 №12;1;self_regulating;ТЛТ-40;"{""cable_mark"": null, ""pipe_length"": 336.7, ""cable_catalog"": [{""brand"": ""ТЛТ"", ""model"": ""ТЛТ-10"", ""source"": ""builtin"", ""voltage"": 220, ""max_temperature"": 65, ""min_temperature"": -40, ""power_per_meter"": 10}, {""brand"": ""ТЛТ"", ""model"": ""ТЛТ-15"", ""source"": ""builtin"", ""voltage"": 220, ""max_temperature"": 65, ""min_temperature"": -40, ""power_per_meter"": 15}, {""brand"": ""ТЛТ"", ""model"": ""ТЛТ-20"", ""source"": ""builtin"", ""voltage"": 220, ""max_temperature"": 65, ""min_temperature"": -40, ""power_per_meter"": 20}, {""brand"": ""ТЛТ"", ""model"": ""ТЛТ-25"", ""source"": ""builtin"", ""voltage"": 220, ""max_temperature"": 85, ""min_temperature"": -50, ""power_per_meter"": 25}, {""brand"": ""ТЛТ"", ""model"": ""ТЛТ-30"", ""source"": ""builtin"", ""voltage"": 220, ""max_temperature"": 85, ""min_temperature"": -50, ""power_per_meter"": 30}, {""brand"": ""ТЛТ"", ""model"": ""ТЛТ-40"", ""source"": ""builtin"", ""voltage"": 220, ""max_temperature"": 110, ""min_temperature"": -50, ""power_per_meter"": 40}, {""brand"": ""ТЛТ"", ""model"": ""ТЛТ-50"", ""source"": ""builtin"", ""voltage"": 220, ""max_temperature"": 110, ""min_temperature"": -50, ""power_per_meter"": 50}, {""brand"": ""ТЛТ"", ""model"": ""ТЛТ-60"", ""source"": ""builtin"", ""voltage"": 220, ""max_temperature"": 120, ""min_temperature"": -55, ""power_per_meter"": 60}, {""brand"": ""ТЛТ"", ""model"": ""ТЛТ-75"", ""source"": ""builtin"", ""voltage"": 220, ""max_temperature"": 120, ""min_temperature"": -55, ""power_per_meter"": 75}, {""brand"": ""ТЛТ"", ""model"": ""ТЛТ-100"", ""source"": ""builtin"", ""voltage"": 220, ""max_temperature"": 150, ""min_temperature"": -60, ""power_per_meter"": 100}], ""safety_factor"": 1.1, ""supply_voltage"": 220.0, ""ambient_temperature"": -30.0, ""process_temperature"": 60.0, ""required_power_per_meter"": 27.631}";"{""current"": 67.34, ""voltage"": 220.0, ""total_power"": 14814.8, ""cable_length"": 370.37, ""selected_cable"": ""ТЛТ-40""}"
Труба DN89 №13;1;self_regulating;ТЛТ-25;"{""cable_mark"": null, ""pipe_length"": 85.9, ""cable_catalog"": [{""brand"": ""ТЛТ"", ""model"": ""ТЛТ-10"", ""source"": ""builtin"", ""voltage"": 220, ""max_temperature"": 65, ""min_temperature"": -40, ""power_per_meter"": 10}, {""brand"": ""ТЛТ"", ""model"": ""ТЛТ-15"", ""source"": ""builtin"", ""voltage"": 220, ""max_temperature"": 65, ""min_temperature"": -40, ""power_per_meter"": 15}, {""brand"": ""ТЛТ"", ""model"": ""ТЛТ-20"", ""source"": ""builtin"", ""voltage"": 220, ""max_temperature"": 65, ""min_temperature"": -40, ""power_per_meter"": 20}, {""brand"": ""ТЛТ"", ""model"": ""ТЛТ-25"", ""source"": ""builtin"", ""voltage"": 220, ""max_temperature"": 85, ""min_temperature"": -50, ""power_per_meter"": 25}, {""brand"": ""ТЛТ"", ""model"": ""ТЛТ-30"", ""source"": ""builtin"", ""voltage"": 220, ""max_temperature"": 85, ""min_temperature"": -50, ""power_per_meter"": 30}, {""brand"": ""ТЛТ"", ""model"": ""ТЛТ-40"", ""source"": ""builtin"", ""voltage"": 220, ""max_temperature"": 110, ""min_temperature"": -50, ""power_per_meter"": 40}, {""brand"": ""ТЛТ"", ""model"": ""ТЛТ-50"", ""source"": ""builtin"", ""voltage"": 220, ""max_temperature"": 110, ""min_temperature"": -50, ""power_per_meter"": 50}, {""brand"": ""ТЛТ"", ""model"": ""ТЛТ-60"", ""source"": ""builtin"", ""voltage"": 220, ""max_temperature"": 120, ""min_temperature"": -55, ""power_per_meter"": 60}, {""brand"": ""ТЛТ"", ""model"": ""ТЛТ-75"", ""source"": ""builtin"", ""voltage"": 220, ""max_temperature"": 120, ""min_temperature"": -55, ""power_per_meter"": 75}, {""brand"": ""ТЛТ"", ""model"": ""ТЛТ-100"", ""source"": ""builtin"", ""voltage"": 220, ""max_temperature"": 150, ""min_temperature"": -60, ""power_per_meter"": 100}], ""safety_factor"": 1.1, ""supply_voltage"": 220.0, ""ambient_temperature"": 10.0, ""process_temperature"": 70.0, ""required_power_per_meter"": 12.039}";"{""current"": 10.738, ""voltage"": 220.0, ""total_power"": 2362.25, ""cable_length"": 94.49, ""selected_cable"": ""ТЛТ-25""}"
Труба DN21 №3;1;self_regulating;ТЛТ-60;"{""cable_mark"": null, ""pipe_length"": 51.4, ""cable_catalog"": [{""brand"": ""ТЛТ"", ""model"": ""ТЛТ-10"", ""source"": ""builtin"", ""voltage"": 220, ""max_temperature"": 65, ""min_temperature"": -40, ""power_per_meter"": 10}, {""brand"": ""ТЛТ"", ""model"": ""ТЛТ-15"", ""source"": ""builtin"", ""voltage"": 220, ""max_temperature"": 65, ""min_temperature"": -40, ""power_per_meter"": 15}, {""brand"": ""ТЛТ"", ""model"": ""ТЛТ-20"", ""source"": ""builtin"", ""voltage"": 220, ""max_temperature"": 65, ""min_temperature"": -40, ""power_per_meter"": 20}, {""brand"": ""ТЛТ"", ""model"": ""ТЛТ-25"", ""source"": ""builtin"", ""voltage"": 220, ""max_temperature"": 85, ""min_temperature"": -50, ""power_per_meter"": 25}, {""brand"": ""ТЛТ"", ""model"": ""ТЛТ-30"", ""source"": ""builtin"", ""voltage"": 220, ""max_temperature"": 85, ""min_temperature"": -50, ""power_per_meter"": 30}, {""brand"": ""ТЛТ"", ""model"": ""ТЛТ-40"", ""source"": ""builtin"", ""voltage"": 220, ""max_temperature"": 110, ""min_temperature"": -50, ""power_per_meter"": 40}, {""brand"": ""ТЛТ"", ""model"": ""ТЛТ-50"", ""source"": ""builtin"", ""voltage"": 220, ""max_temperature"": 110, ""min_temperature"": -50, ""power_per_meter"": 50}, {""brand"": ""ТЛТ"", ""model"": ""ТЛТ-60"", ""source"": ""builtin"", ""voltage"": 220, ""max_temperature"": 120, ""min_temperature"": -55, ""power_per_meter"": 60}, {""brand"": ""ТЛТ"", ""model"": ""ТЛТ-75"", ""source"": ""builtin"", ""voltage"": 220, ""max_temperature"": 120, ""min_temperature"": -55, ""power_per_meter"": 75}, {""brand"": ""ТЛТ"", ""model"": ""ТЛТ-100"", ""source"": ""builtin"", ""voltage"": 220, ""max_temperature"": 150, ""min_temperature"": -60, ""power_per_meter"": 100}], ""safety_factor"": 1.1, ""supply_voltage"": 220.0, ""ambient_temperature"": -40.0, ""process_temperature"": 120.0, ""required_power_per_meter"": 13.142}";"{""current"": 15.42, ""voltage"": 220.0, ""total_power"": 3392.4, ""cable_length"": 56.54, ""selected_cable"": ""ТЛТ-60""}"
Труба DN219 №15;1;self_regulating;ТЛТ-40;"{""cable_mark"": null, ""pipe_length"": 137.5, ""cable_catalog"": [{""brand"": ""ТЛТ"", ""model"": ""ТЛТ-10"", ""source"": ""builtin"", ""voltage"": 220, ""max_temperature"": 65, ""min_temperature"": -40, ""power_per_meter"": 10}, {""brand"": ""ТЛТ"", ""model"": ""ТЛТ-15"", ""source"": ""builtin"", ""voltage"": 220, ""max_temperature"": 65, ""min_temperature"": -40, ""power_per_meter"": 15}, {""brand"": ""ТЛТ"", ""model"": ""ТЛТ-20"", ""source"": ""builtin"", ""voltage"": 220, ""max_temperature"": 65, ""min_temperature"": -40, ""power_per_meter"": 20}, {""brand"": ""ТЛТ"", ""model"": ""ТЛТ-25"", ""source"": ""builtin"", ""voltage"": 220, ""max_temperature"": 85, ""min_temperature"": -50, ""power_per_meter"": 25}, {""brand"": ""ТЛТ"", ""model"": ""ТЛТ-30"", ""source"": ""builtin"", ""voltage"": 220, ""max_temperature"": 85, ""min_temperature"": -50, ""power_per_meter"": 30}, {""brand"": ""ТЛТ"", ""model"": ""ТЛТ-40"", ""source"": ""builtin"", ""voltage"": 220, ""max_temperature"": 110, ""min_temperature"": -50, ""power_per_meter"": 40}, {""brand"": ""ТЛТ"", ""model"": ""ТЛТ-50"", ""source"": ""builtin"", ""voltage"": 220, ""max_temperature"": 110, ""min_temperature"": -50, ""power_per_meter"": 50}, {""brand"": ""ТЛТ"", ""model"": ""ТЛТ-60"", ""source"": ""builtin"", ""voltage"": 220, ""max_temperature"": 120, ""min_temperature"": -55, ""power_per_meter"": 60}, {""brand"": ""ТЛТ"", ""model"": ""ТЛТ-75"", ""source"": ""builtin"", ""voltage"": 220, ""max_temperature"": 120, ""min_temperature"": -55, ""power_per_meter"": 75}, {""brand"": ""ТЛТ"", ""model"": ""ТЛТ-100"", ""source"": ""builtin"", ""voltage"": 220, ""max_temperature"": 150, ""min_temperature"": -60, ""power_per_meter"": 100}], ""safety_factor"": 1.1, ""supply_voltage"": 220.0, ""ambient_temperature"": -10.0, ""process_temperature"": 70.0, ""required_power_per_meter"": 32.632}";"{""current"": 27.5, ""voltage"": 220.0, ""total_power"": 6050.0, ""cable_length"": 151.25, ""selected_cable"": ""ТЛТ-40""}"
Труба DN219 №18;1;self_regulating;ТЛТ-25;"{""cable_mark"": null, ""pipe_length"": 184.2, ""cable_catalog"": [{""brand"": ""ТЛТ"", ""model"": ""ТЛТ-10"", ""source"": ""builtin"", ""voltage"": 220, ""max_temperature"": 65, ""min_temperature"": -40, ""power_per_meter"": 10}, {""brand"": ""ТЛТ"", ""model"": ""ТЛТ-15"", ""source"": ""builtin"", ""voltage"": 220, ""max_temperature"": 65, ""min_temperature"": -40, ""power_per_meter"": 15}, {""brand"": ""ТЛТ"", ""model"": ""ТЛТ-20"", ""source"": ""builtin"", ""voltage"": 220, ""max_temperature"": 65, ""min_temperature"": -40, ""power_per_meter"": 20}, {""brand"": ""ТЛТ"", ""model"": ""ТЛТ-25"", ""source"": ""builtin"", ""voltage"": 220, ""max_temperature"": 85, ""min_temperature"": -50, ""power_per_meter"": 25}, {""brand"": ""ТЛТ"", ""model"": ""ТЛТ-30"", ""source"": ""builtin"", ""voltage"": 220, ""max_temperature"": 85, ""min_temperature"": -50, ""power_per_meter"": 30}, {""brand"": ""ТЛТ"", ""model"": ""ТЛТ-40"", ""source"": ""builtin"", ""voltage"": 220, ""max_temperature"": 110, ""min_temperature"": -50, ""power_per_meter"": 40}, {""brand"": ""ТЛТ"", ""model"": ""ТЛТ-50"", ""source"": ""builtin"", ""voltage"": 220, ""max_temperature"": 110, ""min_temperature"": -50, ""power_per_meter"": 50}, {""brand"": ""ТЛТ"", ""model"": ""ТЛТ-60"", ""source"": ""builtin"", ""voltage"": 220, ""max_temperature"": 120, ""min_temperature"": -55, ""power_per_meter"": 60}, {""brand"": ""ТЛТ"", ""model"": ""ТЛТ-75"", ""source"": ""builtin"", ""voltage"": 220, ""max_temperature"": 120, ""min_temperature"": -55, ""power_per_meter"": 75}, {""brand"": ""ТЛТ"", ""model"": ""ТЛТ-100"", ""source"": ""builtin"", ""voltage"": 220, ""max_temperature"": 150, ""min_temperature"": -60, ""power_per_meter"": 100}], ""safety_factor"": 1.1, ""supply_voltage"": 220.0, ""ambient_temperature"": 5.0, ""process_temperature"": 50.0, ""required_power_per_meter"": 18.355}";"{""current"": 23.025, ""voltage"": 220.0, ""total_power"": 5065.5, ""cable_length"": 202.62, ""selected_cable"": ""ТЛТ-25""}"
Труба DN21 №21;1;self_regulating;ТЛТ-25;"{""cable_mark"": null, ""pipe_length"": 341.7, ""cable_catalog"": [{""brand"": ""ТЛТ"", ""model"": ""ТЛТ-10"", ""source"": ""builtin"", ""voltage"": 220, ""max_temperature"": 65, ""min_temperature"": -40, ""power_per_meter"": 10}, {""brand"": ""ТЛТ"", ""model"": ""ТЛТ-15"", ""source"": ""builtin"", ""voltage"": 220, ""max_temperature"": 65, ""min_temperature"": -40, ""power_per_meter"": 15}, {""brand"": ""ТЛТ"", ""model"": ""ТЛТ-20"", ""source"": ""builtin"", ""voltage"": 220, ""max_temperature"": 65, ""min_temperature"": -40, ""power_per_meter"": 20}, {""brand"": ""ТЛТ"", ""model"": ""ТЛТ-25"", ""source"": ""builtin"", ""voltage"": 220, ""max_temperature"": 85, ""min_temperature"": -50, ""power_per_meter"": 25}, {""brand"": ""ТЛТ"", ""model"": ""ТЛТ-30"", ""source"": ""builtin"", ""voltage"": 220, ""max_temperature"": 85, ""min_temperature"": -50, ""power_per_meter"": 30}, {""brand"": ""ТЛТ"", ""model"": ""ТЛТ-40"", ""source"": ""builtin"", ""voltage"": 220, ""max_temperature"": 110, ""min_temperature"": -50, ""power_per_meter"": 40}, {""brand"": ""ТЛТ"", ""model"": ""ТЛТ-50"", ""source"": ""builtin"", ""voltage"": 220, ""max_temperature"": 110, ""min_temperature"": -50, ""power_per_meter"": 50}, {""brand"": ""ТЛТ"", ""model"": ""ТЛТ-60"", ""source"": ""builtin"", ""voltage"": 220, ""max_temperature"": 120, ""min_temperature"": -55, ""power_per_meter"": 60}, {""brand"": ""ТЛТ"", ""model"": ""ТЛТ-75"", ""source"": ""builtin"", ""voltage"": 220, ""max_temperature"": 120, ""min_temperature"": -55, ""power_per_meter"": 75}, {""brand"": ""ТЛТ"", ""model"": ""ТЛТ-100"", ""source"": ""builtin"", ""voltage"": 220, ""max_temperature"": 150, ""min_temperature"": -60, ""power_per_meter"": 100}], ""safety_factor"": 1.1, ""supply_voltage"": 220.0, ""ambient_temperature"": 10.0, ""process_temperature"": 80.0, ""required_power_per_meter"": 19.209}";"{""current"": 42.712, ""voltage"": 220.0, ""total_power"": 9396.75, ""cable_length"": 375.87, ""selected_cable"": ""ТЛТ-25""}"
Труба DN89 №31;1;self_regulating;ТЛТ-75;"{""cable_mark"": null, ""pipe_length"": 296.3, ""cable_catalog"": [{""brand"": ""ТЛТ"", ""model"": ""ТЛТ-10"", ""source"": ""builtin"", ""voltage"": 220, ""max_temperature"": 65, ""min_temperature"": -40, ""power_per_meter"": 10}, {""brand"": ""ТЛТ"", ""model"": ""ТЛТ-15"", ""source"": ""builtin"", ""voltage"": 220, ""max_temperature"": 65, ""min_temperature"": -40, ""power_per_meter"": 15}, {""brand"": ""ТЛТ"", ""model"": ""ТЛТ-20"", ""source"": ""builtin"", ""voltage"": 220, ""max_temperature"": 65, ""min_temperature"": -40, ""power_per_meter"": 20}, {""brand"": ""ТЛТ"", ""model"": ""ТЛТ-25"", ""source"": ""builtin"", ""voltage"": 220, ""max_temperature"": 85, ""min_temperature"": -50, ""power_per_meter"": 25}, {""brand"": ""ТЛТ"", ""model"": ""ТЛТ-30"", ""source"": ""builtin"", ""voltage"": 220, ""max_temperature"": 85, ""min_temperature"": -50, ""power_per_meter"": 30}, {""brand"": ""ТЛТ"", ""model"": ""ТЛТ-40"", ""source"": ""builtin"", ""voltage"": 220, ""max_temperature"": 110, ""min_temperature"": -50, ""power_per_meter"": 40}, {""brand"": ""ТЛТ"", ""model"": ""ТЛТ-50"", ""source"": ""builtin"", ""voltage"": 220, ""max_temperature"": 110, ""min_temperature"": -50, ""power_per_meter"": 50}, {""brand"": ""ТЛТ"", ""model"": ""ТЛТ-60"", ""source"": ""builtin"", ""voltage"": 220, ""max_temperature"": 120, ""min_temperature"": -55, ""power_per_meter"": 60}, {""brand"": ""ТЛТ"", ""model"": ""ТЛТ-75"", ""source"": ""builtin"", ""voltage"": 220, ""max_temperature"": 120, ""min_temperature"": -55, ""power_per_meter"": 75}, {""brand"": ""ТЛТ"", ""model"": ""ТЛТ-100"", ""source"": ""builtin"", ""voltage"": 220, ""max_temperature"": 150, ""min_temperature"": -60, ""power_per_meter"": 100}], ""safety_factor"": 1.1, ""supply_voltage"": 220.0, ""ambient_temperature"": -40.0, ""process_temperature"": 70.0, ""required_power_per_meter"": 54.816}";"{""current"": 111.113, ""voltage"": 220.0, ""total_power"": 24444.75, ""cable_length"": 325.93, ""selected_cable"": ""ТЛТ-75""}"
Труба DN42 №1;1;self_regulating;ТЛТ-25;"{""cable_mark"": null, ""pipe_length"": 17.4, ""cable_catalog"": [{""brand"": ""ТЛТ"", ""model"": ""ТЛТ-10"", ""source"": ""builtin"", ""voltage"": 220, ""max_temperature"": 65, ""min_temperature"": -40, ""power_per_meter"": 10}, {""brand"": ""ТЛТ"", ""model"": ""ТЛТ-15"", ""source"": ""builtin"", ""voltage"": 220, ""max_temperature"": 65, ""min_temperature"": -40, ""power_per_meter"": 15}, {""brand"": ""ТЛТ"", ""model"": ""ТЛТ-20"", ""source"": ""builtin"", ""voltage"": 220, ""max_temperature"": 65, ""min_temperature"": -40, ""power_per_meter"": 20}, {""brand"": ""ТЛТ"", ""model"": ""ТЛТ-25"", ""source"": ""builtin"", ""voltage"": 220, ""max_temperature"": 85, ""min_temperature"": -50, ""power_per_meter"": 25}, {""brand"": ""ТЛТ"", ""model"": ""ТЛТ-30"", ""source"": ""builtin"", ""voltage"": 220, ""max_temperature"": 85, ""min_temperature"": -50, ""power_per_meter"": 30}, {""brand"": ""ТЛТ"", ""model"": ""ТЛТ-40"", ""source"": ""builtin"", ""voltage"": 220, ""max_temperature"": 110, ""min_temperature"": -50, ""power_per_meter"": 40}, {""brand"": ""ТЛТ"", ""model"": ""ТЛТ-50"", ""source"": ""builtin"", ""voltage"": 220, ""max_temperature"": 110, ""min_temperature"": -50, ""power_per_meter"": 50}, {""brand"": ""ТЛТ"", ""model"": ""ТЛТ-60"", ""source"": ""builtin"", ""voltage"": 220, ""max_temperature"": 120, ""min_temperature"": -55, ""power_per_meter"": 60}, {""brand"": ""ТЛТ"", ""model"": ""ТЛТ-75"", ""source"": ""builtin"", ""voltage"": 220, ""max_temperature"": 120, ""min_temperature"": -55, ""power_per_meter"": 75}, {""brand"": ""ТЛТ"", ""model"": ""ТЛТ-100"", ""source"": ""builtin"", ""voltage"": 220, ""max_temperature"": 150, ""min_temperature"": -60, ""power_per_meter"": 100}], ""safety_factor"": 1.1, ""supply_voltage"": 220.0, ""ambient_temperature"": -20.0, ""process_temperature"": 60.0, ""required_power_per_meter"": 22.625}";"{""current"": 2.175, ""voltage"": 220.0, ""total_power"": 478.5, ""cable_length"": 19.14, ""selected_cable"": ""ТЛТ-25""}"
Труба DN76 №4;1;self_regulating;ТЛТ-25;"{""cable_mark"": null, ""pipe_length"": 359.4, ""cable_catalog"": [{""brand"": ""ТЛТ"", ""model"": ""ТЛТ-10"", ""source"": ""builtin"", ""voltage"": 220, ""max_temperature"": 65, ""min_temperature"": -40, ""power_per_meter"": 10}, {""brand"": ""ТЛТ"", ""model"": ""ТЛТ-15"", ""source"": ""builtin"", ""voltage"": 220, ""max_temperature"": 65, ""min_temperature"": -40, ""power_per_meter"": 15}, {""brand"": ""ТЛТ"", ""model"": ""ТЛТ-20"", ""source"": ""builtin"", ""voltage"": 220, ""max_temperature"": 65, ""min_temperature"": -40, ""power_per_meter"": 20}, {""brand"": ""ТЛТ"", ""model"": ""ТЛТ-25"", ""source"": ""builtin"", ""voltage"": 220, ""max_temperature"": 85, ""min_temperature"": -50, ""power_per_meter"": 25}, {""brand"": ""ТЛТ"", ""model"": ""ТЛТ-30"", ""source"": ""builtin"", ""voltage"": 220, ""max_temperature"": 85, ""min_temperature"": -50, ""power_per_meter"": 30}, {""brand"": ""ТЛТ"", ""model"": ""ТЛТ-40"", ""source"": ""builtin"", ""voltage"": 220, ""max_temperature"": 110, ""min_temperature"": -50, ""power_per_meter"": 40}, {""brand"": ""ТЛТ"", ""model"": ""ТЛТ-50"", ""source"": ""builtin"", ""voltage"": 220, ""max_temperature"": 110, ""min_temperature"": -50, ""power_per_meter"": 50}, {""brand"": ""ТЛТ"", ""model"": ""ТЛТ-60"", ""source"": ""builtin"", ""voltage"": 220, ""max_temperature"": 120, ""min_temperature"": -55, ""power_per_meter"": 60}, {""brand"": ""ТЛТ"", ""model"": ""ТЛТ-75"", ""source"": ""builtin"", ""voltage"": 220, ""max_temperature"": 120, ""min_temperature"": -55, ""power_per_meter"": 75}, {""brand"": ""ТЛТ"", ""model"": ""ТЛТ-100"", ""source"": ""builtin"", ""voltage"": 220, ""max_temperature"": 150, ""min_temperature"": -60, ""power_per_meter"": 100}], ""safety_factor"": 1.1, ""supply_voltage"": 220.0, ""ambient_temperature"": 0.0, ""process_temperature"": 70.0, ""required_power_per_meter"": 7.09}";"{""current"": 44.925, ""voltage"": 220.0, ""total_power"": 9883.5, ""cable_length"": 395.34, ""selected_cable"": ""ТЛТ-25""}"
Труба DN42 №7;1;self_regulating;ТЛТ-10;"{""cable_mark"": null, ""pipe_length"": 182.7, ""cable_catalog"": [{""brand"": ""ТЛТ"", ""model"": ""ТЛТ-10"", ""source"": ""builtin"", ""voltage"": 220, ""max_temperature"": 65, ""min_temperature"": -40, ""power_per_meter"": 10}, {""brand"": ""ТЛТ"", ""model"": ""ТЛТ-15"", ""source"": ""builtin"", ""voltage"": 220, ""max_temperature"": 65, ""min_temperature"": -40, ""power_per_meter"": 15}, {""brand"": ""ТЛТ"", ""model"": ""ТЛТ-20"", ""source"": ""builtin"", ""voltage"": 220, ""max_temperature"": 65, ""min_temperature"": -40, ""power_per_meter"": 20}, {""brand"": ""ТЛТ"", ""model"": ""ТЛТ-25"", ""source"": ""builtin"", ""voltage"": 220, ""max_temperature"": 85, ""min_temperature"": -50, ""power_per_meter"": 25}, {""brand"": ""ТЛТ"", ""model"": ""ТЛТ-30"", ""source"": ""builtin"", ""voltage"": 220, ""max_temperature"": 85, ""min_temperature"": -50, ""power_per_meter"": 30}, {""brand"": ""ТЛТ"", ""model"": ""ТЛТ-40"", ""source"": ""builtin"", ""voltage"": 220, ""max_temperature"": 110, ""min_temperature"": -50, ""power_per_meter"": 40}, {""brand"": ""ТЛТ"", ""model"": ""ТЛТ-50"", ""source"": ""builtin"", ""voltage"": 220, ""max_temperature"": 110, ""min_temperature"": -50, ""power_per_meter"": 50}, {""brand"": ""ТЛТ"", ""model"": ""ТЛТ-60"", ""source"": ""builtin"", ""voltage"": 220, ""max_temperature"": 120, ""min_temperature"": -55, ""power_per_meter"": 60}, {""brand"": ""ТЛТ"", ""model"": ""ТЛТ-75"", ""source"": ""builtin"", ""voltage"": 220, ""max_temperature"": 120, ""min_temperature"": -55, ""power_per_meter"": 75}, {""brand"": ""ТЛТ"", ""model"": ""ТЛТ-100"", ""source"": ""builtin"", ""voltage"": 220, ""max_temperature"": 150, ""min_temperature"": -60, ""power_per_meter"": 100}], ""safety_factor"": 1.1, ""supply_voltage"": 220.0, ""ambient_temperature"": -15.0, ""process_temperature"": 40.0, ""required_power_per_meter"": 5.835}";"{""current"": 9.135, ""voltage"": 220.0, ""total_power"": 2009.7, ""cable_length"": 200.97, ""selected_cable"": ""ТЛТ-10""}"
Труба DN325 №11;1;self_regulating;;{};"{""error"": ""ValueError: Не найден кабель с мощностью ≥ 137.38 Вт/м (максимум линейки — 100 Вт/м)"", ""object_name"": ""Труба DN325 №11"", ""object_type"": ""pipe""}"
Труба DN133 №14;1;self_regulating;;{};"{""error"": ""ValueError: Не найден кабель с мощностью ≥ 122.86 Вт/м (максимум линейки — 100 Вт/м)"", ""object_name"": ""Труба DN133 №14"", ""object_type"": ""pipe""}"
Труба DN27 №19;1;self_regulating;ТЛТ-40;"{""cable_mark"": null, ""pipe_length"": 431.2, ""cable_catalog"": [{""brand"": ""ТЛТ"", ""model"": ""ТЛТ-10"", ""source"": ""builtin"", ""voltage"": 220, ""max_temperature"": 65, ""min_temperature"": -40, ""power_per_meter"": 10}, {""brand"": ""ТЛТ"", ""model"": ""ТЛТ-15"", ""source"": ""builtin"", ""voltage"": 220, ""max_temperature"": 65, ""min_temperature"": -40, ""power_per_meter"": 15}, {""brand"": ""ТЛТ"", ""model"": ""ТЛТ-20"", ""source"": ""builtin"", ""voltage"": 220, ""max_temperature"": 65, ""min_temperature"": -40, ""power_per_meter"": 20}, {""brand"": ""ТЛТ"", ""model"": ""ТЛТ-25"", ""source"": ""builtin"", ""voltage"": 220, ""max_temperature"": 85, ""min_temperature"": -50, ""power_per_meter"": 25}, {""brand"": ""ТЛТ"", ""model"": ""ТЛТ-30"", ""source"": ""builtin"", ""voltage"": 220, ""max_temperature"": 85, ""min_temperature"": -50, ""power_per_meter"": 30}, {""brand"": ""ТЛТ"", ""model"": ""ТЛТ-40"", ""source"": ""builtin"", ""voltage"": 220, ""max_temperature"": 110, ""min_temperature"": -50, ""power_per_meter"": 40}, {""brand"": ""ТЛТ"", ""model"": ""ТЛТ-50"", ""source"": ""builtin"", ""voltage"": 220, ""max_temperature"": 110, ""min_temperature"": -50, ""power_per_meter"": 50}, {""brand"": ""ТЛТ"", ""model"": ""ТЛТ-60"", ""source"": ""builtin"", ""voltage"": 220, ""max_temperature"": 120, ""min_temperature"": -55, ""power_per_meter"": 60}, {""brand"": ""ТЛТ"", ""model"": ""ТЛТ-75"", ""source"": ""builtin"", ""voltage"": 220, ""max_temperature"": 120, ""min_temperature"": -55, ""power_per_meter"": 75}, {""brand"": ""ТЛТ"", ""model"": ""ТЛТ-100"", ""source"": ""builtin"", ""voltage"": 220, ""max_temperature"": 150, ""min_temperature"": -60, ""power_per_meter"": 100}], ""safety_factor"": 1.1, ""supply_voltage"": 220.0, ""ambient_temperature"": -25.0, ""process_temperature"": 100.0, ""required_power_per_meter"": 34.454}";"{""current"": 86.24, ""voltage"": 220.0, ""total_power"": 18972.8, ""cable_length"": 474.32, ""selected_cable"": ""ТЛТ-40""}"
Труба DN108 №23;1;self_regulating;ТЛТ-30;"{""cable_mark"": null, ""pipe_length"": 486.1, ""cable_catalog"": [{""brand"": ""ТЛТ"", ""model"": ""ТЛТ-10"", ""source"": ""builtin"", ""voltage"": 220, ""max_temperature"": 65, ""min_temperature"": -40, ""power_per_meter"": 10}, {""brand"": ""ТЛТ"", ""model"": ""ТЛТ-15"", ""source"": ""builtin"", ""voltage"": 220, ""max_temperature"": 65, ""min_temperature"": -40, ""power_per_meter"": 15}, {""brand"": ""ТЛТ"", ""model"": ""ТЛТ-20"", ""source"": ""builtin"", ""voltage"": 220, ""max_temperature"": 65, ""min_temperature"": -40, ""power_per_meter"": 20}, {""brand"": ""ТЛТ"", ""model"": ""ТЛТ-25"", ""source"": ""builtin"", ""voltage"": 220, ""max_temperature"": 85, ""min_temperature"": -50, ""power_per_meter"": 25}, {""brand"": ""ТЛТ"", ""model"": ""ТЛТ-30"", ""source"": ""builtin"", ""voltage"": 220, ""max_temperature"": 85, ""min_temperature"": -50, ""power_per_meter"": 30}, {""brand"": ""ТЛТ"", ""model"": ""ТЛТ-40"", ""source"": ""builtin"", ""voltage"": 220, ""max_temperature"": 110, ""min_temperature"": -50, ""power_per_meter"": 40}, {""brand"": ""ТЛТ"", ""model"": ""ТЛТ-50"", ""source"": ""builtin"", ""voltage"": 220, ""max_temperature"": 110, ""min_temperature"": -50, ""power_per_meter"": 50}, {""brand"": ""ТЛТ"", ""model"": ""ТЛТ-60"", ""source"": ""builtin"", ""voltage"": 220, ""max_temperature"": 120, ""min_temperature"": -55, ""power_per_meter"": 60}, {""brand"": ""ТЛТ"", ""model"": ""ТЛТ-75"", ""source"": ""builtin"", ""voltage"": 220, ""max_temperature"": 120, ""min_temperature"": -55, ""power_per_meter"": 75}, {""brand"": ""ТЛТ"", ""model"": ""ТЛТ-100"", ""source"": ""builtin"", ""voltage"": 220, ""max_temperature"": 150, ""min_temperature"": -60, ""power_per_meter"": 100}], ""safety_factor"": 1.1, ""supply_voltage"": 220.0, ""ambient_temperature"": -30.0, ""process_temperature"": 80.0, ""required_power_per_meter"": 25.305}";"{""current"": 72.915, ""voltage"": 220.0, ""total_power"": 16041.3, ""cable_length"": 534.71, ""selected_cable"": ""ТЛТ-30""}"
Труба DN57 №28;1;self_regulating;ТЛТ-60;"{""cable_mark"": null, ""pipe_length"": 136.2, ""cable_catalog"": [{""brand"": ""ТЛТ"", ""model"": ""ТЛТ-10"", ""source"": ""builtin"", ""voltage"": 220, ""max_temperature"": 65, ""min_temperature"": -40, ""power_per_meter"": 10}, {""brand"": ""ТЛТ"", ""model"": ""ТЛТ-15"", ""source"": ""builtin"", ""voltage"": 220, ""max_temperature"": 65, ""min_temperature"": -40, ""power_per_meter"": 15}, {""brand"": ""ТЛТ"", ""model"": ""ТЛТ-20"", ""source"": ""builtin"", ""voltage"": 220, ""max_temperature"": 65, ""min_temperature"": -40, ""power_per_meter"": 20}, {""brand"": ""ТЛТ"", ""model"": ""ТЛТ-25"", ""source"": ""builtin"", ""voltage"": 220, ""max_temperature"": 85, ""min_temperature"": -50, ""power_per_meter"": 25}, {""brand"": ""ТЛТ"", ""model"": ""ТЛТ-30"", ""source"": ""builtin"", ""voltage"": 220, ""max_temperature"": 85, ""min_temperature"": -50, ""power_per_meter"": 30}, {""brand"": ""ТЛТ"", ""model"": ""ТЛТ-40"", ""source"": ""builtin"", ""voltage"": 220, ""max_temperature"": 110, ""min_temperature"": -50, ""power_per_meter"": 40}, {""brand"": ""ТЛТ"", ""model"": ""ТЛТ-50"", ""source"": ""builtin"", ""voltage"": 220, ""max_temperature"": 110, ""min_temperature"": -50, ""power_per_meter"": 50}, {""brand"": ""ТЛТ"", ""model"": ""ТЛТ-60"", ""source"": ""builtin"", ""voltage"": 220, ""max_temperature"": 120, ""min_temperature"": -55, ""power_per_meter"": 60}, {""brand"": ""ТЛТ"", ""model"": ""ТЛТ-75"", ""source"": ""builtin"", ""voltage"": 220, ""max_temperature"": 120, ""min_temperature"": -55, ""power_per_meter"": 75}, {""brand"": ""ТЛТ"", ""model"": ""ТЛТ-100"", ""source"": ""builtin"", ""voltage"": 220, ""max_temperature"": 150, ""min_temperature"": -60, ""power_per_meter"": 100}], ""safety_factor"": 1.1, ""supply_voltage"": 220.0, ""ambient_temperature"": -20.0, ""process_temperature"": 120.0, ""required_power_per_meter"": 24.452}";"{""current"": 40.86, ""voltage"": 220.0, ""total_power"": 8989.2, ""cable_length"": 149.82, ""selected_cable"": ""ТЛТ-60""}"
Труба DN76 №29;1;self_regulating;ТЛТ-60;"{""cable_mark"": null, ""pipe_length"": 357.9, ""cable_catalog"": [{""brand"": ""ТЛТ"", ""model"": ""ТЛТ-10"", ""source"": ""builtin"", ""voltage"": 220, ""max_temperature"": 65, ""min_temperature"": -40, ""power_per_meter"": 10}, {""brand"": ""ТЛТ"", ""model"": ""ТЛТ-15"", ""source"": ""builtin"", ""voltage"": 220, ""max_temperature"": 65, ""min_temperature"": -40, ""power_per_meter"": 15}, {""brand"": ""ТЛТ"", ""model"": ""ТЛТ-20"", ""source"": ""builtin"", ""voltage"": 220, ""max_temperature"": 65, ""min_temperature"": -40, ""power_per_meter"": 20}, {""brand"": ""ТЛТ"", ""model"": ""ТЛТ-25"", ""source"": ""builtin"", ""voltage"": 220, ""max_temperature"": 85, ""min_temperature"": -50, ""power_per_meter"": 25}, {""brand"": ""ТЛТ"", ""model"": ""ТЛТ-30"", ""source"": ""builtin"", ""voltage"": 220, ""max_temperature"": 85, ""min_temperature"": -50, ""power_per_meter"": 30}, {""brand"": ""ТЛТ"", ""model"": ""ТЛТ-40"", ""source"": ""builtin"", ""voltage"": 220, ""max_temperature"": 110, ""min_temperature"": -50, ""power_per_meter"": 40}, {""brand"": ""ТЛТ"", ""model"": ""ТЛТ-50"", ""source"": ""builtin"", ""voltage"": 220, ""max_temperature"": 110, ""min_temperature"": -50, ""power_per_meter"": 50}, {""brand"": ""ТЛТ"", ""model"": ""ТЛТ-60"", ""source"": ""builtin"", ""voltage"": 220, ""max_temperature"": 120, ""min_temperature"": -55, ""power_per_meter"": 60}, {""brand"": ""ТЛТ"", ""model"": ""ТЛТ-75"", ""source"": ""builtin"", ""voltage"": 220, ""max_temperature"": 120, ""min_temperature"": -55, ""power_per_meter"": 75}, {""brand"": ""ТЛТ"", ""model"": ""ТЛТ-100"", ""source"": ""builtin"", ""voltage"": 220, ""max_temperature"": 150, ""min_temperature"": -60, ""power_per_meter"": 100}], ""safety_factor"": 1.1, ""supply_voltage"": 220.0, ""ambient_temperature"": -10.0, ""process_temperature"": 110.0, ""required_power_per_meter"": 48.786}";"{""current"": 107.37, ""voltage"": 220.0, ""total_power"": 23621.4, ""cable_length"": 393.69, ""selected_cable"": ""ТЛТ-60""}"
Труба DN273 №35;1;self_regulating;ТЛТ-75;"{""cable_mark"": null, ""pipe_length"": 180.4, ""cable_catalog"": [{""brand"": ""ТЛТ"", ""model"": ""ТЛТ-10"", ""source"": ""builtin"", ""voltage"": 220, ""max_temperature"": 65, ""min_temperature"": -40, ""power_per_meter"": 10}, {""brand"": ""ТЛТ"", ""model"": ""ТЛТ-15"", ""source"": ""builtin"", ""voltage"": 220, ""max_temperature"": 65, ""min_temperature"": -40, ""power_per_meter"": 15}, {""brand"": ""ТЛТ"", ""model"": ""ТЛТ-20"", ""source"": ""builtin"", ""voltage"": 220, ""max_temperature"": 65, ""min_temperature"": -40, ""power_per_meter"": 20}, {""brand"": ""ТЛТ"", ""model"": ""ТЛТ-25"", ""source"": ""builtin"", ""voltage"": 220, ""max_temperature"": 85, ""min_temperature"": -50, ""power_per_meter"": 25}, {""brand"": ""ТЛТ"", ""model"": ""ТЛТ-30"", ""source"": ""builtin"", ""voltage"": 220, ""max_temperature"": 85, ""min_temperature"": -50, ""power_per_meter"": 30}, {""brand"": ""ТЛТ"", ""model"": ""ТЛТ-40"", ""source"": ""builtin"", ""voltage"": 220, ""max_temperature"": 110, ""min_temperature"": -50, ""power_per_meter"": 40}, {""brand"": ""ТЛТ"", ""model"": ""ТЛТ-50"", ""source"": ""builtin"", ""voltage"": 220, ""max_temperature"": 110, ""min_temperature"": -50, ""power_per_meter"": 50}, {""brand"": ""ТЛТ"", ""model"": ""ТЛТ-60"", ""source"": ""builtin"", ""voltage"": 220, ""max_temperature"": 120, ""min_temperature"": -55, ""power_per_meter"": 60}, {""brand"": ""ТЛТ"", ""model"": ""ТЛТ-75"", ""source"": ""builtin"", ""voltage"": 220, ""max_temperature"": 120, ""min_temperature"": -55, ""power_per_meter"": 75}, {""brand"": ""ТЛТ"", ""model"": ""ТЛТ-100"", ""source"": ""builtin"", ""voltage"": 220, ""max_temperature"": 150, ""min_temperature"": -60, ""power_per_meter"": 100}], ""safety_factor"": 1.1, ""supply_voltage"": 220.0, ""ambient_temperature"": -40.0, ""process_temperature"": 50.0, ""required_power_per_meter"": 56.399}";"{""current"": 67.65, ""voltage"": 220.0, ""total_power"": 14883.0, ""cable_length"": 198.44, ""selected_cable"": ""ТЛТ-75""}"
Труба DN76 №51;1;self_regulating;ТЛТ-30;"{""cable_mark"": null, ""pipe_length"": 255.4, ""cable_catalog"": [{""brand"": ""ТЛТ"", ""model"": ""ТЛТ-10"", ""source"": ""builtin"", ""voltage"": 220, ""max_temperature"": 65, ""min_temperature"": -40, ""power_per_meter"": 10}, {""brand"": ""ТЛТ"", ""model"": ""ТЛТ-15"", ""source"": ""builtin"", ""voltage"": 220, ""max_temperature"": 65, ""min_temperature"": -40, ""power_per_meter"": 15}, {""brand"": ""ТЛТ"", ""model"": ""ТЛТ-20"", ""source"": ""builtin"", ""voltage"": 220, ""max_temperature"": 65, ""min_temperature"": -40, ""power_per_meter"": 20}, {""brand"": ""ТЛТ"", ""model"": ""ТЛТ-25"", ""source"": ""builtin"", ""voltage"": 220, ""max_temperature"": 85, ""min_temperature"": -50, ""power_per_meter"": 25}, {""brand"": ""ТЛТ"", ""model"": ""ТЛТ-30"", ""source"": ""builtin"", ""voltage"": 220, ""max_temperature"": 85, ""min_temperature"": -50, ""power_per_meter"": 30}, {""brand"": ""ТЛТ"", ""model"": ""ТЛТ-40"", ""source"": ""builtin"", ""voltage"": 220, ""max_temperature"": 110, ""min_temperature"": -50, ""power_per_meter"": 40}, {""brand"": ""ТЛТ"", ""model"": ""ТЛТ-50"", ""source"": ""builtin"", ""voltage"": 220, ""max_temperature"": 110, ""min_temperature"": -50, ""power_per_meter"": 50}, {""brand"": ""ТЛТ"", ""model"": ""ТЛТ-60"", ""source"": ""builtin"", ""voltage"": 220, ""max_temperature"": 120, ""min_temperature"": -55, ""power_per_meter"": 60}, {""brand"": ""ТЛТ"", ""model"": ""ТЛТ-75"", ""source"": ""builtin"", ""voltage"": 220, ""max_temperature"": 120, ""min_temperature"": -55, ""power_per_meter"": 75}, {""brand"": ""ТЛТ"", ""model"": ""ТЛТ-100"", ""source"": ""builtin"", ""voltage"": 220, ""max_temperature"": 150, ""min_temperature"": -60, ""power_per_meter"": 100}], ""safety_factor"": 1.1, ""supply_voltage"": 220.0, ""ambient_temperature"": -30.0, ""process_temperature"": 70.0, ""required_power_per_meter"": 23.455}";"{""current"": 38.31, ""voltage"": 220.0, ""total_power"": 8428.2, ""cable_length"": 280.94, ""selected_cable"": ""ТЛТ-30""}"
Труба DN76 №37;1;self_regulating;ТЛТ-40;"{""cable_mark"": null, ""pipe_length"": 270.5, ""cable_catalog"": [{""brand"": ""ТЛТ"", ""model"": ""ТЛТ-10"", ""source"": ""builtin"", ""voltage"": 220, ""max_temperature"": 65, ""min_temperature"": -40, ""power_per_meter"": 10}, {""brand"": ""ТЛТ"", ""model"": ""ТЛТ-15"", ""source"": ""builtin"", ""voltage"": 220, ""max_temperature"": 65, ""min_temperature"": -40, ""power_per_meter"": 15}, {""brand"": ""ТЛТ"", ""model"": ""ТЛТ-20"", ""source"": ""builtin"", ""voltage"": 220, ""max_temperature"": 65, ""min_temperature"": -40, ""power_per_meter"": 20}, {""brand"": ""ТЛТ"", ""model"": ""ТЛТ-25"", ""source"": ""builtin"", ""voltage"": 220, ""max_temperature"": 85, ""min_temperature"": -50, ""power_per_meter"": 25}, {""brand"": ""ТЛТ"", ""model"": ""ТЛТ-30"", ""source"": ""builtin"", ""voltage"": 220, ""max_temperature"": 85, ""min_temperature"": -50, ""power_per_meter"": 30}, {""brand"": ""ТЛТ"", ""model"": ""ТЛТ-40"", ""source"": ""builtin"", ""voltage"": 220, ""max_temperature"": 110, ""min_temperature"": -50, ""power_per_meter"": 40}, {""brand"": ""ТЛТ"", ""model"": ""ТЛТ-50"", ""source"": ""builtin"", ""voltage"": 220, ""max_temperature"": 110, ""min_temperature"": -50, ""power_per_meter"": 50}, {""brand"": ""ТЛТ"", ""model"": ""ТЛТ-60"", ""source"": ""builtin"", ""voltage"": 220, ""max_temperature"": 120, ""min_temperature"": -55, ""power_per_meter"": 60}, {""brand"": ""ТЛТ"", ""model"": ""ТЛТ-75"", ""source"": ""builtin"", ""voltage"": 220, ""max_temperature"": 120, ""min_temperature"": -55, ""power_per_meter"": 75}, {""brand"": ""ТЛТ"", ""model"": ""ТЛТ-100"", ""source"": ""builtin"", ""voltage"": 220, ""max_temperature"": 150, ""min_temperature"": -60, ""power_per_meter"": 100}], ""safety_factor"": 1.1, ""supply_voltage"": 220.0, ""ambient_temperature"": -25.0, ""process_temperature"": 80.0, ""required_power_per_meter"": 32.938}";"{""current"": 54.1, ""voltage"": 220.0, ""total_power"": 11902.0, ""cable_length"": 297.55, ""selected_cable"": ""ТЛТ-40""}"
Труба DN273 №42;1;self_regulating;ТЛТ-15;"{""cable_mark"": null, ""pipe_length"": 349.8, ""cable_catalog"": [{""brand"": ""ТЛТ"", ""model"": ""ТЛТ-10"", ""source"": ""builtin"", ""voltage"": 220, ""max_temperature"": 65, ""min_temperature"": -40, ""power_per_meter"": 10}, {""brand"": ""ТЛТ"", ""model"": ""ТЛТ-15"", ""source"": ""builtin"", ""voltage"": 220, ""max_temperature"": 65, ""min_temperature"": -40, ""power_per_meter"": 15}, {""brand"": ""ТЛТ"", ""model"": ""ТЛТ-20"", ""source"": ""builtin"", ""voltage"": 220, ""max_temperature"": 65, ""min_temperature"": -40, ""power_per_meter"": 20}, {""brand"": ""ТЛТ"", ""model"": ""ТЛТ-25"", ""source"": ""builtin"", ""voltage"": 220, ""max_temperature"": 85, ""min_temperature"": -50, ""power_per_meter"": 25}, {""brand"": ""ТЛТ"", ""model"": ""ТЛТ-30"", ""source"": ""builtin"", ""voltage"": 220, ""max_temperature"": 85, ""min_temperature"": -50, ""power_per_meter"": 30}, {""brand"": ""ТЛТ"", ""model"": ""ТЛТ-40"", ""source"": ""builtin"", ""voltage"": 220, ""max_temperature"": 110, ""min_temperature"": -50, ""power_per_meter"": 40}, {""brand"": ""ТЛТ"", ""model"": ""ТЛТ-50"", ""source"": ""builtin"", ""voltage"": 220, ""max_temperature"": 110, ""min_temperature"": -50, ""power_per_meter"": 50}, {""brand"": ""ТЛТ"", ""model"": ""ТЛТ-60"", ""source"": ""builtin"", ""voltage"": 220, ""max_temperature"": 120, ""min_temperature"": -55, ""power_per_meter"": 60}, {""brand"": ""ТЛТ"", ""model"": ""ТЛТ-75"", ""source"": ""builtin"", ""voltage"": 220, ""max_temperature"": 120, ""min_temperature"": -55, ""power_per_meter"": 75}, {""brand"": ""ТЛТ"", ""model"": ""ТЛТ-100"", ""source"": ""builtin"", ""voltage"": 220, ""max_temperature"": 150, ""min_temperature"": -60, ""power_per_meter"": 100}], ""safety_factor"": 1.1, ""supply_voltage"": 220.0, ""ambient_temperature"": 5.0, ""process_temperature"": 60.0, ""required_power_per_meter"": 13.022}";"{""current"": 26.235, ""voltage"": 220.0, ""total_power"": 5771.7, ""cable_length"": 384.78, ""selected_cable"": ""ТЛТ-15""}"
Труба DN76 №43;1;self_regulating;ТЛТ-10;"{""cable_mark"": null, ""pipe_length"": 151.9, ""cable_catalog"": [{""brand"": ""ТЛТ"", ""model"": ""ТЛТ-10"", ""source"": ""builtin"", ""voltage"": 220, ""max_temperature"": 65, ""min_temperature"": -40, ""power_per_meter"": 10}, {""brand"": ""ТЛТ"", ""model"": ""ТЛТ-15"", ""source"": ""builtin"", ""voltage"": 220, ""max_temperature"": 65, ""min_temperature"": -40, ""power_per_meter"": 15}, {""brand"": ""ТЛТ"", ""model"": ""ТЛТ-20"", ""source"": ""builtin"", ""voltage"": 220, ""max_temperature"": 65, ""min_temperature"": -40, ""power_per_meter"": 20}, {""brand"": ""ТЛТ"", ""model"": ""ТЛТ-25"", ""source"": ""builtin"", ""voltage"": 220, ""max_temperature"": 85, ""min_temperature"": -50, ""power_per_meter"": 25}, {""brand"": ""ТЛТ"", ""model"": ""ТЛТ-30"", ""source"": ""builtin"", ""voltage"": 220, ""max_temperature"": 85, ""min_temperature"": -50, ""power_per_meter"": 30}, {""brand"": ""ТЛТ"", ""model"": ""ТЛТ-40"", ""source"": ""builtin"", ""voltage"": 220, ""max_temperature"": 110, ""min_temperature"": -50, ""power_per_meter"": 40}, {""brand"": ""ТЛТ"", ""model"": ""ТЛТ-50"", ""source"": ""builtin"", ""voltage"": 220, ""max_temperature"": 110, ""min_temperature"": -50, ""power_per_meter"": 50}, {""brand"": ""ТЛТ"", ""model"": ""ТЛТ-60"", ""source"": ""builtin"", ""voltage"": 220, ""max_temperature"": 120, ""min_temperature"": -55, ""power_per_meter"": 60}, {""brand"": ""ТЛТ"", ""model"": ""ТЛТ-75"", ""source"": ""builtin"", ""voltage"": 220, ""max_temperature"": 120, ""min_temperature"": -55, ""power_per_meter"": 75}, {""brand"": ""ТЛТ"", ""model"": ""ТЛТ-100"", ""source"": ""builtin"", ""voltage"": 220, ""max_temperature"": 150, ""min_temperature"": -60, ""power_per_meter"": 100}], ""safety_factor"": 1.1, ""supply_voltage"": 220.0, ""ambient_temperature"": 10.0, ""process_temperature"": 40.0, ""required_power_per_meter"": 6.505}";"{""current"": 7.595, ""voltage"": 220.0, ""total_power"": 1670.9, ""cable_length"": 167.09, ""selected_cable"": ""ТЛТ-10""}"
Труба DN325 №8;1;self_regulating;ТЛТ-75;"{""cable_mark"": null, ""pipe_length"": 270.4, ""cable_catalog"": [{""brand"": ""ТЛТ"", ""model"": ""ТЛТ-10"", ""source"": ""builtin"", ""voltage"": 220, ""max_temperature"": 65, ""min_temperature"": -40, ""power_per_meter"": 10}, {""brand"": ""ТЛТ"", ""model"": ""ТЛТ-15"", ""source"": ""builtin"", ""voltage"": 220, ""max_temperature"": 65, ""min_temperature"": -40, ""power_per_meter"": 15}, {""brand"": ""ТЛТ"", ""model"": ""ТЛТ-20"", ""source"": ""builtin"", ""voltage"": 220, ""max_temperature"": 65, ""min_temperature"": -40, ""power_per_meter"": 20}, {""brand"": ""ТЛТ"", ""model"": ""ТЛТ-25"", ""source"": ""builtin"", ""voltage"": 220, ""max_temperature"": 85, ""min_temperature"": -50, ""power_per_meter"": 25}, {""brand"": ""ТЛТ"", ""model"": ""ТЛТ-30"", ""source"": ""builtin"", ""voltage"": 220, ""max_temperature"": 85, ""min_temperature"": -50, ""power_per_meter"": 30}, {""brand"": ""ТЛТ"", ""model"": ""ТЛТ-40"", ""source"": ""builtin"", ""voltage"": 220, ""max_temperature"": 110, ""min_temperature"": -50, ""power_per_meter"": 40}, {""brand"": ""ТЛТ"", ""model"": ""ТЛТ-50"", ""source"": ""builtin"", ""voltage"": 220, ""max_temperature"": 110, ""min_temperature"": -50, ""power_per_meter"": 50}, {""brand"": ""ТЛТ"", ""model"": ""ТЛТ-60"", ""source"": ""builtin"", ""voltage"": 220, ""max_temperature"": 120, ""min_temperature"": -55, ""power_per_meter"": 60}, {""brand"": ""ТЛТ"", ""model"": ""ТЛТ-75"", ""source"": ""builtin"", ""voltage"": 220, ""max_temperature"": 120, ""min_temperature"": -55, ""power_per_meter"": 75}, {""brand"": ""ТЛТ"", ""model"": ""ТЛТ-100"", ""source"": ""builtin"", ""voltage"": 220, ""max_temperature"": 150, ""min_temperature"": -60, ""power_per_meter"": 100}], ""safety_factor"": 1.1, ""supply_voltage"": 220.0, ""ambient_temperature"": 10.0, ""process_temperature"": 80.0, ""required_power_per_meter"": 59.671}";"{""current"": 101.4, ""voltage"": 220.0, ""total_power"": 22308.0, ""cable_length"": 297.44, ""selected_cable"": ""ТЛТ-75""}"
Труба DN42 №2;1;self_regulating;ТЛТ-10;"{""cable_mark"": null, ""pipe_length"": 340.0, ""cable_catalog"": [{""brand"": ""ТЛТ"", ""model"": ""ТЛТ-10"", ""source"": ""builtin"", ""voltage"": 220, ""max_temperature"": 65, ""min_temperature"": -40, ""power_per_meter"": 10}, {""brand"": ""ТЛТ"", ""model"": ""ТЛТ-15"", ""source"": ""builtin"", ""voltage"": 220, ""max_temperature"": 65, ""min_temperature"": -40, ""power_per_meter"": 15}, {""brand"": ""ТЛТ"", ""model"": ""ТЛТ-20"", ""source"": ""builtin"", ""voltage"": 220, ""max_temperature"": 65, ""min_temperature"": -40, ""power_per_meter"": 20}, {""brand"": ""ТЛТ"", ""model"": ""ТЛТ-25"", ""source"": ""builtin"", ""voltage"": 220, ""max_temperature"": 85, ""min_temperature"": -50, ""power_per_meter"": 25}, {""brand"": ""ТЛТ"", ""model"": ""ТЛТ-30"", ""source"": ""builtin"", ""voltage"": 220, ""max_temperature"": 85, ""min_temperature"": -50, ""power_per_meter"": 30}, {""brand"": ""ТЛТ"", ""model"": ""ТЛТ-40"", ""source"": ""builtin"", ""voltage"": 220, ""max_temperature"": 110, ""min_temperature"": -50, ""power_per_meter"": 40}, {""brand"": ""ТЛТ"", ""model"": ""ТЛТ-50"", ""source"": ""builtin"", ""voltage"": 220, ""max_temperature"": 110, ""min_temperature"": -50, ""power_per_meter"": 50}, {""brand"": ""ТЛТ"", ""model"": ""ТЛТ-60"", ""source"": ""builtin"", ""voltage"": 220, ""max_temperature"": 120, ""min_temperature"": -55, ""power_per_meter"": 60}, {""brand"": ""ТЛТ"", ""model"": ""ТЛТ-75"", ""source"": ""builtin"", ""voltage"": 220, ""max_temperature"": 120, ""min_temperature"": -55, ""power_per_meter"": 75}, {""brand"": ""ТЛТ"", ""model"": ""ТЛТ-100"", ""source"": ""builtin"", ""voltage"": 220, ""max_temperature"": 150, ""min_temperature"": -60, ""power_per_meter"": 100}], ""safety_factor"": 1.1, ""supply_voltage"": 220.0, ""ambient_temperature"": 0.0, ""process_temperature"": 40.0, ""required_power_per_meter"": 7.029}";"{""current"": 17.0, ""voltage"": 220.0, ""total_power"": 3740.0, ""cable_length"": 374.0, ""selected_cable"": ""ТЛТ-10""}"
Труба DN426 №16;1;self_regulating;ТЛТ-75;"{""cable_mark"": null, ""pipe_length"": 200.8, ""cable_catalog"": [{""brand"": ""ТЛТ"", ""model"": ""ТЛТ-10"", ""source"": ""builtin"", ""voltage"": 220, ""max_temperature"": 65, ""min_temperature"": -40, ""power_per_meter"": 10}, {""brand"": ""ТЛТ"", ""model"": ""ТЛТ-15"", ""source"": ""builtin"", ""voltage"": 220, ""max_temperature"": 65, ""min_temperature"": -40, ""power_per_meter"": 15}, {""brand"": ""ТЛТ"", ""model"": ""ТЛТ-20"", ""source"": ""builtin"", ""voltage"": 220, ""max_temperature"": 65, ""min_temperature"": -40, ""power_per_meter"": 20}, {""brand"": ""ТЛТ"", ""model"": ""ТЛТ-25"", ""source"": ""builtin"", ""voltage"": 220, ""max_temperature"": 85, ""min_temperature"": -50, ""power_per_meter"": 25}, {""brand"": ""ТЛТ"", ""model"": ""ТЛТ-30"", ""source"": ""builtin"", ""voltage"": 220, ""max_temperature"": 85, ""min_temperature"": -50, ""power_per_meter"": 30}, {""brand"": ""ТЛТ"", ""model"": ""ТЛТ-40"", ""source"": ""builtin"", ""voltage"": 220, ""max_temperature"": 110, ""min_temperature"": -50, ""power_per_meter"": 40}, {""brand"": ""ТЛТ"", ""model"": ""ТЛТ-50"", ""source"": ""builtin"", ""voltage"": 220, ""max_temperature"": 110, ""min_temperature"": -50, ""power_per_meter"": 50}, {""brand"": ""ТЛТ"", ""model"": ""ТЛТ-60"", ""source"": ""builtin"", ""voltage"": 220, ""max_temperature"": 120, ""min_temperature"": -55, ""power_per_meter"": 60}, {""brand"": ""ТЛТ"", ""model"": ""ТЛТ-75"", ""source"": ""builtin"", ""voltage"": 220, ""max_temperature"": 120, ""min_temperature"": -55, ""power_per_meter"": 75}, {""brand"": ""ТЛТ"", ""model"": ""ТЛТ-100"", ""source"": ""builtin"", ""voltage"": 220, ""max_temperature"": 150, ""min_temperature"": -60, ""power_per_meter"": 100}], ""safety_factor"": 1.1, ""supply_voltage"": 220.0, ""ambient_temperature"": -25.0, ""process_temperature"": 80.0, ""required_power_per_meter"": 63.408}";"{""current"": 75.3, ""voltage"": 220.0, ""total_power"": 16566.0, ""cable_length"": 220.88, ""selected_cable"": ""ТЛТ-75""}"
Труба DN34 №20;1;self_regulating;ТЛТ-25;"{""cable_mark"": null, ""pipe_length"": 195.5, ""cable_catalog"": [{""brand"": ""ТЛТ"", ""model"": ""ТЛТ-10"", ""source"": ""builtin"", ""voltage"": 220, ""max_temperature"": 65, ""min_temperature"": -40, ""power_per_meter"": 10}, {""brand"": ""ТЛТ"", ""model"": ""ТЛТ-15"", ""source"": ""builtin"", ""voltage"": 220, ""max_temperature"": 65, ""min_temperature"": -40, ""power_per_meter"": 15}, {""brand"": ""ТЛТ"", ""model"": ""ТЛТ-20"", ""source"": ""builtin"", ""voltage"": 220, ""max_temperature"": 65, ""min_temperature"": -40, ""power_per_meter"": 20}, {""brand"": ""ТЛТ"", ""model"": ""ТЛТ-25"", ""source"": ""builtin"", ""voltage"": 220, ""max_temperature"": 85, ""min_temperature"": -50, ""power_per_meter"": 25}, {""brand"": ""ТЛТ"", ""model"": ""ТЛТ-30"", ""source"": ""builtin"", ""voltage"": 220, ""max_temperature"": 85, ""min_temperature"": -50, ""power_per_meter"": 30}, {""brand"": ""ТЛТ"", ""model"": ""ТЛТ-40"", ""source"": ""builtin"", ""voltage"": 220, ""max_temperature"": 110, ""min_temperature"": -50, ""power_per_meter"": 40}, {""brand"": ""ТЛТ"", ""model"": ""ТЛТ-50"", ""source"": ""builtin"", ""voltage"": 220, ""max_temperature"": 110, ""min_temperature"": -50, ""power_per_meter"": 50}, {""brand"": ""ТЛТ"", ""model"": ""ТЛТ-60"", ""source"": ""builtin"", ""voltage"": 220, ""max_temperature"": 120, ""min_temperature"": -55, ""power_per_meter"": 60}, {""brand"": ""ТЛТ"", ""model"": ""ТЛТ-75"", ""source"": ""builtin"", ""voltage"": 220, ""max_temperature"": 120, ""min_temperature"": -55, ""power_per_meter"": 75}, {""brand"": ""ТЛТ"", ""model"": ""ТЛТ-100"", ""source"": ""builtin"", ""voltage"": 220, ""max_temperature"": 150, ""min_temperature"": -60, ""power_per_meter"": 100}], ""safety_factor"": 1.1, ""supply_voltage"": 220.0, ""ambient_temperature"": 10.0, ""process_temperature"": 80.0, ""required_power_per_meter"": 9.414}";"{""current"": 24.438, ""voltage"": 220.0, ""total_power"": 5376.25, ""cable_length"": 215.05, ""selected_cable"": ""ТЛТ-25""}"
Труба DN133 №25;1;self_regulating;ТЛТ-50;"{""cable_mark"": null, ""pipe_length"": 246.9, ""cable_catalog"": [{""brand"": ""ТЛТ"", ""model"": ""ТЛТ-10"", ""source"": ""builtin"", ""voltage"": 220, ""max_temperature"": 65, ""min_temperature"": -40, ""power_per_meter"": 10}, {""brand"": ""ТЛТ"", ""model"": ""ТЛТ-15"", ""source"": ""builtin"", ""voltage"": 220, ""max_temperature"": 65, ""min_temperature"": -40, ""power_per_meter"": 15}, {""brand"": ""ТЛТ"", ""model"": ""ТЛТ-20"", ""source"": ""builtin"", ""voltage"": 220, ""max_temperature"": 65, ""min_temperature"": -40, ""power_per_meter"": 20}, {""brand"": ""ТЛТ"", ""model"": ""ТЛТ-25"", ""source"": ""builtin"", ""voltage"": 220, ""max_temperature"": 85, ""min_temperature"": -50, ""power_per_meter"": 25}, {""brand"": ""ТЛТ"", ""model"": ""ТЛТ-30"", ""source"": ""builtin"", ""voltage"": 220, ""max_temperature"": 85, ""min_temperature"": -50, ""power_per_meter"": 30}, {""brand"": ""ТЛТ"", ""model"": ""ТЛТ-40"", ""source"": ""builtin"", ""voltage"": 220, ""max_temperature"": 110, ""min_temperature"": -50, ""power_per_meter"": 40}, {""brand"": ""ТЛТ"", ""model"": ""ТЛТ-50"", ""source"": ""builtin"", ""voltage"": 220, ""max_temperature"": 110, ""min_temperature"": -50, ""power_per_meter"": 50}, {""brand"": ""ТЛТ"", ""model"": ""ТЛТ-60"", ""source"": ""builtin"", ""voltage"": 220, ""max_temperature"": 120, ""min_temperature"": -55, ""power_per_meter"": 60}, {""brand"": ""ТЛТ"", ""model"": ""ТЛТ-75"", ""source"": ""builtin"", ""voltage"": 220, ""max_temperature"": 120, ""min_temperature"": -55, ""power_per_meter"": 75}, {""brand"": ""ТЛТ"", ""model"": ""ТЛТ-100"", ""source"": ""builtin"", ""voltage"": 220, ""max_temperature"": 150, ""min_temperature"": -60, ""power_per_meter"": 100}], ""safety_factor"": 1.1, ""supply_voltage"": 220.0, ""ambient_temperature"": -15.0, ""process_temperature"": 70.0, ""required_power_per_meter"": 37.634}";"{""current"": 61.725, ""voltage"": 220.0, ""total_power"": 13579.5, ""cable_length"": 271.59, ""selected_cable"": ""ТЛТ-50""}"
Труба DN57 №41;1;self_regulating;ТЛТ-25;"{""cable_mark"": null, ""pipe_length"": 192.6, ""cable_catalog"": [{""brand"": ""ТЛТ"", ""model"": ""ТЛТ-10"", ""source"": ""builtin"", ""voltage"": 220, ""max_temperature"": 65, ""min_temperature"": -40, ""power_per_meter"": 10}, {""brand"": ""ТЛТ"", ""model"": ""ТЛТ-15"", ""source"": ""builtin"", ""voltage"": 220, ""max_temperature"": 65, ""min_temperature"": -40, ""power_per_meter"": 15}, {""brand"": ""ТЛТ"", ""model"": ""ТЛТ-20"", ""source"": ""builtin"", ""voltage"": 220, ""max_temperature"": 65, ""min_temperature"": -40, ""power_per_meter"": 20}, {""brand"": ""ТЛТ"", ""model"": ""ТЛТ-25"", ""source"": ""builtin"", ""voltage"": 220, ""max_temperature"": 85, ""min_temperature"": -50, ""power_per_meter"": 25}, {""brand"": ""ТЛТ"", ""model"": ""ТЛТ-30"", ""source"": ""builtin"", ""voltage"": 220, ""max_temperature"": 85, ""min_temperature"": -50, ""power_per_meter"": 30}, {""brand"": ""ТЛТ"", ""model"": ""ТЛТ-40"", ""source"": ""builtin"", ""voltage"": 220, ""max_temperature"": 110, ""min_temperature"": -50, ""power_per_meter"": 40}, {""brand"": ""ТЛТ"", ""model"": ""ТЛТ-50"", ""source"": ""builtin"", ""voltage"": 220, ""max_temperature"": 110, ""min_temperature"": -50, ""power_per_meter"": 50}, {""brand"": ""ТЛТ"", ""model"": ""ТЛТ-60"", ""source"": ""builtin"", ""voltage"": 220, ""max_temperature"": 120, ""min_temperature"": -55, ""power_per_meter"": 60}, {""brand"": ""ТЛТ"", ""model"": ""ТЛТ-75"", ""source"": ""builtin"", ""voltage"": 220, ""max_temperature"": 120, ""min_temperature"": -55, ""power_per_meter"": 75}, {""brand"": ""ТЛТ"", ""model"": ""ТЛТ-100"", ""source"": ""builtin"", ""voltage"": 220, ""max_temperature"": 150, ""min_temperature"": -60, ""power_per_meter"": 100}], ""safety_factor"": 1.1, ""supply_voltage"": 220.0, ""ambient_temperature"": 5.0, ""process_temperature"": 80.0, ""required_power_per_meter"": 11.371}";"{""current"": 24.075, ""voltage"": 220.0, ""total_power"": 5296.5, ""cable_length"": 211.86, ""selected_cable"": ""ТЛТ-25""}"
Труба DN325 №30;1;self_regulating;ТЛТ-75;"{""cable_mark"": null, ""pipe_length"": 64.9, ""cable_catalog"": [{""brand"": ""ТЛТ"", ""model"": ""ТЛТ-10"", ""source"": ""builtin"", ""voltage"": 220, ""max_temperature"": 65, ""min_temperature"": -40, ""power_per_meter"": 10}, {""brand"": ""ТЛТ"", ""model"": ""ТЛТ-15"", ""source"": ""builtin"", ""voltage"": 220, ""max_temperature"": 65, ""min_temperature"": -40, ""power_per_meter"": 15}, {""brand"": ""ТЛТ"", ""model"": ""ТЛТ-20"", ""source"": ""builtin"", ""voltage"": 220, ""max_temperature"": 65, ""min_temperature"": -40, ""power_per_meter"": 20}, {""brand"": ""ТЛТ"", ""model"": ""ТЛТ-25"", ""source"": ""builtin"", ""voltage"": 220, ""max_temperature"": 85, ""min_temperature"": -50, ""power_per_meter"": 25}, {""brand"": ""ТЛТ"", ""model"": ""ТЛТ-30"", ""source"": ""builtin"", ""voltage"": 220, ""max_temperature"": 85, ""min_temperature"": -50, ""power_per_meter"": 30}, {""brand"": ""ТЛТ"", ""model"": ""ТЛТ-40"", ""source"": ""builtin"", ""voltage"": 220, ""max_temperature"": 110, ""min_temperature"": -50, ""power_per_meter"": 40}, {""brand"": ""ТЛТ"", ""model"": ""ТЛТ-50"", ""source"": ""builtin"", ""voltage"": 220, ""max_temperature"": 110, ""min_temperature"": -50, ""power_per_meter"": 50}, {""brand"": ""ТЛТ"", ""model"": ""ТЛТ-60"", ""source"": ""builtin"", ""voltage"": 220, ""max_temperature"": 120, ""min_temperature"": -55, ""power_per_meter"": 60}, {""brand"": ""ТЛТ"", ""model"": ""ТЛТ-75"", ""source"": ""builtin"", ""voltage"": 220, ""max_temperature"": 120, ""min_temperature"": -55, ""power_per_meter"": 75}, {""brand"": ""ТЛТ"", ""model"": ""ТЛТ-100"", ""source"": ""builtin"", ""voltage"": 220, ""max_temperature"": 150, ""min_temperature"": -60, ""power_per_meter"": 100}], ""safety_factor"": 1.1, ""supply_voltage"": 220.0, ""ambient_temperature"": -10.0, ""process_temperature"": 40.0, ""required_power_per_meter"": 59.097}";"{""current"": 24.338, ""voltage"": 220.0, ""total_power"": 5354.25, ""cable_length"": 71.39, ""selected_cable"": ""ТЛТ-75""}"
Труба DN27 №36;1;self_regulating;ТЛТ-25;"{""cable_mark"": null, ""pipe_length"": 204.3, ""cable_catalog"": [{""brand"": ""ТЛТ"", ""model"": ""ТЛТ-10"", ""source"": ""builtin"", ""voltage"": 220, ""max_temperature"": 65, ""min_temperature"": -40, ""power_per_meter"": 10}, {""brand"": ""ТЛТ"", ""model"": ""ТЛТ-15"", ""source"": ""builtin"", ""voltage"": 220, ""max_temperature"": 65, ""min_temperature"": -40, ""power_per_meter"": 15}, {""brand"": ""ТЛТ"", ""model"": ""ТЛТ-20"", ""source"": ""builtin"", ""voltage"": 220, ""max_temperature"": 65, ""min_temperature"": -40, ""power_per_meter"": 20}, {""brand"": ""ТЛТ"", ""model"": ""ТЛТ-25"", ""source"": ""builtin"", ""voltage"": 220, ""max_temperature"": 85, ""min_temperature"": -50, ""power_per_meter"": 25}, {""brand"": ""ТЛТ"", ""model"": ""ТЛТ-30"", ""source"": ""builtin"", ""voltage"": 220, ""max_temperature"": 85, ""min_temperature"": -50, ""power_per_meter"": 30}, {""brand"": ""ТЛТ"", ""model"": ""ТЛТ-40"", ""source"": ""builtin"", ""voltage"": 220, ""max_temperature"": 110, ""min_temperature"": -50, ""power_per_meter"": 40}, {""brand"": ""ТЛТ"", ""model"": ""ТЛТ-50"", ""source"": ""builtin"", ""voltage"": 220, ""max_temperature"": 110, ""min_temperature"": -50, ""power_per_meter"": 50}, {""brand"": ""ТЛТ"", ""model"": ""ТЛТ-60"", ""source"": ""builtin"", ""voltage"": 220, ""max_temperature"": 120, ""min_temperature"": -55, ""power_per_meter"": 60}, {""brand"": ""ТЛТ"", ""model"": ""ТЛТ-75"", ""source"": ""builtin"", ""voltage"": 220, ""max_temperature"": 120, ""min_temperature"": -55, ""power_per_meter"": 75}, {""brand"": ""ТЛТ"", ""model"": ""ТЛТ-100"", ""source"": ""builtin"", ""voltage"": 220, ""max_temperature"": 150, ""min_temperature"": -60, ""power_per_meter"": 100}], ""safety_factor"": 1.1, ""supply_voltage"": 220.0, ""ambient_temperature"": -20.0, ""process_temperature"": 70.0, ""required_power_per_meter"": 15.811}";"{""current"": 25.538, ""voltage"": 220.0, ""total_power"": 5618.25, ""cable_length"": 224.73, ""selected_cable"": ""ТЛТ-25""}"
Труба DN108 №33;1;self_regulating;ТЛТ-40;"{""cable_mark"": null, ""pipe_length"": 336.1, ""cable_catalog"": [{""brand"": ""ТЛТ"", ""model"": ""ТЛТ-10"", ""source"": ""builtin"", ""voltage"": 220, ""max_temperature"": 65, ""min_temperature"": -40, ""power_per_meter"": 10}, {""brand"": ""ТЛТ"", ""model"": ""ТЛТ-15"", ""source"": ""builtin"", ""voltage"": 220, ""max_temperature"": 65, ""min_temperature"": -40, ""power_per_meter"": 15}, {""brand"": ""ТЛТ"", ""model"": ""ТЛТ-20"", ""source"": ""builtin"", ""voltage"": 220, ""max_temperature"": 65, ""min_temperature"": -40, ""power_per_meter"": 20}, {""brand"": ""ТЛТ"", ""model"": ""ТЛТ-25"", ""source"": ""builtin"", ""voltage"": 220, ""max_temperature"": 85, ""min_temperature"": -50, ""power_per_meter"": 25}, {""brand"": ""ТЛТ"", ""model"": ""ТЛТ-30"", ""source"": ""builtin"", ""voltage"": 220, ""max_temperature"": 85, ""min_temperature"": -50, ""power_per_meter"": 30}, {""brand"": ""ТЛТ"", ""model"": ""ТЛТ-40"", ""source"": ""builtin"", ""voltage"": 220, ""max_temperature"": 110, ""min_temperature"": -50, ""power_per_meter"": 40}, {""brand"": ""ТЛТ"", ""model"": ""ТЛТ-50"", ""source"": ""builtin"", ""voltage"": 220, ""max_temperature"": 110, ""min_temperature"": -50, ""power_per_meter"": 50}, {""brand"": ""ТЛТ"", ""model"": ""ТЛТ-60"", ""source"": ""builtin"", ""voltage"": 220, ""max_temperature"": 120, ""min_temperature"": -55, ""power_per_meter"": 60}, {""brand"": ""ТЛТ"", ""model"": ""ТЛТ-75"", ""source"": ""builtin"", ""voltage"": 220, ""max_temperature"": 120, ""min_temperature"": -55, ""power_per_meter"": 75}, {""brand"": ""ТЛТ"", ""model"": ""ТЛТ-100"", ""source"": ""builtin"", ""voltage"": 220, ""max_temperature"": 150, ""min_temperature"": -60, ""power_per_meter"": 100}], ""safety_factor"": 1.1, ""supply_voltage"": 220.0, ""ambient_temperature"": -25.0, ""process_temperature"": 110.0, ""required_power_per_meter"": 31.056}";"{""current"": 67.22, ""voltage"": 220.0, ""total_power"": 14788.4, ""cable_length"": 369.71, ""selected_cable"": ""ТЛТ-40""}"
Труба DN27 №39;1;self_regulating;ТЛТ-25;"{""cable_mark"": null, ""pipe_length"": 327.8, ""cable_catalog"": [{""brand"": ""ТЛТ"", ""model"": ""ТЛТ-10"", ""source"": ""builtin"", ""voltage"": 220, ""max_temperature"": 65, ""min_temperature"": -40, ""power_per_meter"": 10}, {""brand"": ""ТЛТ"", ""model"": ""ТЛТ-15"", ""source"": ""builtin"", ""voltage"": 220, ""max_temperature"": 65, ""min_temperature"": -40, ""power_per_meter"": 15}, {""brand"": ""ТЛТ"", ""model"": ""ТЛТ-20"", ""source"": ""builtin"", ""voltage"": 220, ""max_temperature"": 65, ""min_temperature"": -40, ""power_per_meter"": 20}, {""brand"": ""ТЛТ"", ""model"": ""ТЛТ-25"", ""source"": ""builtin"", ""voltage"": 220, ""max_temperature"": 85, ""min_temperature"": -50, ""power_per_meter"": 25}, {""brand"": ""ТЛТ"", ""model"": ""ТЛТ-30"", ""source"": ""builtin"", ""voltage"": 220, ""max_temperature"": 85, ""min_temperature"": -50, ""power_per_meter"": 30}, {""brand"": ""ТЛТ"", ""model"": ""ТЛТ-40"", ""source"": ""builtin"", ""voltage"": 220, ""max_temperature"": 110, ""min_temperature"": -50, ""power_per_meter"": 40}, {""brand"": ""ТЛТ"", ""model"": ""ТЛТ-50"", ""source"": ""builtin"", ""voltage"": 220, ""max_temperature"": 110, ""min_temperature"": -50, ""power_per_meter"": 50}, {""brand"": ""ТЛТ"", ""model"": ""ТЛТ-60"", ""source"": ""builtin"", ""voltage"": 220, ""max_temperature"": 120, ""min_temperature"": -55, ""power_per_meter"": 60}, {""brand"": ""ТЛТ"", ""model"": ""ТЛТ-75"", ""source"": ""builtin"", ""voltage"": 220, ""max_temperature"": 120, ""min_temperature"": -55, ""power_per_meter"": 75}, {""brand"": ""ТЛТ"", ""model"": ""ТЛТ-100"", ""source"": ""builtin"", ""voltage"": 220, ""max_temperature"": 150, ""min_temperature"": -60, ""power_per_meter"": 100}], ""safety_factor"": 1.1, ""supply_voltage"": 220.0, ""ambient_temperature"": -30.0, ""process_temperature"": 70.0, ""required_power_per_meter"": 14.303}";"{""current"": 40.975, ""voltage"": 220.0, ""total_power"": 9014.5, ""cable_length"": 360.58, ""selected_cable"": ""ТЛТ-25""}"
Труба DN57 №45;1;self_regulating;ТЛТ-20;"{""cable_mark"": null, ""pipe_length"": 33.2, ""cable_catalog"": [{""brand"": ""ТЛТ"", ""model"": ""ТЛТ-10"", ""source"": ""builtin"", ""voltage"": 220, ""max_temperature"": 65, ""min_temperature"": -40, ""power_per_meter"": 10}, {""brand"": ""ТЛТ"", ""model"": ""ТЛТ-15"", ""source"": ""builtin"", ""voltage"": 220, ""max_temperature"": 65, ""min_temperature"": -40, ""power_per_meter"": 15}, {""brand"": ""ТЛТ"", ""model"": ""ТЛТ-20"", ""source"": ""builtin"", ""voltage"": 220, ""max_temperature"": 65, ""min_temperature"": -40, ""power_per_meter"": 20}, {""brand"": ""ТЛТ"", ""model"": ""ТЛТ-25"", ""source"": ""builtin"", ""voltage"": 220, ""max_temperature"": 85, ""min_temperature"": -50, ""power_per_meter"": 25}, {""brand"": ""ТЛТ"", ""model"": ""ТЛТ-30"", ""source"": ""builtin"", ""voltage"": 220, ""max_temperature"": 85, ""min_temperature"": -50, ""power_per_meter"": 30}, {""brand"": ""ТЛТ"", ""model"": ""ТЛТ-40"", ""source"": ""builtin"", ""voltage"": 220, ""max_temperature"": 110, ""min_temperature"": -50, ""power_per_meter"": 40}, {""brand"": ""ТЛТ"", ""model"": ""ТЛТ-50"", ""source"": ""builtin"", ""voltage"": 220, ""max_temperature"": 110, ""min_temperature"": -50, ""power_per_meter"": 50}, {""brand"": ""ТЛТ"", ""model"": ""ТЛТ-60"", ""source"": ""builtin"", ""voltage"": 220, ""max_temperature"": 120, ""min_temperature"": -55, ""power_per_meter"": 60}, {""brand"": ""ТЛТ"", ""model"": ""ТЛТ-75"", ""source"": ""builtin"", ""voltage"": 220, ""max_temperature"": 120, ""min_temperature"": -55, ""power_per_meter"": 75}, {""brand"": ""ТЛТ"", ""model"": ""ТЛТ-100"", ""source"": ""builtin"", ""voltage"": 220, ""max_temperature"": 150, ""min_temperature"": -60, ""power_per_meter"": 100}], ""safety_factor"": 1.1, ""supply_voltage"": 220.0, ""ambient_temperature"": -25.0, ""process_temperature"": 50.0, ""required_power_per_meter"": 15.449}";"{""current"": 3.32, ""voltage"": 220.0, ""total_power"": 730.4, ""cable_length"": 36.52, ""selected_cable"": ""ТЛТ-20""}"
Труба DN108 №48;1;self_regulating;ТЛТ-25;"{""cable_mark"": null, ""pipe_length"": 106.1, ""cable_catalog"": [{""brand"": ""ТЛТ"", ""model"": ""ТЛТ-10"", ""source"": ""builtin"", ""voltage"": 220, ""max_temperature"": 65, ""min_temperature"": -40, ""power_per_meter"": 10}, {""brand"": ""ТЛТ"", ""model"": ""ТЛТ-15"", ""source"": ""builtin"", ""voltage"": 220, ""max_temperature"": 65, ""min_temperature"": -40, ""power_per_meter"": 15}, {""brand"": ""ТЛТ"", ""model"": ""ТЛТ-20"", ""source"": ""builtin"", ""voltage"": 220, ""max_temperature"": 65, ""min_temperature"": -40, ""power_per_meter"": 20}, {""brand"": ""ТЛТ"", ""model"": ""ТЛТ-25"", ""source"": ""builtin"", ""voltage"": 220, ""max_temperature"": 85, ""min_temperature"": -50, ""power_per_meter"": 25}, {""brand"": ""ТЛТ"", ""model"": ""ТЛТ-30"", ""source"": ""builtin"", ""voltage"": 220, ""max_temperature"": 85, ""min_temperature"": -50, ""power_per_meter"": 30}, {""brand"": ""ТЛТ"", ""model"": ""ТЛТ-40"", ""source"": ""builtin"", ""voltage"": 220, ""max_temperature"": 110, ""min_temperature"": -50, ""power_per_meter"": 40}, {""brand"": ""ТЛТ"", ""model"": ""ТЛТ-50"", ""source"": ""builtin"", ""voltage"": 220, ""max_temperature"": 110, ""min_temperature"": -50, ""power_per_meter"": 50}, {""brand"": ""ТЛТ"", ""model"": ""ТЛТ-60"", ""source"": ""builtin"", ""voltage"": 220, ""max_temperature"": 120, ""min_temperature"": -55, ""power_per_meter"": 60}, {""brand"": ""ТЛТ"", ""model"": ""ТЛТ-75"", ""source"": ""builtin"", ""voltage"": 220, ""max_temperature"": 120, ""min_temperature"": -55, ""power_per_meter"": 75}, {""brand"": ""ТЛТ"", ""model"": ""ТЛТ-100"", ""source"": ""builtin"", ""voltage"": 220, ""max_temperature"": 150, ""min_temperature"": -60, ""power_per_meter"": 100}], ""safety_factor"": 1.1, ""supply_voltage"": 220.0, ""ambient_temperature"": -20.0, ""process_temperature"": 80.0, ""required_power_per_meter"": 16.54}";"{""current"": 13.262, ""voltage"": 220.0, ""total_power"": 2917.75, ""cable_length"": 116.71, ""selected_cable"": ""ТЛТ-25""}"
Труба DN34 №46;1;self_regulating;ТЛТ-25;"{""cable_mark"": null, ""pipe_length"": 339.2, ""cable_catalog"": [{""brand"": ""ТЛТ"", ""model"": ""ТЛТ-10"", ""source"": ""builtin"", ""voltage"": 220, ""max_temperature"": 65, ""min_temperature"": -40, ""power_per_meter"": 10}, {""brand"": ""ТЛТ"", ""model"": ""ТЛТ-15"", ""source"": ""builtin"", ""voltage"": 220, ""max_temperature"": 65, ""min_temperature"": -40, ""power_per_meter"": 15}, {""brand"": ""ТЛТ"", ""model"": ""ТЛТ-20"", ""source"": ""builtin"", ""voltage"": 220, ""max_temperature"": 65, ""min_temperature"": -40, ""power_per_meter"": 20}, {""brand"": ""ТЛТ"", ""model"": ""ТЛТ-25"", ""source"": ""builtin"", ""voltage"": 220, ""max_temperature"": 85, ""min_temperature"": -50, ""power_per_meter"": 25}, {""brand"": ""ТЛТ"", ""model"": ""ТЛТ-30"", ""source"": ""builtin"", ""voltage"": 220, ""max_temperature"": 85, ""min_temperature"": -50, ""power_per_meter"": 30}, {""brand"": ""ТЛТ"", ""model"": ""ТЛТ-40"", ""source"": ""builtin"", ""voltage"": 220, ""max_temperature"": 110, ""min_temperature"": -50, ""power_per_meter"": 40}, {""brand"": ""ТЛТ"", ""model"": ""ТЛТ-50"", ""source"": ""builtin"", ""voltage"": 220, ""max_temperature"": 110, ""min_temperature"": -50, ""power_per_meter"": 50}, {""brand"": ""ТЛТ"", ""model"": ""ТЛТ-60"", ""source"": ""builtin"", ""voltage"": 220, ""max_temperature"": 120, ""min_temperature"": -55, ""power_per_meter"": 60}, {""brand"": ""ТЛТ"", ""model"": ""ТЛТ-75"", ""source"": ""builtin"", ""voltage"": 220, ""max_temperature"": 120, ""min_temperature"": -55, ""power_per_meter"": 75}, {""brand"": ""ТЛТ"", ""model"": ""ТЛТ-100"", ""source"": ""builtin"", ""voltage"": 220, ""max_temperature"": 150, ""min_temperature"": -60, ""power_per_meter"": 100}], ""safety_factor"": 1.1, ""supply_voltage"": 220.0, ""ambient_temperature"": -30.0, ""process_temperature"": 70.0, ""required_power_per_meter"": 18.84}";"{""current"": 42.4, ""voltage"": 220.0, ""total_power"": 9328.0, ""cable_length"": 373.12, ""selected_cable"": ""ТЛТ-25""}"
Труба DN34 №50;1;self_regulating;ТЛТ-10;"{""cable_mark"": null, ""pipe_length"": 9.6, ""cable_catalog"": [{""brand"": ""ТЛТ"", ""model"": ""ТЛТ-10"", ""source"": ""builtin"", ""voltage"": 220, ""max_temperature"": 65, ""min_temperature"": -40, ""power_per_meter"": 10}, {""brand"": ""ТЛТ"", ""model"": ""ТЛТ-15"", ""source"": ""builtin"", ""voltage"": 220, ""max_temperature"": 65, ""min_temperature"": -40, ""power_per_meter"": 15}, {""brand"": ""ТЛТ"", ""model"": ""ТЛТ-20"", ""source"": ""builtin"", ""voltage"": 220, ""max_temperature"": 65, ""min_temperature"": -40, ""power_per_meter"": 20}, {""brand"": ""ТЛТ"", ""model"": ""ТЛТ-25"", ""source"": ""builtin"", ""voltage"": 220, ""max_temperature"": 85, ""min_temperature"": -50, ""power_per_meter"": 25}, {""brand"": ""ТЛТ"", ""model"": ""ТЛТ-30"", ""source"": ""builtin"", ""voltage"": 220, ""max_temperature"": 85, ""min_temperature"": -50, ""power_per_meter"": 30}, {""brand"": ""ТЛТ"", ""model"": ""ТЛТ-40"", ""source"": ""builtin"", ""voltage"": 220, ""max_temperature"": 110, ""min_temperature"": -50, ""power_per_meter"": 40}, {""brand"": ""ТЛТ"", ""model"": ""ТЛТ-50"", ""source"": ""builtin"", ""voltage"": 220, ""max_temperature"": 110, ""min_temperature"": -50, ""power_per_meter"": 50}, {""brand"": ""ТЛТ"", ""model"": ""ТЛТ-60"", ""source"": ""builtin"", ""voltage"": 220, ""max_temperature"": 120, ""min_temperature"": -55, ""power_per_meter"": 60}, {""brand"": ""ТЛТ"", ""model"": ""ТЛТ-75"", ""source"": ""builtin"", ""voltage"": 220, ""max_temperature"": 120, ""min_temperature"": -55, ""power_per_meter"": 75}, {""brand"": ""ТЛТ"", ""model"": ""ТЛТ-100"", ""source"": ""builtin"", ""voltage"": 220, ""max_temperature"": 150, ""min_temperature"": -60, ""power_per_meter"": 100}], ""safety_factor"": 1.1, ""supply_voltage"": 220.0, ""ambient_temperature"": -30.0, ""process_temperature"": 50.0, ""required_power_per_meter"": 5.997}";"{""current"": 0.48, ""voltage"": 220.0, ""total_power"": 105.6, ""cable_length"": 10.56, ""selected_cable"": ""ТЛТ-10""}"
Труба DN21 №53;1;self_regulating;ТЛТ-10;"{""cable_mark"": null, ""pipe_length"": 335.6, ""cable_catalog"": [{""brand"": ""ТЛТ"", ""model"": ""ТЛТ-10"", ""source"": ""builtin"", ""voltage"": 220, ""max_temperature"": 65, ""min_temperature"": -40, ""power_per_meter"": 10}, {""brand"": ""ТЛТ"", ""model"": ""ТЛТ-15"", ""source"": ""builtin"", ""voltage"": 220, ""max_temperature"": 65, ""min_temperature"": -40, ""power_per_meter"": 15}, {""brand"": ""ТЛТ"", ""model"": ""ТЛТ-20"", ""source"": ""builtin"", ""voltage"": 220, ""max_temperature"": 65, ""min_temperature"": -40, ""power_per_meter"": 20}, {""brand"": ""ТЛТ"", ""model"": ""ТЛТ-25"", ""source"": ""builtin"", ""voltage"": 220, ""max_temperature"": 85, ""min_temperature"": -50, ""power_per_meter"": 25}, {""brand"": ""ТЛТ"", ""model"": ""ТЛТ-30"", ""source"": ""builtin"", ""voltage"": 220, ""max_temperature"": 85, ""min_temperature"": -50, ""power_per_meter"": 30}, {""brand"": ""ТЛТ"", ""model"": ""ТЛТ-40"", ""source"": ""builtin"", ""voltage"": 220, ""max_temperature"": 110, ""min_temperature"": -50, ""power_per_meter"": 40}, {""brand"": ""ТЛТ"", ""model"": ""ТЛТ-50"", ""source"": ""builtin"", ""voltage"": 220, ""max_temperature"": 110, ""min_temperature"": -50, ""power_per_meter"": 50}, {""brand"": ""ТЛТ"", ""model"": ""ТЛТ-60"", ""source"": ""builtin"", ""voltage"": 220, ""max_temperature"": 120, ""min_temperature"": -55, ""power_per_meter"": 60}, {""brand"": ""ТЛТ"", ""model"": ""ТЛТ-75"", ""source"": ""builtin"", ""voltage"": 220, ""max_temperature"": 120, ""min_temperature"": -55, ""power_per_meter"": 75}, {""brand"": ""ТЛТ"", ""model"": ""ТЛТ-100"", ""source"": ""builtin"", ""voltage"": 220, ""max_temperature"": 150, ""min_temperature"": -60, ""power_per_meter"": 100}], ""safety_factor"": 1.1, ""supply_voltage"": 220.0, ""ambient_temperature"": -30.0, ""process_temperature"": 60.0, ""required_power_per_meter"": 7.261}";"{""current"": 16.78, ""voltage"": 220.0, ""total_power"": 3691.6, ""cable_length"": 369.16, ""selected_cable"": ""ТЛТ-10""}"
Шар. бак №2;1;self_regulating;ТЛТ-20;"{""cable_mark"": null, ""pipe_length"": 1.0, ""cable_catalog"": [{""brand"": ""ТЛТ"", ""model"": ""ТЛТ-10"", ""source"": ""builtin"", ""voltage"": 220, ""max_temperature"": 65, ""min_temperature"": -40, ""power_per_meter"": 10}, {""brand"": ""ТЛТ"", ""model"": ""ТЛТ-15"", ""source"": ""builtin"", ""voltage"": 220, ""max_temperature"": 65, ""min_temperature"": -40, ""power_per_meter"": 15}, {""brand"": ""ТЛТ"", ""model"": ""ТЛТ-20"", ""source"": ""builtin"", ""voltage"": 220, ""max_temperature"": 65, ""min_temperature"": -40, ""power_per_meter"": 20}, {""brand"": ""ТЛТ"", ""model"": ""ТЛТ-25"", ""source"": ""builtin"", ""voltage"": 220, ""max_temperature"": 85, ""min_temperature"": -50, ""power_per_meter"": 25}, {""brand"": ""ТЛТ"", ""model"": ""ТЛТ-30"", ""source"": ""builtin"", ""voltage"": 220, ""max_temperature"": 85, ""min_temperature"": -50, ""power_per_meter"": 30}, {""brand"": ""ТЛТ"", ""model"": ""ТЛТ-40"", ""source"": ""builtin"", ""voltage"": 220, ""max_temperature"": 110, ""min_temperature"": -50, ""power_per_meter"": 40}, {""brand"": ""ТЛТ"", ""model"": ""ТЛТ-50"", ""source"": ""builtin"", ""voltage"": 220, ""max_temperature"": 110, ""min_temperature"": -50, ""power_per_meter"": 50}, {""brand"": ""ТЛТ"", ""model"": ""ТЛТ-60"", ""source"": ""builtin"", ""voltage"": 220, ""max_temperature"": 120, ""min_temperature"": -55, ""power_per_meter"": 60}, {""brand"": ""ТЛТ"", ""model"": ""ТЛТ-75"", ""source"": ""builtin"", ""voltage"": 220, ""max_temperature"": 120, ""min_temperature"": -55, ""power_per_meter"": 75}, {""brand"": ""ТЛТ"", ""model"": ""ТЛТ-100"", ""source"": ""builtin"", ""voltage"": 220, ""max_temperature"": 150, ""min_temperature"": -60, ""power_per_meter"": 100}], ""safety_factor"": 1.1, ""supply_voltage"": 220.0, ""ambient_temperature"": 0.0, ""process_temperature"": 60.0, ""required_power_per_meter"": 14.875}";"{""current"": 0.1, ""voltage"": 220.0, ""total_power"": 22.0, ""cable_length"": 1.1, ""selected_cable"": ""ТЛТ-20""}"
Шар. бак №11;1;self_regulating;ТЛТ-100;"{""cable_mark"": null, ""pipe_length"": 1.0, ""cable_catalog"": [{""brand"": ""ТЛТ"", ""model"": ""ТЛТ-10"", ""source"": ""builtin"", ""voltage"": 220, ""max_temperature"": 65, ""min_temperature"": -40, ""power_per_meter"": 10}, {""brand"": ""ТЛТ"", ""model"": ""ТЛТ-15"", ""source"": ""builtin"", ""voltage"": 220, ""max_temperature"": 65, ""min_temperature"": -40, ""power_per_meter"": 15}, {""brand"": ""ТЛТ"", ""model"": ""ТЛТ-20"", ""source"": ""builtin"", ""voltage"": 220, ""max_temperature"": 65, ""min_temperature"": -40, ""power_per_meter"": 20}, {""brand"": ""ТЛТ"", ""model"": ""ТЛТ-25"", ""source"": ""builtin"", ""voltage"": 220, ""max_temperature"": 85, ""min_temperature"": -50, ""power_per_meter"": 25}, {""brand"": ""ТЛТ"", ""model"": ""ТЛТ-30"", ""source"": ""builtin"", ""voltage"": 220, ""max_temperature"": 85, ""min_temperature"": -50, ""power_per_meter"": 30}, {""brand"": ""ТЛТ"", ""model"": ""ТЛТ-40"", ""source"": ""builtin"", ""voltage"": 220, ""max_temperature"": 110, ""min_temperature"": -50, ""power_per_meter"": 40}, {""brand"": ""ТЛТ"", ""model"": ""ТЛТ-50"", ""source"": ""builtin"", ""voltage"": 220, ""max_temperature"": 110, ""min_temperature"": -50, ""power_per_meter"": 50}, {""brand"": ""ТЛТ"", ""model"": ""ТЛТ-60"", ""source"": ""builtin"", ""voltage"": 220, ""max_temperature"": 120, ""min_temperature"": -55, ""power_per_meter"": 60}, {""brand"": ""ТЛТ"", ""model"": ""ТЛТ-75"", ""source"": ""builtin"", ""voltage"": 220, ""max_temperature"": 120, ""min_temperature"": -55, ""power_per_meter"": 75}, {""brand"": ""ТЛТ"", ""model"": ""ТЛТ-100"", ""source"": ""builtin"", ""voltage"": 220, ""max_temperature"": 150, ""min_temperature"": -60, ""power_per_meter"": 100}], ""safety_factor"": 1.1, ""supply_voltage"": 220.0, ""ambient_temperature"": -40.0, ""process_temperature"": 100.0, ""required_power_per_meter"": 74.789}";"{""current"": 0.5, ""voltage"": 220.0, ""total_power"": 110.0, ""cable_length"": 1.1, ""selected_cable"": ""ТЛТ-100""}"
Прям. бак №20;1;self_regulating;ТЛТ-100;"{""cable_mark"": null, ""pipe_length"": 3.0, ""cable_catalog"": [{""brand"": ""ТЛТ"", ""model"": ""ТЛТ-10"", ""source"": ""builtin"", ""voltage"": 220, ""max_temperature"": 65, ""min_temperature"": -40, ""power_per_meter"": 10}, {""brand"": ""ТЛТ"", ""model"": ""ТЛТ-15"", ""source"": ""builtin"", ""voltage"": 220, ""max_temperature"": 65, ""min_temperature"": -40, ""power_per_meter"": 15}, {""brand"": ""ТЛТ"", ""model"": ""ТЛТ-20"", ""source"": ""builtin"", ""voltage"": 220, ""max_temperature"": 65, ""min_temperature"": -40, ""power_per_meter"": 20}, {""brand"": ""ТЛТ"", ""model"": ""ТЛТ-25"", ""source"": ""builtin"", ""voltage"": 220, ""max_temperature"": 85, ""min_temperature"": -50, ""power_per_meter"": 25}, {""brand"": ""ТЛТ"", ""model"": ""ТЛТ-30"", ""source"": ""builtin"", ""voltage"": 220, ""max_temperature"": 85, ""min_temperature"": -50, ""power_per_meter"": 30}, {""brand"": ""ТЛТ"", ""model"": ""ТЛТ-40"", ""source"": ""builtin"", ""voltage"": 220, ""max_temperature"": 110, ""min_temperature"": -50, ""power_per_meter"": 40}, {""brand"": ""ТЛТ"", ""model"": ""ТЛТ-50"", ""source"": ""builtin"", ""voltage"": 220, ""max_temperature"": 110, ""min_temperature"": -50, ""power_per_meter"": 50}, {""brand"": ""ТЛТ"", ""model"": ""ТЛТ-60"", ""source"": ""builtin"", ""voltage"": 220, ""max_temperature"": 120, ""min_temperature"": -55, ""power_per_meter"": 60}, {""brand"": ""ТЛТ"", ""model"": ""ТЛТ-75"", ""source"": ""builtin"", ""voltage"": 220, ""max_temperature"": 120, ""min_temperature"": -55, ""power_per_meter"": 75}, {""brand"": ""ТЛТ"", ""model"": ""ТЛТ-100"", ""source"": ""builtin"", ""voltage"": 220, ""max_temperature"": 150, ""min_temperature"": -60, ""power_per_meter"": 100}], ""safety_factor"": 1.1, ""supply_voltage"": 220.0, ""ambient_temperature"": -30.0, ""process_temperature"": 40.0, ""required_power_per_meter"": 73.818}";"{""current"": 1.5, ""voltage"": 220.0, ""total_power"": 330.0, ""cable_length"": 3.3, ""selected_cable"": ""ТЛТ-100""}"
Цил. бак №27;1;self_regulating;ТЛТ-40;"{""cable_mark"": null, ""pipe_length"": 4.0, ""cable_catalog"": [{""brand"": ""ТЛТ"", ""model"": ""ТЛТ-10"", ""source"": ""builtin"", ""voltage"": 220, ""max_temperature"": 65, ""min_temperature"": -40, ""power_per_meter"": 10}, {""brand"": ""ТЛТ"", ""model"": ""ТЛТ-15"", ""source"": ""builtin"", ""voltage"": 220, ""max_temperature"": 65, ""min_temperature"": -40, ""power_per_meter"": 15}, {""brand"": ""ТЛТ"", ""model"": ""ТЛТ-20"", ""source"": ""builtin"", ""voltage"": 220, ""max_temperature"": 65, ""min_temperature"": -40, ""power_per_meter"": 20}, {""brand"": ""ТЛТ"", ""model"": ""ТЛТ-25"", ""source"": ""builtin"", ""voltage"": 220, ""max_temperature"": 85, ""min_temperature"": -50, ""power_per_meter"": 25}, {""brand"": ""ТЛТ"", ""model"": ""ТЛТ-30"", ""source"": ""builtin"", ""voltage"": 220, ""max_temperature"": 85, ""min_temperature"": -50, ""power_per_meter"": 30}, {""brand"": ""ТЛТ"", ""model"": ""ТЛТ-40"", ""source"": ""builtin"", ""voltage"": 220, ""max_temperature"": 110, ""min_temperature"": -50, ""power_per_meter"": 40}, {""brand"": ""ТЛТ"", ""model"": ""ТЛТ-50"", ""source"": ""builtin"", ""voltage"": 220, ""max_temperature"": 110, ""min_temperature"": -50, ""power_per_meter"": 50}, {""brand"": ""ТЛТ"", ""model"": ""ТЛТ-60"", ""source"": ""builtin"", ""voltage"": 220, ""max_temperature"": 120, ""min_temperature"": -55, ""power_per_meter"": 60}, {""brand"": ""ТЛТ"", ""model"": ""ТЛТ-75"", ""source"": ""builtin"", ""voltage"": 220, ""max_temperature"": 120, ""min_temperature"": -55, ""power_per_meter"": 75}, {""brand"": ""ТЛТ"", ""model"": ""ТЛТ-100"", ""source"": ""builtin"", ""voltage"": 220, ""max_temperature"": 150, ""min_temperature"": -60, ""power_per_meter"": 100}], ""safety_factor"": 1.1, ""supply_voltage"": 220.0, ""ambient_temperature"": -10.0, ""process_temperature"": 80.0, ""required_power_per_meter"": 27.743}";"{""current"": 0.8, ""voltage"": 220.0, ""total_power"": 176.0, ""cable_length"": 4.4, ""selected_cable"": ""ТЛТ-40""}"
Прям. бак №32;1;self_regulating;ТЛТ-50;"{""cable_mark"": null, ""pipe_length"": 3.0, ""cable_catalog"": [{""brand"": ""ТЛТ"", ""model"": ""ТЛТ-10"", ""source"": ""builtin"", ""voltage"": 220, ""max_temperature"": 65, ""min_temperature"": -40, ""power_per_meter"": 10}, {""brand"": ""ТЛТ"", ""model"": ""ТЛТ-15"", ""source"": ""builtin"", ""voltage"": 220, ""max_temperature"": 65, ""min_temperature"": -40, ""power_per_meter"": 15}, {""brand"": ""ТЛТ"", ""model"": ""ТЛТ-20"", ""source"": ""builtin"", ""voltage"": 220, ""max_temperature"": 65, ""min_temperature"": -40, ""power_per_meter"": 20}, {""brand"": ""ТЛТ"", ""model"": ""ТЛТ-25"", ""source"": ""builtin"", ""voltage"": 220, ""max_temperature"": 85, ""min_temperature"": -50, ""power_per_meter"": 25}, {""brand"": ""ТЛТ"", ""model"": ""ТЛТ-30"", ""source"": ""builtin"", ""voltage"": 220, ""max_temperature"": 85, ""min_temperature"": -50, ""power_per_meter"": 30}, {""brand"": ""ТЛТ"", ""model"": ""ТЛТ-40"", ""source"": ""builtin"", ""voltage"": 220, ""max_temperature"": 110, ""min_temperature"": -50, ""power_per_meter"": 40}, {""brand"": ""ТЛТ"", ""model"": ""ТЛТ-50"", ""source"": ""builtin"", ""voltage"": 220, ""max_temperature"": 110, ""min_temperature"": -50, ""power_per_meter"": 50}, {""brand"": ""ТЛТ"", ""model"": ""ТЛТ-60"", ""source"": ""builtin"", ""voltage"": 220, ""max_temperature"": 120, ""min_temperature"": -55, ""power_per_meter"": 60}, {""brand"": ""ТЛТ"", ""model"": ""ТЛТ-75"", ""source"": ""builtin"", ""voltage"": 220, ""max_temperature"": 120, ""min_temperature"": -55, ""power_per_meter"": 75}, {""brand"": ""ТЛТ"", ""model"": ""ТЛТ-100"", ""source"": ""builtin"", ""voltage"": 220, ""max_temperature"": 150, ""min_temperature"": -60, ""power_per_meter"": 100}], ""safety_factor"": 1.1, ""supply_voltage"": 220.0, ""ambient_temperature"": -10.0, ""process_temperature"": 100.0, ""required_power_per_meter"": 37.372}";"{""current"": 0.75, ""voltage"": 220.0, ""total_power"": 165.0, ""cable_length"": 3.3, ""selected_cable"": ""ТЛТ-50""}"
Труба DN108 №55;1;self_regulating;ТЛТ-60;"{""cable_mark"": null, ""pipe_length"": 144.5, ""cable_catalog"": [{""brand"": ""ТЛТ"", ""model"": ""ТЛТ-10"", ""source"": ""builtin"", ""voltage"": 220, ""max_temperature"": 65, ""min_temperature"": -40, ""power_per_meter"": 10}, {""brand"": ""ТЛТ"", ""model"": ""ТЛТ-15"", ""source"": ""builtin"", ""voltage"": 220, ""max_temperature"": 65, ""min_temperature"": -40, ""power_per_meter"": 15}, {""brand"": ""ТЛТ"", ""model"": ""ТЛТ-20"", ""source"": ""builtin"", ""voltage"": 220, ""max_temperature"": 65, ""min_temperature"": -40, ""power_per_meter"": 20}, {""brand"": ""ТЛТ"", ""model"": ""ТЛТ-25"", ""source"": ""builtin"", ""voltage"": 220, ""max_temperature"": 85, ""min_temperature"": -50, ""power_per_meter"": 25}, {""brand"": ""ТЛТ"", ""model"": ""ТЛТ-30"", ""source"": ""builtin"", ""voltage"": 220, ""max_temperature"": 85, ""min_temperature"": -50, ""power_per_meter"": 30}, {""brand"": ""ТЛТ"", ""model"": ""ТЛТ-40"", ""source"": ""builtin"", ""voltage"": 220, ""max_temperature"": 110, ""min_temperature"": -50, ""power_per_meter"": 40}, {""brand"": ""ТЛТ"", ""model"": ""ТЛТ-50"", ""source"": ""builtin"", ""voltage"": 220, ""max_temperature"": 110, ""min_temperature"": -50, ""power_per_meter"": 50}, {""brand"": ""ТЛТ"", ""model"": ""ТЛТ-60"", ""source"": ""builtin"", ""voltage"": 220, ""max_temperature"": 120, ""min_temperature"": -55, ""power_per_meter"": 60}, {""brand"": ""ТЛТ"", ""model"": ""ТЛТ-75"", ""source"": ""builtin"", ""voltage"": 220, ""max_temperature"": 120, ""min_temperature"": -55, ""power_per_meter"": 75}, {""brand"": ""ТЛТ"", ""model"": ""ТЛТ-100"", ""source"": ""builtin"", ""voltage"": 220, ""max_temperature"": 150, ""min_temperature"": -60, ""power_per_meter"": 100}], ""safety_factor"": 1.1, ""supply_voltage"": 220.0, ""ambient_temperature"": -10.0, ""process_temperature"": 70.0, ""required_power_per_meter"": 53.219}";"{""current"": 43.35, ""voltage"": 220.0, ""total_power"": 9537.0, ""cable_length"": 158.95, ""selected_cable"": ""ТЛТ-60""}"
Труба DN159 №60;1;self_regulating;ТЛТ-40;"{""cable_mark"": null, ""pipe_length"": 293.3, ""cable_catalog"": [{""brand"": ""ТЛТ"", ""model"": ""ТЛТ-10"", ""source"": ""builtin"", ""voltage"": 220, ""max_temperature"": 65, ""min_temperature"": -40, ""power_per_meter"": 10}, {""brand"": ""ТЛТ"", ""model"": ""ТЛТ-15"", ""source"": ""builtin"", ""voltage"": 220, ""max_temperature"": 65, ""min_temperature"": -40, ""power_per_meter"": 15}, {""brand"": ""ТЛТ"", ""model"": ""ТЛТ-20"", ""source"": ""builtin"", ""voltage"": 220, ""max_temperature"": 65, ""min_temperature"": -40, ""power_per_meter"": 20}, {""brand"": ""ТЛТ"", ""model"": ""ТЛТ-25"", ""source"": ""builtin"", ""voltage"": 220, ""max_temperature"": 85, ""min_temperature"": -50, ""power_per_meter"": 25}, {""brand"": ""ТЛТ"", ""model"": ""ТЛТ-30"", ""source"": ""builtin"", ""voltage"": 220, ""max_temperature"": 85, ""min_temperature"": -50, ""power_per_meter"": 30}, {""brand"": ""ТЛТ"", ""model"": ""ТЛТ-40"", ""source"": ""builtin"", ""voltage"": 220, ""max_temperature"": 110, ""min_temperature"": -50, ""power_per_meter"": 40}, {""brand"": ""ТЛТ"", ""model"": ""ТЛТ-50"", ""source"": ""builtin"", ""voltage"": 220, ""max_temperature"": 110, ""min_temperature"": -50, ""power_per_meter"": 50}, {""brand"": ""ТЛТ"", ""model"": ""ТЛТ-60"", ""source"": ""builtin"", ""voltage"": 220, ""max_temperature"": 120, ""min_temperature"": -55, ""power_per_meter"": 60}, {""brand"": ""ТЛТ"", ""model"": ""ТЛТ-75"", ""source"": ""builtin"", ""voltage"": 220, ""max_temperature"": 120, ""min_temperature"": -55, ""power_per_meter"": 75}, {""brand"": ""ТЛТ"", ""model"": ""ТЛТ-100"", ""source"": ""builtin"", ""voltage"": 220, ""max_temperature"": 150, ""min_temperature"": -60, ""power_per_meter"": 100}], ""safety_factor"": 1.1, ""supply_voltage"": 220.0, ""ambient_temperature"": -25.0, ""process_temperature"": 40.0, ""required_power_per_meter"": 35.679}";"{""current"": 58.66, ""voltage"": 220.0, ""total_power"": 12905.2, ""cable_length"": 322.63, ""selected_cable"": ""ТЛТ-40""}"
Труба DN133 №44;1;self_regulating;ТЛТ-60;"{""cable_mark"": null, ""pipe_length"": 33.3, ""cable_catalog"": [{""brand"": ""ТЛТ"", ""model"": ""ТЛТ-10"", ""source"": ""builtin"", ""voltage"": 220, ""max_temperature"": 65, ""min_temperature"": -40, ""power_per_meter"": 10}, {""brand"": ""ТЛТ"", ""model"": ""ТЛТ-15"", ""source"": ""builtin"", ""voltage"": 220, ""max_temperature"": 65, ""min_temperature"": -40, ""power_per_meter"": 15}, {""brand"": ""ТЛТ"", ""model"": ""ТЛТ-20"", ""source"": ""builtin"", ""voltage"": 220, ""max_temperature"": 65, ""min_temperature"": -40, ""power_per_meter"": 20}, {""brand"": ""ТЛТ"", ""model"": ""ТЛТ-25"", ""source"": ""builtin"", ""voltage"": 220, ""max_temperature"": 85, ""min_temperature"": -50, ""power_per_meter"": 25}, {""brand"": ""ТЛТ"", ""model"": ""ТЛТ-30"", ""source"": ""builtin"", ""voltage"": 220, ""max_temperature"": 85, ""min_temperature"": -50, ""power_per_meter"": 30}, {""brand"": ""ТЛТ"", ""model"": ""ТЛТ-40"", ""source"": ""builtin"", ""voltage"": 220, ""max_temperature"": 110, ""min_temperature"": -50, ""power_per_meter"": 40}, {""brand"": ""ТЛТ"", ""model"": ""ТЛТ-50"", ""source"": ""builtin"", ""voltage"": 220, ""max_temperature"": 110, ""min_temperature"": -50, ""power_per_meter"": 50}, {""brand"": ""ТЛТ"", ""model"": ""ТЛТ-60"", ""source"": ""builtin"", ""voltage"": 220, ""max_temperature"": 120, ""min_temperature"": -55, ""power_per_meter"": 60}, {""brand"": ""ТЛТ"", ""model"": ""ТЛТ-75"", ""source"": ""builtin"", ""voltage"": 220, ""max_temperature"": 120, ""min_temperature"": -55, ""power_per_meter"": 75}, {""brand"": ""ТЛТ"", ""model"": ""ТЛТ-100"", ""source"": ""builtin"", ""voltage"": 220, ""max_temperature"": 150, ""min_temperature"": -60, ""power_per_meter"": 100}], ""safety_factor"": 1.1, ""supply_voltage"": 220.0, ""ambient_temperature"": 10.0, ""process_temperature"": 120.0, ""required_power_per_meter"": 32.337}";"{""current"": 9.99, ""voltage"": 220.0, ""total_power"": 2197.8, ""cable_length"": 36.63, ""selected_cable"": ""ТЛТ-60""}"
Труба DN219 №49;1;self_regulating;ТЛТ-40;"{""cable_mark"": null, ""pipe_length"": 69.8, ""cable_catalog"": [{""brand"": ""ТЛТ"", ""model"": ""ТЛТ-10"", ""source"": ""builtin"", ""voltage"": 220, ""max_temperature"": 65, ""min_temperature"": -40, ""power_per_meter"": 10}, {""brand"": ""ТЛТ"", ""model"": ""ТЛТ-15"", ""source"": ""builtin"", ""voltage"": 220, ""max_temperature"": 65, ""min_temperature"": -40, ""power_per_meter"": 15}, {""brand"": ""ТЛТ"", ""model"": ""ТЛТ-20"", ""source"": ""builtin"", ""voltage"": 220, ""max_temperature"": 65, ""min_temperature"": -40, ""power_per_meter"": 20}, {""brand"": ""ТЛТ"", ""model"": ""ТЛТ-25"", ""source"": ""builtin"", ""voltage"": 220, ""max_temperature"": 85, ""min_temperature"": -50, ""power_per_meter"": 25}, {""brand"": ""ТЛТ"", ""model"": ""ТЛТ-30"", ""source"": ""builtin"", ""voltage"": 220, ""max_temperature"": 85, ""min_temperature"": -50, ""power_per_meter"": 30}, {""brand"": ""ТЛТ"", ""model"": ""ТЛТ-40"", ""source"": ""builtin"", ""voltage"": 220, ""max_temperature"": 110, ""min_temperature"": -50, ""power_per_meter"": 40}, {""brand"": ""ТЛТ"", ""model"": ""ТЛТ-50"", ""source"": ""builtin"", ""voltage"": 220, ""max_temperature"": 110, ""min_temperature"": -50, ""power_per_meter"": 50}, {""brand"": ""ТЛТ"", ""model"": ""ТЛТ-60"", ""source"": ""builtin"", ""voltage"": 220, ""max_temperature"": 120, ""min_temperature"": -55, ""power_per_meter"": 60}, {""brand"": ""ТЛТ"", ""model"": ""ТЛТ-75"", ""source"": ""builtin"", ""voltage"": 220, ""max_temperature"": 120, ""min_temperature"": -55, ""power_per_meter"": 75}, {""brand"": ""ТЛТ"", ""model"": ""ТЛТ-100"", ""source"": ""builtin"", ""voltage"": 220, ""max_temperature"": 150, ""min_temperature"": -60, ""power_per_meter"": 100}], ""safety_factor"": 1.1, ""supply_voltage"": 220.0, ""ambient_temperature"": 5.0, ""process_temperature"": 90.0, ""required_power_per_meter"": 22.647}";"{""current"": 13.96, ""voltage"": 220.0, ""total_power"": 3071.2, ""cable_length"": 76.78, ""selected_cable"": ""ТЛТ-40""}"
Труба DN159 №52;1;self_regulating;ТЛТ-60;"{""cable_mark"": null, ""pipe_length"": 146.1, ""cable_catalog"": [{""brand"": ""ТЛТ"", ""model"": ""ТЛТ-10"", ""source"": ""builtin"", ""voltage"": 220, ""max_temperature"": 65, ""min_temperature"": -40, ""power_per_meter"": 10}, {""brand"": ""ТЛТ"", ""model"": ""ТЛТ-15"", ""source"": ""builtin"", ""voltage"": 220, ""max_temperature"": 65, ""min_temperature"": -40, ""power_per_meter"": 15}, {""brand"": ""ТЛТ"", ""model"": ""ТЛТ-20"", ""source"": ""builtin"", ""voltage"": 220, ""max_temperature"": 65, ""min_temperature"": -40, ""power_per_meter"": 20}, {""brand"": ""ТЛТ"", ""model"": ""ТЛТ-25"", ""source"": ""builtin"", ""voltage"": 220, ""max_temperature"": 85, ""min_temperature"": -50, ""power_per_meter"": 25}, {""brand"": ""ТЛТ"", ""model"": ""ТЛТ-30"", ""source"": ""builtin"", ""voltage"": 220, ""max_temperature"": 85, ""min_temperature"": -50, ""power_per_meter"": 30}, {""brand"": ""ТЛТ"", ""model"": ""ТЛТ-40"", ""source"": ""builtin"", ""voltage"": 220, ""max_temperature"": 110, ""min_temperature"": -50, ""power_per_meter"": 40}, {""brand"": ""ТЛТ"", ""model"": ""ТЛТ-50"", ""source"": ""builtin"", ""voltage"": 220, ""max_temperature"": 110, ""min_temperature"": -50, ""power_per_meter"": 50}, {""brand"": ""ТЛТ"", ""model"": ""ТЛТ-60"", ""source"": ""builtin"", ""voltage"": 220, ""max_temperature"": 120, ""min_temperature"": -55, ""power_per_meter"": 60}, {""brand"": ""ТЛТ"", ""model"": ""ТЛТ-75"", ""source"": ""builtin"", ""voltage"": 220, ""max_temperature"": 120, ""min_temperature"": -55, ""power_per_meter"": 75}, {""brand"": ""ТЛТ"", ""model"": ""ТЛТ-100"", ""source"": ""builtin"", ""voltage"": 220, ""max_temperature"": 150, ""min_temperature"": -60, ""power_per_meter"": 100}], ""safety_factor"": 1.1, ""supply_voltage"": 220.0, ""ambient_temperature"": -15.0, ""process_temperature"": 120.0, ""required_power_per_meter"": 30.963}";"{""current"": 43.83, ""voltage"": 220.0, ""total_power"": 9642.6, ""cable_length"": 160.71, ""selected_cable"": ""ТЛТ-60""}"
Труба DN34 №59;1;self_regulating;ТЛТ-10;"{""cable_mark"": null, ""pipe_length"": 472.8, ""cable_catalog"": [{""brand"": ""ТЛТ"", ""model"": ""ТЛТ-10"", ""source"": ""builtin"", ""voltage"": 220, ""max_temperature"": 65, ""min_temperature"": -40, ""power_per_meter"": 10}, {""brand"": ""ТЛТ"", ""model"": ""ТЛТ-15"", ""source"": ""builtin"", ""voltage"": 220, ""max_temperature"": 65, ""min_temperature"": -40, ""power_per_meter"": 15}, {""brand"": ""ТЛТ"", ""model"": ""ТЛТ-20"", ""source"": ""builtin"", ""voltage"": 220, ""max_temperature"": 65, ""min_temperature"": -40, ""power_per_meter"": 20}, {""brand"": ""ТЛТ"", ""model"": ""ТЛТ-25"", ""source"": ""builtin"", ""voltage"": 220, ""max_temperature"": 85, ""min_temperature"": -50, ""power_per_meter"": 25}, {""brand"": ""ТЛТ"", ""model"": ""ТЛТ-30"", ""source"": ""builtin"", ""voltage"": 220, ""max_temperature"": 85, ""min_temperature"": -50, ""power_per_meter"": 30}, {""brand"": ""ТЛТ"", ""model"": ""ТЛТ-40"", ""source"": ""builtin"", ""voltage"": 220, ""max_temperature"": 110, ""min_temperature"": -50, ""power_per_meter"": 40}, {""brand"": ""ТЛТ"", ""model"": ""ТЛТ-50"", ""source"": ""builtin"", ""voltage"": 220, ""max_temperature"": 110, ""min_temperature"": -50, ""power_per_meter"": 50}, {""brand"": ""ТЛТ"", ""model"": ""ТЛТ-60"", ""source"": ""builtin"", ""voltage"": 220, ""max_temperature"": 120, ""min_temperature"": -55, ""power_per_meter"": 60}, {""brand"": ""ТЛТ"", ""model"": ""ТЛТ-75"", ""source"": ""builtin"", ""voltage"": 220, ""max_temperature"": 120, ""min_temperature"": -55, ""power_per_meter"": 75}, {""brand"": ""ТЛТ"", ""model"": ""ТЛТ-100"", ""source"": ""builtin"", ""voltage"": 220, ""max_temperature"": 150, ""min_temperature"": -60, ""power_per_meter"": 100}], ""safety_factor"": 1.1, ""supply_voltage"": 220.0, ""ambient_temperature"": 10.0, ""process_temperature"": 40.0, ""required_power_per_meter"": 5.545}";"{""current"": 23.64, ""voltage"": 220.0, ""total_power"": 5200.8, ""cable_length"": 520.08, ""selected_cable"": ""ТЛТ-10""}"
Шар. бак №8;1;self_regulating;ТЛТ-100;"{""cable_mark"": null, ""pipe_length"": 1.0, ""cable_catalog"": [{""brand"": ""ТЛТ"", ""model"": ""ТЛТ-10"", ""source"": ""builtin"", ""voltage"": 220, ""max_temperature"": 65, ""min_temperature"": -40, ""power_per_meter"": 10}, {""brand"": ""ТЛТ"", ""model"": ""ТЛТ-15"", ""source"": ""builtin"", ""voltage"": 220, ""max_temperature"": 65, ""min_temperature"": -40, ""power_per_meter"": 15}, {""brand"": ""ТЛТ"", ""model"": ""ТЛТ-20"", ""source"": ""builtin"", ""voltage"": 220, ""max_temperature"": 65, ""min_temperature"": -40, ""power_per_meter"": 20}, {""brand"": ""ТЛТ"", ""model"": ""ТЛТ-25"", ""source"": ""builtin"", ""voltage"": 220, ""max_temperature"": 85, ""min_temperature"": -50, ""power_per_meter"": 25}, {""brand"": ""ТЛТ"", ""model"": ""ТЛТ-30"", ""source"": ""builtin"", ""voltage"": 220, ""max_temperature"": 85, ""min_temperature"": -50, ""power_per_meter"": 30}, {""brand"": ""ТЛТ"", ""model"": ""ТЛТ-40"", ""source"": ""builtin"", ""voltage"": 220, ""max_temperature"": 110, ""min_temperature"": -50, ""power_per_meter"": 40}, {""brand"": ""ТЛТ"", ""model"": ""ТЛТ-50"", ""source"": ""builtin"", ""voltage"": 220, ""max_temperature"": 110, ""min_temperature"": -50, ""power_per_meter"": 50}, {""brand"": ""ТЛТ"", ""model"": ""ТЛТ-60"", ""source"": ""builtin"", ""voltage"": 220, ""max_temperature"": 120, ""min_temperature"": -55, ""power_per_meter"": 60}, {""brand"": ""ТЛТ"", ""model"": ""ТЛТ-75"", ""source"": ""builtin"", ""voltage"": 220, ""max_temperature"": 120, ""min_temperature"": -55, ""power_per_meter"": 75}, {""brand"": ""ТЛТ"", ""model"": ""ТЛТ-100"", ""source"": ""builtin"", ""voltage"": 220, ""max_temperature"": 150, ""min_temperature"": -60, ""power_per_meter"": 100}], ""safety_factor"": 1.1, ""supply_voltage"": 220.0, ""ambient_temperature"": -40.0, ""process_temperature"": 80.0, ""required_power_per_meter"": 84.534}";"{""current"": 0.5, ""voltage"": 220.0, ""total_power"": 110.0, ""cable_length"": 1.1, ""selected_cable"": ""ТЛТ-100""}"
Прям. бак №17;1;self_regulating;ТЛТ-25;"{""cable_mark"": null, ""pipe_length"": 3.0, ""cable_catalog"": [{""brand"": ""ТЛТ"", ""model"": ""ТЛТ-10"", ""source"": ""builtin"", ""voltage"": 220, ""max_temperature"": 65, ""min_temperature"": -40, ""power_per_meter"": 10}, {""brand"": ""ТЛТ"", ""model"": ""ТЛТ-15"", ""source"": ""builtin"", ""voltage"": 220, ""max_temperature"": 65, ""min_temperature"": -40, ""power_per_meter"": 15}, {""brand"": ""ТЛТ"", ""model"": ""ТЛТ-20"", ""source"": ""builtin"", ""voltage"": 220, ""max_temperature"": 65, ""min_temperature"": -40, ""power_per_meter"": 20}, {""brand"": ""ТЛТ"", ""model"": ""ТЛТ-25"", ""source"": ""builtin"", ""voltage"": 220, ""max_temperature"": 85, ""min_temperature"": -50, ""power_per_meter"": 25}, {""brand"": ""ТЛТ"", ""model"": ""ТЛТ-30"", ""source"": ""builtin"", ""voltage"": 220, ""max_temperature"": 85, ""min_temperature"": -50, ""power_per_meter"": 30}, {""brand"": ""ТЛТ"", ""model"": ""ТЛТ-40"", ""source"": ""builtin"", ""voltage"": 220, ""max_temperature"": 110, ""min_temperature"": -50, ""power_per_meter"": 40}, {""brand"": ""ТЛТ"", ""model"": ""ТЛТ-50"", ""source"": ""builtin"", ""voltage"": 220, ""max_temperature"": 110, ""min_temperature"": -50, ""power_per_meter"": 50}, {""brand"": ""ТЛТ"", ""model"": ""ТЛТ-60"", ""source"": ""builtin"", ""voltage"": 220, ""max_temperature"": 120, ""min_temperature"": -55, ""power_per_meter"": 60}, {""brand"": ""ТЛТ"", ""model"": ""ТЛТ-75"", ""source"": ""builtin"", ""voltage"": 220, ""max_temperature"": 120, ""min_temperature"": -55, ""power_per_meter"": 75}, {""brand"": ""ТЛТ"", ""model"": ""ТЛТ-100"", ""source"": ""builtin"", ""voltage"": 220, ""max_temperature"": 150, ""min_temperature"": -60, ""power_per_meter"": 100}], ""safety_factor"": 1.1, ""supply_voltage"": 220.0, ""ambient_temperature"": 0.0, ""process_temperature"": 80.0, ""required_power_per_meter"": 11.066}";"{""current"": 0.375, ""voltage"": 220.0, ""total_power"": 82.5, ""cable_length"": 3.3, ""selected_cable"": ""ТЛТ-25""}"
Шар. бак №26;1;self_regulating;ТЛТ-40;"{""cable_mark"": null, ""pipe_length"": 1.0, ""cable_catalog"": [{""brand"": ""ТЛТ"", ""model"": ""ТЛТ-10"", ""source"": ""builtin"", ""voltage"": 220, ""max_temperature"": 65, ""min_temperature"": -40, ""power_per_meter"": 10}, {""brand"": ""ТЛТ"", ""model"": ""ТЛТ-15"", ""source"": ""builtin"", ""voltage"": 220, ""max_temperature"": 65, ""min_temperature"": -40, ""power_per_meter"": 15}, {""brand"": ""ТЛТ"", ""model"": ""ТЛТ-20"", ""source"": ""builtin"", ""voltage"": 220, ""max_temperature"": 65, ""min_temperature"": -40, ""power_per_meter"": 20}, {""brand"": ""ТЛТ"", ""model"": ""ТЛТ-25"", ""source"": ""builtin"", ""voltage"": 220, ""max_temperature"": 85, ""min_temperature"": -50, ""power_per_meter"": 25}, {""brand"": ""ТЛТ"", ""model"": ""ТЛТ-30"", ""source"": ""builtin"", ""voltage"": 220, ""max_temperature"": 85, ""min_temperature"": -50, ""power_per_meter"": 30}, {""brand"": ""ТЛТ"", ""model"": ""ТЛТ-40"", ""source"": ""builtin"", ""voltage"": 220, ""max_temperature"": 110, ""min_temperature"": -50, ""power_per_meter"": 40}, {""brand"": ""ТЛТ"", ""model"": ""ТЛТ-50"", ""source"": ""builtin"", ""voltage"": 220, ""max_temperature"": 110, ""min_temperature"": -50, ""power_per_meter"": 50}, {""brand"": ""ТЛТ"", ""model"": ""ТЛТ-60"", ""source"": ""builtin"", ""voltage"": 220, ""max_temperature"": 120, ""min_temperature"": -55, ""power_per_meter"": 60}, {""brand"": ""ТЛТ"", ""model"": ""ТЛТ-75"", ""source"": ""builtin"", ""voltage"": 220, ""max_temperature"": 120, ""min_temperature"": -55, ""power_per_meter"": 75}, {""brand"": ""ТЛТ"", ""model"": ""ТЛТ-100"", ""source"": ""builtin"", ""voltage"": 220, ""max_temperature"": 150, ""min_temperature"": -60, ""power_per_meter"": 100}], ""safety_factor"": 1.1, ""supply_voltage"": 220.0, ""ambient_temperature"": -10.0, ""process_temperature"": 100.0, ""required_power_per_meter"": 30.074}";"{""current"": 0.2, ""voltage"": 220.0, ""total_power"": 44.0, ""cable_length"": 1.1, ""selected_cable"": ""ТЛТ-40""}"
Шар. бак №30;1;self_regulating;;{};"{""error"": ""ValueError: Не найден кабель с мощностью ≥ 127.60 Вт/м (максимум линейки — 100 Вт/м)"", ""object_name"": ""Шар. бак №30"", ""object_type"": ""tank""}"
Труба DN108 №54;1;self_regulating;ТЛТ-50;"{""cable_mark"": null, ""pipe_length"": 62.1, ""cable_catalog"": [{""brand"": ""ТЛТ"", ""model"": ""ТЛТ-10"", ""source"": ""builtin"", ""voltage"": 220, ""max_temperature"": 65, ""min_temperature"": -40, ""power_per_meter"": 10}, {""brand"": ""ТЛТ"", ""model"": ""ТЛТ-15"", ""source"": ""builtin"", ""voltage"": 220, ""max_temperature"": 65, ""min_temperature"": -40, ""power_per_meter"": 15}, {""brand"": ""ТЛТ"", ""model"": ""ТЛТ-20"", ""source"": ""builtin"", ""voltage"": 220, ""max_temperature"": 65, ""min_temperature"": -40, ""power_per_meter"": 20}, {""brand"": ""ТЛТ"", ""model"": ""ТЛТ-25"", ""source"": ""builtin"", ""voltage"": 220, ""max_temperature"": 85, ""min_temperature"": -50, ""power_per_meter"": 25}, {""brand"": ""ТЛТ"", ""model"": ""ТЛТ-30"", ""source"": ""builtin"", ""voltage"": 220, ""max_temperature"": 85, ""min_temperature"": -50, ""power_per_meter"": 30}, {""brand"": ""ТЛТ"", ""model"": ""ТЛТ-40"", ""source"": ""builtin"", ""voltage"": 220, ""max_temperature"": 110, ""min_temperature"": -50, ""power_per_meter"": 40}, {""brand"": ""ТЛТ"", ""model"": ""ТЛТ-50"", ""source"": ""builtin"", ""voltage"": 220, ""max_temperature"": 110, ""min_temperature"": -50, ""power_per_meter"": 50}, {""brand"": ""ТЛТ"", ""model"": ""ТЛТ-60"", ""source"": ""builtin"", ""voltage"": 220, ""max_temperature"": 120, ""min_temperature"": -55, ""power_per_meter"": 60}, {""brand"": ""ТЛТ"", ""model"": ""ТЛТ-75"", ""source"": ""builtin"", ""voltage"": 220, ""max_temperature"": 120, ""min_temperature"": -55, ""power_per_meter"": 75}, {""brand"": ""ТЛТ"", ""model"": ""ТЛТ-100"", ""source"": ""builtin"", ""voltage"": 220, ""max_temperature"": 150, ""min_temperature"": -60, ""power_per_meter"": 100}], ""safety_factor"": 1.1, ""supply_voltage"": 220.0, ""ambient_temperature"": 10.0, ""process_temperature"": 60.0, ""required_power_per_meter"": 40.155}";"{""current"": 15.525, ""voltage"": 220.0, ""total_power"": 3415.5, ""cable_length"": 68.31, ""selected_cable"": ""ТЛТ-50""}"
Труба DN325 №58;1;self_regulating;ТЛТ-50;"{""cable_mark"": null, ""pipe_length"": 278.1, ""cable_catalog"": [{""brand"": ""ТЛТ"", ""model"": ""ТЛТ-10"", ""source"": ""builtin"", ""voltage"": 220, ""max_temperature"": 65, ""min_temperature"": -40, ""power_per_meter"": 10}, {""brand"": ""ТЛТ"", ""model"": ""ТЛТ-15"", ""source"": ""builtin"", ""voltage"": 220, ""max_temperature"": 65, ""min_temperature"": -40, ""power_per_meter"": 15}, {""brand"": ""ТЛТ"", ""model"": ""ТЛТ-20"", ""source"": ""builtin"", ""voltage"": 220, ""max_temperature"": 65, ""min_temperature"": -40, ""power_per_meter"": 20}, {""brand"": ""ТЛТ"", ""model"": ""ТЛТ-25"", ""source"": ""builtin"", ""voltage"": 220, ""max_temperature"": 85, ""min_temperature"": -50, ""power_per_meter"": 25}, {""brand"": ""ТЛТ"", ""model"": ""ТЛТ-30"", ""source"": ""builtin"", ""voltage"": 220, ""max_temperature"": 85, ""min_temperature"": -50, ""power_per_meter"": 30}, {""brand"": ""ТЛТ"", ""model"": ""ТЛТ-40"", ""source"": ""builtin"", ""voltage"": 220, ""max_temperature"": 110, ""min_temperature"": -50, ""power_per_meter"": 40}, {""brand"": ""ТЛТ"", ""model"": ""ТЛТ-50"", ""source"": ""builtin"", ""voltage"": 220, ""max_temperature"": 110, ""min_temperature"": -50, ""power_per_meter"": 50}, {""brand"": ""ТЛТ"", ""model"": ""ТЛТ-60"", ""source"": ""builtin"", ""voltage"": 220, ""max_temperature"": 120, ""min_temperature"": -55, ""power_per_meter"": 60}, {""brand"": ""ТЛТ"", ""model"": ""ТЛТ-75"", ""source"": ""builtin"", ""voltage"": 220, ""max_temperature"": 120, ""min_temperature"": -55, ""power_per_meter"": 75}, {""brand"": ""ТЛТ"", ""model"": ""ТЛТ-100"", ""source"": ""builtin"", ""voltage"": 220, ""max_temperature"": 150, ""min_temperature"": -60, ""power_per_meter"": 100}], ""safety_factor"": 1.1, ""supply_voltage"": 220.0, ""ambient_temperature"": -40.0, ""process_temperature"": 50.0, ""required_power_per_meter"": 36.835}";"{""current"": 69.525, ""voltage"": 220.0, ""total_power"": 15295.5, ""cable_length"": 305.91, ""selected_cable"": ""ТЛТ-50""}"
Цил. бак №3;1;self_regulating;ТЛТ-25;"{""cable_mark"": null, ""pipe_length"": 4.0, ""cable_catalog"": [{""brand"": ""ТЛТ"", ""model"": ""ТЛТ-10"", ""source"": ""builtin"", ""voltage"": 220, ""max_temperature"": 65, ""min_temperature"": -40, ""power_per_meter"": 10}, {""brand"": ""ТЛТ"", ""model"": ""ТЛТ-15"", ""source"": ""builtin"", ""voltage"": 220, ""max_temperature"": 65, ""min_temperature"": -40, ""power_per_meter"": 15}, {""brand"": ""ТЛТ"", ""model"": ""ТЛТ-20"", ""source"": ""builtin"", ""voltage"": 220, ""max_temperature"": 65, ""min_temperature"": -40, ""power_per_meter"": 20}, {""brand"": ""ТЛТ"", ""model"": ""ТЛТ-25"", ""source"": ""builtin"", ""voltage"": 220, ""max_temperature"": 85, ""min_temperature"": -50, ""power_per_meter"": 25}, {""brand"": ""ТЛТ"", ""model"": ""ТЛТ-30"", ""source"": ""builtin"", ""voltage"": 220, ""max_temperature"": 85, ""min_temperature"": -50, ""power_per_meter"": 30}, {""brand"": ""ТЛТ"", ""model"": ""ТЛТ-40"", ""source"": ""builtin"", ""voltage"": 220, ""max_temperature"": 110, ""min_temperature"": -50, ""power_per_meter"": 40}, {""brand"": ""ТЛТ"", ""model"": ""ТЛТ-50"", ""source"": ""builtin"", ""voltage"": 220, ""max_temperature"": 110, ""min_temperature"": -50, ""power_per_meter"": 50}, {""brand"": ""ТЛТ"", ""model"": ""ТЛТ-60"", ""source"": ""builtin"", ""voltage"": 220, ""max_temperature"": 120, ""min_temperature"": -55, ""power_per_meter"": 60}, {""brand"": ""ТЛТ"", ""model"": ""ТЛТ-75"", ""source"": ""builtin"", ""voltage"": 220, ""max_temperature"": 120, ""min_temperature"": -55, ""power_per_meter"": 75}, {""brand"": ""ТЛТ"", ""model"": ""ТЛТ-100"", ""source"": ""builtin"", ""voltage"": 220, ""max_temperature"": 150, ""min_temperature"": -60, ""power_per_meter"": 100}], ""safety_factor"": 1.1, ""supply_voltage"": 220.0, ""ambient_temperature"": -10.0, ""process_temperature"": 40.0, ""required_power_per_meter"": 18.71}";"{""current"": 0.5, ""voltage"": 220.0, ""total_power"": 110.0, ""cable_length"": 4.4, ""selected_cable"": ""ТЛТ-25""}"
Труба DN27 №47;1;self_regulating;ТЛТ-40;"{""cable_mark"": null, ""pipe_length"": 311.6, ""cable_catalog"": [{""brand"": ""ТЛТ"", ""model"": ""ТЛТ-10"", ""source"": ""builtin"", ""voltage"": 220, ""max_temperature"": 65, ""min_temperature"": -40, ""power_per_meter"": 10}, {""brand"": ""ТЛТ"", ""model"": ""ТЛТ-15"", ""source"": ""builtin"", ""voltage"": 220, ""max_temperature"": 65, ""min_temperature"": -40, ""power_per_meter"": 15}, {""brand"": ""ТЛТ"", ""model"": ""ТЛТ-20"", ""source"": ""builtin"", ""voltage"": 220, ""max_temperature"": 65, ""min_temperature"": -40, ""power_per_meter"": 20}, {""brand"": ""ТЛТ"", ""model"": ""ТЛТ-25"", ""source"": ""builtin"", ""voltage"": 220, ""max_temperature"": 85, ""min_temperature"": -50, ""power_per_meter"": 25}, {""brand"": ""ТЛТ"", ""model"": ""ТЛТ-30"", ""source"": ""builtin"", ""voltage"": 220, ""max_temperature"": 85, ""min_temperature"": -50, ""power_per_meter"": 30}, {""brand"": ""ТЛТ"", ""model"": ""ТЛТ-40"", ""source"": ""builtin"", ""voltage"": 220, ""max_temperature"": 110, ""min_temperature"": -50, ""power_per_meter"": 40}, {""brand"": ""ТЛТ"", ""model"": ""ТЛТ-50"", ""source"": ""builtin"", ""voltage"": 220, ""max_temperature"": 110, ""min_temperature"": -50, ""power_per_meter"": 50}, {""brand"": ""ТЛТ"", ""model"": ""ТЛТ-60"", ""source"": ""builtin"", ""voltage"": 220, ""max_temperature"": 120, ""min_temperature"": -55, ""power_per_meter"": 60}, {""brand"": ""ТЛТ"", ""model"": ""ТЛТ-75"", ""source"": ""builtin"", ""voltage"": 220, ""max_temperature"": 120, ""min_temperature"": -55, ""power_per_meter"": 75}, {""brand"": ""ТЛТ"", ""model"": ""ТЛТ-100"", ""source"": ""builtin"", ""voltage"": 220, ""max_temperature"": 150, ""min_temperature"": -60, ""power_per_meter"": 100}], ""safety_factor"": 1.1, ""supply_voltage"": 220.0, ""ambient_temperature"": 10.0, ""process_temperature"": 90.0, ""required_power_per_meter"": 18.45}";"{""current"": 62.32, ""voltage"": 220.0, ""total_power"": 13710.4, ""cable_length"": 342.76, ""selected_cable"": ""ТЛТ-40""}"
Шар. бак №10;1;self_regulating;ТЛТ-15;"{""cable_mark"": null, ""pipe_length"": 1.0, ""cable_catalog"": [{""brand"": ""ТЛТ"", ""model"": ""ТЛТ-10"", ""source"": ""builtin"", ""voltage"": 220, ""max_temperature"": 65, ""min_temperature"": -40, ""power_per_meter"": 10}, {""brand"": ""ТЛТ"", ""model"": ""ТЛТ-15"", ""source"": ""builtin"", ""voltage"": 220, ""max_temperature"": 65, ""min_temperature"": -40, ""power_per_meter"": 15}, {""brand"": ""ТЛТ"", ""model"": ""ТЛТ-20"", ""source"": ""builtin"", ""voltage"": 220, ""max_temperature"": 65, ""min_temperature"": -40, ""power_per_meter"": 20}, {""brand"": ""ТЛТ"", ""model"": ""ТЛТ-25"", ""source"": ""builtin"", ""voltage"": 220, ""max_temperature"": 85, ""min_temperature"": -50, ""power_per_meter"": 25}, {""brand"": ""ТЛТ"", ""model"": ""ТЛТ-30"", ""source"": ""builtin"", ""voltage"": 220, ""max_temperature"": 85, ""min_temperature"": -50, ""power_per_meter"": 30}, {""brand"": ""ТЛТ"", ""model"": ""ТЛТ-40"", ""source"": ""builtin"", ""voltage"": 220, ""max_temperature"": 110, ""min_temperature"": -50, ""power_per_meter"": 40}, {""brand"": ""ТЛТ"", ""model"": ""ТЛТ-50"", ""source"": ""builtin"", ""voltage"": 220, ""max_temperature"": 110, ""min_temperature"": -50, ""power_per_meter"": 50}, {""brand"": ""ТЛТ"", ""model"": ""ТЛТ-60"", ""source"": ""builtin"", ""voltage"": 220, ""max_temperature"": 120, ""min_temperature"": -55, ""power_per_meter"": 60}, {""brand"": ""ТЛТ"", ""model"": ""ТЛТ-75"", ""source"": ""builtin"", ""voltage"": 220, ""max_temperature"": 120, ""min_temperature"": -55, ""power_per_meter"": 75}, {""brand"": ""ТЛТ"", ""model"": ""ТЛТ-100"", ""source"": ""builtin"", ""voltage"": 220, ""max_temperature"": 150, ""min_temperature"": -60, ""power_per_meter"": 100}], ""safety_factor"": 1.1, ""supply_voltage"": 220.0, ""ambient_temperature"": -10.0, ""process_temperature"": 40.0, ""required_power_per_meter"": 9.186}";"{""current"": 0.075, ""voltage"": 220.0, ""total_power"": 16.5, ""cable_length"": 1.1, ""selected_cable"": ""ТЛТ-15""}"
Труба DN108 №56;1;self_regulating;ТЛТ-60;"{""cable_mark"": null, ""pipe_length"": 255.2, ""cable_catalog"": [{""brand"": ""ТЛТ"", ""model"": ""ТЛТ-10"", ""source"": ""builtin"", ""voltage"": 220, ""max_temperature"": 65, ""min_temperature"": -40, ""power_per_meter"": 10}, {""brand"": ""ТЛТ"", ""model"": ""ТЛТ-15"", ""source"": ""builtin"", ""voltage"": 220, ""max_temperature"": 65, ""min_temperature"": -40, ""power_per_meter"": 15}, {""brand"": ""ТЛТ"", ""model"": ""ТЛТ-20"", ""source"": ""builtin"", ""voltage"": 220, ""max_temperature"": 65, ""min_temperature"": -40, ""power_per_meter"": 20}, {""brand"": ""ТЛТ"", ""model"": ""ТЛТ-25"", ""source"": ""builtin"", ""voltage"": 220, ""max_temperature"": 85, ""min_temperature"": -50, ""power_per_meter"": 25}, {""brand"": ""ТЛТ"", ""model"": ""ТЛТ-30"", ""source"": ""builtin"", ""voltage"": 220, ""max_temperature"": 85, ""min_temperature"": -50, ""power_per_meter"": 30}, {""brand"": ""ТЛТ"", ""model"": ""ТЛТ-40"", ""source"": ""builtin"", ""voltage"": 220, ""max_temperature"": 110, ""min_temperature"": -50, ""power_per_meter"": 40}, {""brand"": ""ТЛТ"", ""model"": ""ТЛТ-50"", ""source"": ""builtin"", ""voltage"": 220, ""max_temperature"": 110, ""min_temperature"": -50, ""power_per_meter"": 50}, {""brand"": ""ТЛТ"", ""model"": ""ТЛТ-60"", ""source"": ""builtin"", ""voltage"": 220, ""max_temperature"": 120, ""min_temperature"": -55, ""power_per_meter"": 60}, {""brand"": ""ТЛТ"", ""model"": ""ТЛТ-75"", ""source"": ""builtin"", ""voltage"": 220, ""max_temperature"": 120, ""min_temperature"": -55, ""power_per_meter"": 75}, {""brand"": ""ТЛТ"", ""model"": ""ТЛТ-100"", ""source"": ""builtin"", ""voltage"": 220, ""max_temperature"": 150, ""min_temperature"": -60, ""power_per_meter"": 100}], ""safety_factor"": 1.1, ""supply_voltage"": 220.0, ""ambient_temperature"": -30.0, ""process_temperature"": 100.0, ""required_power_per_meter"": 53.062}";"{""current"": 76.56, ""voltage"": 220.0, ""total_power"": 16843.2, ""cable_length"": 280.72, ""selected_cable"": ""ТЛТ-60""}"
Цил. бак №5;1;self_regulating;ТЛТ-50;"{""cable_mark"": null, ""pipe_length"": 5.0, ""cable_catalog"": [{""brand"": ""ТЛТ"", ""model"": ""ТЛТ-10"", ""source"": ""builtin"", ""voltage"": 220, ""max_temperature"": 65, ""min_temperature"": -40, ""power_per_meter"": 10}, {""brand"": ""ТЛТ"", ""model"": ""ТЛТ-15"", ""source"": ""builtin"", ""voltage"": 220, ""max_temperature"": 65, ""min_temperature"": -40, ""power_per_meter"": 15}, {""brand"": ""ТЛТ"", ""model"": ""ТЛТ-20"", ""source"": ""builtin"", ""voltage"": 220, ""max_temperature"": 65, ""min_temperature"": -40, ""power_per_meter"": 20}, {""brand"": ""ТЛТ"", ""model"": ""ТЛТ-25"", ""source"": ""builtin"", ""voltage"": 220, ""max_temperature"": 85, ""min_temperature"": -50, ""power_per_meter"": 25}, {""brand"": ""ТЛТ"", ""model"": ""ТЛТ-30"", ""source"": ""builtin"", ""voltage"": 220, ""max_temperature"": 85, ""min_temperature"": -50, ""power_per_meter"": 30}, {""brand"": ""ТЛТ"", ""model"": ""ТЛТ-40"", ""source"": ""builtin"", ""voltage"": 220, ""max_temperature"": 110, ""min_temperature"": -50, ""power_per_meter"": 40}, {""brand"": ""ТЛТ"", ""model"": ""ТЛТ-50"", ""source"": ""builtin"", ""voltage"": 220, ""max_temperature"": 110, ""min_temperature"": -50, ""power_per_meter"": 50}, {""brand"": ""ТЛТ"", ""model"": ""ТЛТ-60"", ""source"": ""builtin"", ""voltage"": 220, ""max_temperature"": 120, ""min_temperature"": -55, ""power_per_meter"": 60}, {""brand"": ""ТЛТ"", ""model"": ""ТЛТ-75"", ""source"": ""builtin"", ""voltage"": 220, ""max_temperature"": 120, ""min_temperature"": -55, ""power_per_meter"": 75}, {""brand"": ""ТЛТ"", ""model"": ""ТЛТ-100"", ""source"": ""builtin"", ""voltage"": 220, ""max_temperature"": 150, ""min_temperature"": -60, ""power_per_meter"": 100}], ""safety_factor"": 1.1, ""supply_voltage"": 220.0, ""ambient_temperature"": -10.0, ""process_temperature"": 60.0, ""required_power_per_meter"": 37.554}";"{""current"": 1.25, ""voltage"": 220.0, ""total_power"": 275.0, ""cable_length"": 5.5, ""selected_cable"": ""ТЛТ-50""}"
Прям. бак №14;1;self_regulating;ТЛТ-50;"{""cable_mark"": null, ""pipe_length"": 2.0, ""cable_catalog"": [{""brand"": ""ТЛТ"", ""model"": ""ТЛТ-10"", ""source"": ""builtin"", ""voltage"": 220, ""max_temperature"": 65, ""min_temperature"": -40, ""power_per_meter"": 10}, {""brand"": ""ТЛТ"", ""model"": ""ТЛТ-15"", ""source"": ""builtin"", ""voltage"": 220, ""max_temperature"": 65, ""min_temperature"": -40, ""power_per_meter"": 15}, {""brand"": ""ТЛТ"", ""model"": ""ТЛТ-20"", ""source"": ""builtin"", ""voltage"": 220, ""max_temperature"": 65, ""min_temperature"": -40, ""power_per_meter"": 20}, {""brand"": ""ТЛТ"", ""model"": ""ТЛТ-25"", ""source"": ""builtin"", ""voltage"": 220, ""max_temperature"": 85, ""min_temperature"": -50, ""power_per_meter"": 25}, {""brand"": ""ТЛТ"", ""model"": ""ТЛТ-30"", ""source"": ""builtin"", ""voltage"": 220, ""max_temperature"": 85, ""min_temperature"": -50, ""power_per_meter"": 30}, {""brand"": ""ТЛТ"", ""model"": ""ТЛТ-40"", ""source"": ""builtin"", ""voltage"": 220, ""max_temperature"": 110, ""min_temperature"": -50, ""power_per_meter"": 40}, {""brand"": ""ТЛТ"", ""model"": ""ТЛТ-50"", ""source"": ""builtin"", ""voltage"": 220, ""max_temperature"": 110, ""min_temperature"": -50, ""power_per_meter"": 50}, {""brand"": ""ТЛТ"", ""model"": ""ТЛТ-60"", ""source"": ""builtin"", ""voltage"": 220, ""max_temperature"": 120, ""min_temperature"": -55, ""power_per_meter"": 60}, {""brand"": ""ТЛТ"", ""model"": ""ТЛТ-75"", ""source"": ""builtin"", ""voltage"": 220, ""max_temperature"": 120, ""min_temperature"": -55, ""power_per_meter"": 75}, {""brand"": ""ТЛТ"", ""model"": ""ТЛТ-100"", ""source"": ""builtin"", ""voltage"": 220, ""max_temperature"": 150, ""min_temperature"": -60, ""power_per_meter"": 100}], ""safety_factor"": 1.1, ""supply_voltage"": 220.0, ""ambient_temperature"": -20.0, ""process_temperature"": 100.0, ""required_power_per_meter"": 36.99}";"{""current"": 0.5, ""voltage"": 220.0, ""total_power"": 110.0, ""cable_length"": 2.2, ""selected_cable"": ""ТЛТ-50""}"
Цил. бак №23;1;self_regulating;ТЛТ-50;"{""cable_mark"": null, ""pipe_length"": 3.0, ""cable_catalog"": [{""brand"": ""ТЛТ"", ""model"": ""ТЛТ-10"", ""source"": ""builtin"", ""voltage"": 220, ""max_temperature"": 65, ""min_temperature"": -40, ""power_per_meter"": 10}, {""brand"": ""ТЛТ"", ""model"": ""ТЛТ-15"", ""source"": ""builtin"", ""voltage"": 220, ""max_temperature"": 65, ""min_temperature"": -40, ""power_per_meter"": 15}, {""brand"": ""ТЛТ"", ""model"": ""ТЛТ-20"", ""source"": ""builtin"", ""voltage"": 220, ""max_temperature"": 65, ""min_temperature"": -40, ""power_per_meter"": 20}, {""brand"": ""ТЛТ"", ""model"": ""ТЛТ-25"", ""source"": ""builtin"", ""voltage"": 220, ""max_temperature"": 85, ""min_temperature"": -50, ""power_per_meter"": 25}, {""brand"": ""ТЛТ"", ""model"": ""ТЛТ-30"", ""source"": ""builtin"", ""voltage"": 220, ""max_temperature"": 85, ""min_temperature"": -50, ""power_per_meter"": 30}, {""brand"": ""ТЛТ"", ""model"": ""ТЛТ-40"", ""source"": ""builtin"", ""voltage"": 220, ""max_temperature"": 110, ""min_temperature"": -50, ""power_per_meter"": 40}, {""brand"": ""ТЛТ"", ""model"": ""ТЛТ-50"", ""source"": ""builtin"", ""voltage"": 220, ""max_temperature"": 110, ""min_temperature"": -50, ""power_per_meter"": 50}, {""brand"": ""ТЛТ"", ""model"": ""ТЛТ-60"", ""source"": ""builtin"", ""voltage"": 220, ""max_temperature"": 120, ""min_temperature"": -55, ""power_per_meter"": 60}, {""brand"": ""ТЛТ"", ""model"": ""ТЛТ-75"", ""source"": ""builtin"", ""voltage"": 220, ""max_temperature"": 120, ""min_temperature"": -55, ""power_per_meter"": 75}, {""brand"": ""ТЛТ"", ""model"": ""ТЛТ-100"", ""source"": ""builtin"", ""voltage"": 220, ""max_temperature"": 150, ""min_temperature"": -60, ""power_per_meter"": 100}], ""safety_factor"": 1.1, ""supply_voltage"": 220.0, ""ambient_temperature"": -40.0, ""process_temperature"": 40.0, ""required_power_per_meter"": 41.4}";"{""current"": 0.75, ""voltage"": 220.0, ""total_power"": 165.0, ""cable_length"": 3.3, ""selected_cable"": ""ТЛТ-50""}"
Цил. бак №29;1;self_regulating;ТЛТ-30;"{""cable_mark"": null, ""pipe_length"": 4.0, ""cable_catalog"": [{""brand"": ""ТЛТ"", ""model"": ""ТЛТ-10"", ""source"": ""builtin"", ""voltage"": 220, ""max_temperature"": 65, ""min_temperature"": -40, ""power_per_meter"": 10}, {""brand"": ""ТЛТ"", ""model"": ""ТЛТ-15"", ""source"": ""builtin"", ""voltage"": 220, ""max_temperature"": 65, ""min_temperature"": -40, ""power_per_meter"": 15}, {""brand"": ""ТЛТ"", ""model"": ""ТЛТ-20"", ""source"": ""builtin"", ""voltage"": 220, ""max_temperature"": 65, ""min_temperature"": -40, ""power_per_meter"": 20}, {""brand"": ""ТЛТ"", ""model"": ""ТЛТ-25"", ""source"": ""builtin"", ""voltage"": 220, ""max_temperature"": 85, ""min_temperature"": -50, ""power_per_meter"": 25}, {""brand"": ""ТЛТ"", ""model"": ""ТЛТ-30"", ""source"": ""builtin"", ""voltage"": 220, ""max_temperature"": 85, ""min_temperature"": -50, ""power_per_meter"": 30}, {""brand"": ""ТЛТ"", ""model"": ""ТЛТ-40"", ""source"": ""builtin"", ""voltage"": 220, ""max_temperature"": 110, ""min_temperature"": -50, ""power_per_meter"": 40}, {""brand"": ""ТЛТ"", ""model"": ""ТЛТ-50"", ""source"": ""builtin"", ""voltage"": 220, ""max_temperature"": 110, ""min_temperature"": -50, ""power_per_meter"": 50}, {""brand"": ""ТЛТ"", ""model"": ""ТЛТ-60"", ""source"": ""builtin"", ""voltage"": 220, ""max_temperature"": 120, ""min_temperature"": -55, ""power_per_meter"": 60}, {""brand"": ""ТЛТ"", ""model"": ""ТЛТ-75"", ""source"": ""builtin"", ""voltage"": 220, ""max_temperature"": 120, ""min_temperature"": -55, ""power_per_meter"": 75}, {""brand"": ""ТЛТ"", ""model"": ""ТЛТ-100"", ""source"": ""builtin"", ""voltage"": 220, ""max_temperature"": 150, ""min_temperature"": -60, ""power_per_meter"": 100}], ""safety_factor"": 1.1, ""supply_voltage"": 220.0, ""ambient_temperature"": -30.0, ""process_temperature"": 80.0, ""required_power_per_meter"": 25.161}";"{""current"": 0.6, ""voltage"": 220.0, ""total_power"": 132.0, ""cable_length"": 4.4, ""selected_cable"": ""ТЛТ-30""}"
Прям. бак №33;1;self_regulating;ТЛТ-10;"{""cable_mark"": null, ""pipe_length"": 3.0, ""cable_catalog"": [{""brand"": ""ТЛТ"", ""model"": ""ТЛТ-10"", ""source"": ""builtin"", ""voltage"": 220, ""max_temperature"": 65, ""min_temperature"": -40, ""power_per_meter"": 10}, {""brand"": ""ТЛТ"", ""model"": ""ТЛТ-15"", ""source"": ""builtin"", ""voltage"": 220, ""max_temperature"": 65, ""min_temperature"": -40, ""power_per_meter"": 15}, {""brand"": ""ТЛТ"", ""model"": ""ТЛТ-20"", ""source"": ""builtin"", ""voltage"": 220, ""max_temperature"": 65, ""min_temperature"": -40, ""power_per_meter"": 20}, {""brand"": ""ТЛТ"", ""model"": ""ТЛТ-25"", ""source"": ""builtin"", ""voltage"": 220, ""max_temperature"": 85, ""min_temperature"": -50, ""power_per_meter"": 25}, {""brand"": ""ТЛТ"", ""model"": ""ТЛТ-30"", ""source"": ""builtin"", ""voltage"": 220, ""max_temperature"": 85, ""min_temperature"": -50, ""power_per_meter"": 30}, {""brand"": ""ТЛТ"", ""model"": ""ТЛТ-40"", ""source"": ""builtin"", ""voltage"": 220, ""max_temperature"": 110, ""min_temperature"": -50, ""power_per_meter"": 40}, {""brand"": ""ТЛТ"", ""model"": ""ТЛТ-50"", ""source"": ""builtin"", ""voltage"": 220, ""max_temperature"": 110, ""min_temperature"": -50, ""power_per_meter"": 50}, {""brand"": ""ТЛТ"", ""model"": ""ТЛТ-60"", ""source"": ""builtin"", ""voltage"": 220, ""max_temperature"": 120, ""min_temperature"": -55, ""power_per_meter"": 60}, {""brand"": ""ТЛТ"", ""model"": ""ТЛТ-75"", ""source"": ""builtin"", ""voltage"": 220, ""max_temperature"": 120, ""min_temperature"": -55, ""power_per_meter"": 75}, {""brand"": ""ТЛТ"", ""model"": ""ТЛТ-100"", ""source"": ""builtin"", ""voltage"": 220, ""max_temperature"": 150, ""min_temperature"": -60, ""power_per_meter"": 100}], ""safety_factor"": 1.1, ""supply_voltage"": 220.0, ""ambient_temperature"": 10.0, ""process_temperature"": 40.0, ""required_power_per_meter"": 4.15}";"{""current"": 0.15, ""voltage"": 220.0, ""total_power"": 33.0, ""cable_length"": 3.3, ""selected_cable"": ""ТЛТ-10""}"
Труба DN108 №57;1;self_regulating;ТЛТ-50;"{""cable_mark"": null, ""pipe_length"": 26.8, ""cable_catalog"": [{""brand"": ""ТЛТ"", ""model"": ""ТЛТ-10"", ""source"": ""builtin"", ""voltage"": 220, ""max_temperature"": 65, ""min_temperature"": -40, ""power_per_meter"": 10}, {""brand"": ""ТЛТ"", ""model"": ""ТЛТ-15"", ""source"": ""builtin"", ""voltage"": 220, ""max_temperature"": 65, ""min_temperature"": -40, ""power_per_meter"": 15}, {""brand"": ""ТЛТ"", ""model"": ""ТЛТ-20"", ""source"": ""builtin"", ""voltage"": 220, ""max_temperature"": 65, ""min_temperature"": -40, ""power_per_meter"": 20}, {""brand"": ""ТЛТ"", ""model"": ""ТЛТ-25"", ""source"": ""builtin"", ""voltage"": 220, ""max_temperature"": 85, ""min_temperature"": -50, ""power_per_meter"": 25}, {""brand"": ""ТЛТ"", ""model"": ""ТЛТ-30"", ""source"": ""builtin"", ""voltage"": 220, ""max_temperature"": 85, ""min_temperature"": -50, ""power_per_meter"": 30}, {""brand"": ""ТЛТ"", ""model"": ""ТЛТ-40"", ""source"": ""builtin"", ""voltage"": 220, ""max_temperature"": 110, ""min_temperature"": -50, ""power_per_meter"": 40}, {""brand"": ""ТЛТ"", ""model"": ""ТЛТ-50"", ""source"": ""builtin"", ""voltage"": 220, ""max_temperature"": 110, ""min_temperature"": -50, ""power_per_meter"": 50}, {""brand"": ""ТЛТ"", ""model"": ""ТЛТ-60"", ""source"": ""builtin"", ""voltage"": 220, ""max_temperature"": 120, ""min_temperature"": -55, ""power_per_meter"": 60}, {""brand"": ""ТЛТ"", ""model"": ""ТЛТ-75"", ""source"": ""builtin"", ""voltage"": 220, ""max_temperature"": 120, ""min_temperature"": -55, ""power_per_meter"": 75}, {""brand"": ""ТЛТ"", ""model"": ""ТЛТ-100"", ""source"": ""builtin"", ""voltage"": 220, ""max_temperature"": 150, ""min_temperature"": -60, ""power_per_meter"": 100}], ""safety_factor"": 1.1, ""supply_voltage"": 220.0, ""ambient_temperature"": -15.0, ""process_temperature"": 60.0, ""required_power_per_meter"": 38.852}";"{""current"": 6.7, ""voltage"": 220.0, ""total_power"": 1474.0, ""cable_length"": 29.48, ""selected_cable"": ""ТЛТ-50""}"
Прям. бак №1;1;self_regulating;ТЛТ-75;"{""cable_mark"": null, ""pipe_length"": 3.0, ""cable_catalog"": [{""brand"": ""ТЛТ"", ""model"": ""ТЛТ-10"", ""source"": ""builtin"", ""voltage"": 220, ""max_temperature"": 65, ""min_temperature"": -40, ""power_per_meter"": 10}, {""brand"": ""ТЛТ"", ""model"": ""ТЛТ-15"", ""source"": ""builtin"", ""voltage"": 220, ""max_temperature"": 65, ""min_temperature"": -40, ""power_per_meter"": 15}, {""brand"": ""ТЛТ"", ""model"": ""ТЛТ-20"", ""source"": ""builtin"", ""voltage"": 220, ""max_temperature"": 65, ""min_temperature"": -40, ""power_per_meter"": 20}, {""brand"": ""ТЛТ"", ""model"": ""ТЛТ-25"", ""source"": ""builtin"", ""voltage"": 220, ""max_temperature"": 85, ""min_temperature"": -50, ""power_per_meter"": 25}, {""brand"": ""ТЛТ"", ""model"": ""ТЛТ-30"", ""source"": ""builtin"", ""voltage"": 220, ""max_temperature"": 85, ""min_temperature"": -50, ""power_per_meter"": 30}, {""brand"": ""ТЛТ"", ""model"": ""ТЛТ-40"", ""source"": ""builtin"", ""voltage"": 220, ""max_temperature"": 110, ""min_temperature"": -50, ""power_per_meter"": 40}, {""brand"": ""ТЛТ"", ""model"": ""ТЛТ-50"", ""source"": ""builtin"", ""voltage"": 220, ""max_temperature"": 110, ""min_temperature"": -50, ""power_per_meter"": 50}, {""brand"": ""ТЛТ"", ""model"": ""ТЛТ-60"", ""source"": ""builtin"", ""voltage"": 220, ""max_temperature"": 120, ""min_temperature"": -55, ""power_per_meter"": 60}, {""brand"": ""ТЛТ"", ""model"": ""ТЛТ-75"", ""source"": ""builtin"", ""voltage"": 220, ""max_temperature"": 120, ""min_temperature"": -55, ""power_per_meter"": 75}, {""brand"": ""ТЛТ"", ""model"": ""ТЛТ-100"", ""source"": ""builtin"", ""voltage"": 220, ""max_temperature"": 150, ""min_temperature"": -60, ""power_per_meter"": 100}], ""safety_factor"": 1.1, ""supply_voltage"": 220.0, ""ambient_temperature"": -20.0, ""process_temperature"": 60.0, ""required_power_per_meter"": 56.356}";"{""current"": 1.125, ""voltage"": 220.0, ""total_power"": 247.5, ""cable_length"": 3.3, ""selected_cable"": ""ТЛТ-75""}"
Прям. бак №6;1;self_regulating;ТЛТ-75;"{""cable_mark"": null, ""pipe_length"": 3.0, ""cable_catalog"": [{""brand"": ""ТЛТ"", ""model"": ""ТЛТ-10"", ""source"": ""builtin"", ""voltage"": 220, ""max_temperature"": 65, ""min_temperature"": -40, ""power_per_meter"": 10}, {""brand"": ""ТЛТ"", ""model"": ""ТЛТ-15"", ""source"": ""builtin"", ""voltage"": 220, ""max_temperature"": 65, ""min_temperature"": -40, ""power_per_meter"": 15}, {""brand"": ""ТЛТ"", ""model"": ""ТЛТ-20"", ""source"": ""builtin"", ""voltage"": 220, ""max_temperature"": 65, ""min_temperature"": -40, ""power_per_meter"": 20}, {""brand"": ""ТЛТ"", ""model"": ""ТЛТ-25"", ""source"": ""builtin"", ""voltage"": 220, ""max_temperature"": 85, ""min_temperature"": -50, ""power_per_meter"": 25}, {""brand"": ""ТЛТ"", ""model"": ""ТЛТ-30"", ""source"": ""builtin"", ""voltage"": 220, ""max_temperature"": 85, ""min_temperature"": -50, ""power_per_meter"": 30}, {""brand"": ""ТЛТ"", ""model"": ""ТЛТ-40"", ""source"": ""builtin"", ""voltage"": 220, ""max_temperature"": 110, ""min_temperature"": -50, ""power_per_meter"": 40}, {""brand"": ""ТЛТ"", ""model"": ""ТЛТ-50"", ""source"": ""builtin"", ""voltage"": 220, ""max_temperature"": 110, ""min_temperature"": -50, ""power_per_meter"": 50}, {""brand"": ""ТЛТ"", ""model"": ""ТЛТ-60"", ""source"": ""builtin"", ""voltage"": 220, ""max_temperature"": 120, ""min_temperature"": -55, ""power_per_meter"": 60}, {""brand"": ""ТЛТ"", ""model"": ""ТЛТ-75"", ""source"": ""builtin"", ""voltage"": 220, ""max_temperature"": 120, ""min_temperature"": -55, ""power_per_meter"": 75}, {""brand"": ""ТЛТ"", ""model"": ""ТЛТ-100"", ""source"": ""builtin"", ""voltage"": 220, ""max_temperature"": 150, ""min_temperature"": -60, ""power_per_meter"": 100}], ""safety_factor"": 1.1, ""supply_voltage"": 220.0, ""ambient_temperature"": -30.0, ""process_temperature"": 40.0, ""required_power_per_meter"": 62.462}";"{""current"": 1.125, ""voltage"": 220.0, ""total_power"": 247.5, ""cable_length"": 3.3, ""selected_cable"": ""ТЛТ-75""}"
Прям. бак №4;1;self_regulating;ТЛТ-25;"{""cable_mark"": null, ""pipe_length"": 4.0, ""cable_catalog"": [{""brand"": ""ТЛТ"", ""model"": ""ТЛТ-10"", ""source"": ""builtin"", ""voltage"": 220, ""max_temperature"": 65, ""min_temperature"": -40, ""power_per_meter"": 10}, {""brand"": ""ТЛТ"", ""model"": ""ТЛТ-15"", ""source"": ""builtin"", ""voltage"": 220, ""max_temperature"": 65, ""min_temperature"": -40, ""power_per_meter"": 15}, {""brand"": ""ТЛТ"", ""model"": ""ТЛТ-20"", ""source"": ""builtin"", ""voltage"": 220, ""max_temperature"": 65, ""min_temperature"": -40, ""power_per_meter"": 20}, {""brand"": ""ТЛТ"", ""model"": ""ТЛТ-25"", ""source"": ""builtin"", ""voltage"": 220, ""max_temperature"": 85, ""min_temperature"": -50, ""power_per_meter"": 25}, {""brand"": ""ТЛТ"", ""model"": ""ТЛТ-30"", ""source"": ""builtin"", ""voltage"": 220, ""max_temperature"": 85, ""min_temperature"": -50, ""power_per_meter"": 30}, {""brand"": ""ТЛТ"", ""model"": ""ТЛТ-40"", ""source"": ""builtin"", ""voltage"": 220, ""max_temperature"": 110, ""min_temperature"": -50, ""power_per_meter"": 40}, {""brand"": ""ТЛТ"", ""model"": ""ТЛТ-50"", ""source"": ""builtin"", ""voltage"": 220, ""max_temperature"": 110, ""min_temperature"": -50, ""power_per_meter"": 50}, {""brand"": ""ТЛТ"", ""model"": ""ТЛТ-60"", ""source"": ""builtin"", ""voltage"": 220, ""max_temperature"": 120, ""min_temperature"": -55, ""power_per_meter"": 60}, {""brand"": ""ТЛТ"", ""model"": ""ТЛТ-75"", ""source"": ""builtin"", ""voltage"": 220, ""max_temperature"": 120, ""min_temperature"": -55, ""power_per_meter"": 75}, {""brand"": ""ТЛТ"", ""model"": ""ТЛТ-100"", ""source"": ""builtin"", ""voltage"": 220, ""max_temperature"": 150, ""min_temperature"": -60, ""power_per_meter"": 100}], ""safety_factor"": 1.1, ""supply_voltage"": 220.0, ""ambient_temperature"": 10.0, ""process_temperature"": 60.0, ""required_power_per_meter"": 20.886}";"{""current"": 0.5, ""voltage"": 220.0, ""total_power"": 110.0, ""cable_length"": 4.4, ""selected_cable"": ""ТЛТ-25""}"
Шар. бак №9;1;self_regulating;;{};"{""error"": ""ValueError: Не найден кабель с мощностью ≥ 108.49 Вт/м (максимум линейки — 100 Вт/м)"", ""object_name"": ""Шар. бак №9"", ""object_type"": ""tank""}"
Шар. бак №18;1;self_regulating;ТЛТ-40;"{""cable_mark"": null, ""pipe_length"": 1.0, ""cable_catalog"": [{""brand"": ""ТЛТ"", ""model"": ""ТЛТ-10"", ""source"": ""builtin"", ""voltage"": 220, ""max_temperature"": 65, ""min_temperature"": -40, ""power_per_meter"": 10}, {""brand"": ""ТЛТ"", ""model"": ""ТЛТ-15"", ""source"": ""builtin"", ""voltage"": 220, ""max_temperature"": 65, ""min_temperature"": -40, ""power_per_meter"": 15}, {""brand"": ""ТЛТ"", ""model"": ""ТЛТ-20"", ""source"": ""builtin"", ""voltage"": 220, ""max_temperature"": 65, ""min_temperature"": -40, ""power_per_meter"": 20}, {""brand"": ""ТЛТ"", ""model"": ""ТЛТ-25"", ""source"": ""builtin"", ""voltage"": 220, ""max_temperature"": 85, ""min_temperature"": -50, ""power_per_meter"": 25}, {""brand"": ""ТЛТ"", ""model"": ""ТЛТ-30"", ""source"": ""builtin"", ""voltage"": 220, ""max_temperature"": 85, ""min_temperature"": -50, ""power_per_meter"": 30}, {""brand"": ""ТЛТ"", ""model"": ""ТЛТ-40"", ""source"": ""builtin"", ""voltage"": 220, ""max_temperature"": 110, ""min_temperature"": -50, ""power_per_meter"": 40}, {""brand"": ""ТЛТ"", ""model"": ""ТЛТ-50"", ""source"": ""builtin"", ""voltage"": 220, ""max_temperature"": 110, ""min_temperature"": -50, ""power_per_meter"": 50}, {""brand"": ""ТЛТ"", ""model"": ""ТЛТ-60"", ""source"": ""builtin"", ""voltage"": 220, ""max_temperature"": 120, ""min_temperature"": -55, ""power_per_meter"": 60}, {""brand"": ""ТЛТ"", ""model"": ""ТЛТ-75"", ""source"": ""builtin"", ""voltage"": 220, ""max_temperature"": 120, ""min_temperature"": -55, ""power_per_meter"": 75}, {""brand"": ""ТЛТ"", ""model"": ""ТЛТ-100"", ""source"": ""builtin"", ""voltage"": 220, ""max_temperature"": 150, ""min_temperature"": -60, ""power_per_meter"": 100}], ""safety_factor"": 1.1, ""supply_voltage"": 220.0, ""ambient_temperature"": -10.0, ""process_temperature"": 60.0, ""required_power_per_meter"": 28.373}";"{""current"": 0.2, ""voltage"": 220.0, ""total_power"": 44.0, ""cable_length"": 1.1, ""selected_cable"": ""ТЛТ-40""}"
Прям. бак №13;1;self_regulating;;{};"{""error"": ""ValueError: Не найден кабель с мощностью ≥ 156.79 Вт/м (максимум линейки — 100 Вт/м)"", ""object_name"": ""Прям. бак №13"", ""object_type"": ""tank""}"
Шар. бак №22;1;self_regulating;ТЛТ-40;"{""cable_mark"": null, ""pipe_length"": 1.0, ""cable_catalog"": [{""brand"": ""ТЛТ"", ""model"": ""ТЛТ-10"", ""source"": ""builtin"", ""voltage"": 220, ""max_temperature"": 65, ""min_temperature"": -40, ""power_per_meter"": 10}, {""brand"": ""ТЛТ"", ""model"": ""ТЛТ-15"", ""source"": ""builtin"", ""voltage"": 220, ""max_temperature"": 65, ""min_temperature"": -40, ""power_per_meter"": 15}, {""brand"": ""ТЛТ"", ""model"": ""ТЛТ-20"", ""source"": ""builtin"", ""voltage"": 220, ""max_temperature"": 65, ""min_temperature"": -40, ""power_per_meter"": 20}, {""brand"": ""ТЛТ"", ""model"": ""ТЛТ-25"", ""source"": ""builtin"", ""voltage"": 220, ""max_temperature"": 85, ""min_temperature"": -50, ""power_per_meter"": 25}, {""brand"": ""ТЛТ"", ""model"": ""ТЛТ-30"", ""source"": ""builtin"", ""voltage"": 220, ""max_temperature"": 85, ""min_temperature"": -50, ""power_per_meter"": 30}, {""brand"": ""ТЛТ"", ""model"": ""ТЛТ-40"", ""source"": ""builtin"", ""voltage"": 220, ""max_temperature"": 110, ""min_temperature"": -50, ""power_per_meter"": 40}, {""brand"": ""ТЛТ"", ""model"": ""ТЛТ-50"", ""source"": ""builtin"", ""voltage"": 220, ""max_temperature"": 110, ""min_temperature"": -50, ""power_per_meter"": 50}, {""brand"": ""ТЛТ"", ""model"": ""ТЛТ-60"", ""source"": ""builtin"", ""voltage"": 220, ""max_temperature"": 120, ""min_temperature"": -55, ""power_per_meter"": 60}, {""brand"": ""ТЛТ"", ""model"": ""ТЛТ-75"", ""source"": ""builtin"", ""voltage"": 220, ""max_temperature"": 120, ""min_temperature"": -55, ""power_per_meter"": 75}, {""brand"": ""ТЛТ"", ""model"": ""ТЛТ-100"", ""source"": ""builtin"", ""voltage"": 220, ""max_temperature"": 150, ""min_temperature"": -60, ""power_per_meter"": 100}], ""safety_factor"": 1.1, ""supply_voltage"": 220.0, ""ambient_temperature"": -10.0, ""process_temperature"": 100.0, ""required_power_per_meter"": 33.908}";"{""current"": 0.2, ""voltage"": 220.0, ""total_power"": 44.0, ""cable_length"": 1.1, ""selected_cable"": ""ТЛТ-40""}"
Шар. бак №31;1;self_regulating;ТЛТ-100;"{""cable_mark"": null, ""pipe_length"": 1.0, ""cable_catalog"": [{""brand"": ""ТЛТ"", ""model"": ""ТЛТ-10"", ""source"": ""builtin"", ""voltage"": 220, ""max_temperature"": 65, ""min_temperature"": -40, ""power_per_meter"": 10}, {""brand"": ""ТЛТ"", ""model"": ""ТЛТ-15"", ""source"": ""builtin"", ""voltage"": 220, ""max_temperature"": 65, ""min_temperature"": -40, ""power_per_meter"": 15}, {""brand"": ""ТЛТ"", ""model"": ""ТЛТ-20"", ""source"": ""builtin"", ""voltage"": 220, ""max_temperature"": 65, ""min_temperature"": -40, ""power_per_meter"": 20}, {""brand"": ""ТЛТ"", ""model"": ""ТЛТ-25"", ""source"": ""builtin"", ""voltage"": 220, ""max_temperature"": 85, ""min_temperature"": -50, ""power_per_meter"": 25}, {""brand"": ""ТЛТ"", ""model"": ""ТЛТ-30"", ""source"": ""builtin"", ""voltage"": 220, ""max_temperature"": 85, ""min_temperature"": -50, ""power_per_meter"": 30}, {""brand"": ""ТЛТ"", ""model"": ""ТЛТ-40"", ""source"": ""builtin"", ""voltage"": 220, ""max_temperature"": 110, ""min_temperature"": -50, ""power_per_meter"": 40}, {""brand"": ""ТЛТ"", ""model"": ""ТЛТ-50"", ""source"": ""builtin"", ""voltage"": 220, ""max_temperature"": 110, ""min_temperature"": -50, ""power_per_meter"": 50}, {""brand"": ""ТЛТ"", ""model"": ""ТЛТ-60"", ""source"": ""builtin"", ""voltage"": 220, ""max_temperature"": 120, ""min_temperature"": -55, ""power_per_meter"": 60}, {""brand"": ""ТЛТ"", ""model"": ""ТЛТ-75"", ""source"": ""builtin"", ""voltage"": 220, ""max_temperature"": 120, ""min_temperature"": -55, ""power_per_meter"": 75}, {""brand"": ""ТЛТ"", ""model"": ""ТЛТ-100"", ""source"": ""builtin"", ""voltage"": 220, ""max_temperature"": 150, ""min_temperature"": -60, ""power_per_meter"": 100}], ""safety_factor"": 1.1, ""supply_voltage"": 220.0, ""ambient_temperature"": -30.0, ""process_temperature"": 40.0, ""required_power_per_meter"": 81.829}";"{""current"": 0.5, ""voltage"": 220.0, ""total_power"": 110.0, ""cable_length"": 1.1, ""selected_cable"": ""ТЛТ-100""}"
Прям. бак №40;1;self_regulating;ТЛТ-20;"{""cable_mark"": null, ""pipe_length"": 4.0, ""cable_catalog"": [{""brand"": ""ТЛТ"", ""model"": ""ТЛТ-10"", ""source"": ""builtin"", ""voltage"": 220, ""max_temperature"": 65, ""min_temperature"": -40, ""power_per_meter"": 10}, {""brand"": ""ТЛТ"", ""model"": ""ТЛТ-15"", ""source"": ""builtin"", ""voltage"": 220, ""max_temperature"": 65, ""min_temperature"": -40, ""power_per_meter"": 15}, {""brand"": ""ТЛТ"", ""model"": ""ТЛТ-20"", ""source"": ""builtin"", ""voltage"": 220, ""max_temperature"": 65, ""min_temperature"": -40, ""power_per_meter"": 20}, {""brand"": ""ТЛТ"", ""model"": ""ТЛТ-25"", ""source"": ""builtin"", ""voltage"": 220, ""max_temperature"": 85, ""min_temperature"": -50, ""power_per_meter"": 25}, {""brand"": ""ТЛТ"", ""model"": ""ТЛТ-30"", ""source"": ""builtin"", ""voltage"": 220, ""max_temperature"": 85, ""min_temperature"": -50, ""power_per_meter"": 30}, {""brand"": ""ТЛТ"", ""model"": ""ТЛТ-40"", ""source"": ""builtin"", ""voltage"": 220, ""max_temperature"": 110, ""min_temperature"": -50, ""power_per_meter"": 40}, {""brand"": ""ТЛТ"", ""model"": ""ТЛТ-50"", ""source"": ""builtin"", ""voltage"": 220, ""max_temperature"": 110, ""min_temperature"": -50, ""power_per_meter"": 50}, {""brand"": ""ТЛТ"", ""model"": ""ТЛТ-60"", ""source"": ""builtin"", ""voltage"": 220, ""max_temperature"": 120, ""min_temperature"": -55, ""power_per_meter"": 60}, {""brand"": ""ТЛТ"", ""model"": ""ТЛТ-75"", ""source"": ""builtin"", ""voltage"": 220, ""max_temperature"": 120, ""min_temperature"": -55, ""power_per_meter"": 75}, {""brand"": ""ТЛТ"", ""model"": ""ТЛТ-100"", ""source"": ""builtin"", ""voltage"": 220, ""max_temperature"": 150, ""min_temperature"": -60, ""power_per_meter"": 100}], ""safety_factor"": 1.1, ""supply_voltage"": 220.0, ""ambient_temperature"": -20.0, ""process_temperature"": 40.0, ""required_power_per_meter"": 14.875}";"{""current"": 0.4, ""voltage"": 220.0, ""total_power"": 88.0, ""cable_length"": 4.4, ""selected_cable"": ""ТЛТ-20""}"
Шар. бак №38;1;self_regulating;ТЛТ-60;"{""cable_mark"": null, ""pipe_length"": 1.0, ""cable_catalog"": [{""brand"": ""ТЛТ"", ""model"": ""ТЛТ-10"", ""source"": ""builtin"", ""voltage"": 220, ""max_temperature"": 65, ""min_temperature"": -40, ""power_per_meter"": 10}, {""brand"": ""ТЛТ"", ""model"": ""ТЛТ-15"", ""source"": ""builtin"", ""voltage"": 220, ""max_temperature"": 65, ""min_temperature"": -40, ""power_per_meter"": 15}, {""brand"": ""ТЛТ"", ""model"": ""ТЛТ-20"", ""source"": ""builtin"", ""voltage"": 220, ""max_temperature"": 65, ""min_temperature"": -40, ""power_per_meter"": 20}, {""brand"": ""ТЛТ"", ""model"": ""ТЛТ-25"", ""source"": ""builtin"", ""voltage"": 220, ""max_temperature"": 85, ""min_temperature"": -50, ""power_per_meter"": 25}, {""brand"": ""ТЛТ"", ""model"": ""ТЛТ-30"", ""source"": ""builtin"", ""voltage"": 220, ""max_temperature"": 85, ""min_temperature"": -50, ""power_per_meter"": 30}, {""brand"": ""ТЛТ"", ""model"": ""ТЛТ-40"", ""source"": ""builtin"", ""voltage"": 220, ""max_temperature"": 110, ""min_temperature"": -50, ""power_per_meter"": 40}, {""brand"": ""ТЛТ"", ""model"": ""ТЛТ-50"", ""source"": ""builtin"", ""voltage"": 220, ""max_temperature"": 110, ""min_temperature"": -50, ""power_per_meter"": 50}, {""brand"": ""ТЛТ"", ""model"": ""ТЛТ-60"", ""source"": ""builtin"", ""voltage"": 220, ""max_temperature"": 120, ""min_temperature"": -55, ""power_per_meter"": 60}, {""brand"": ""ТЛТ"", ""model"": ""ТЛТ-75"", ""source"": ""builtin"", ""voltage"": 220, ""max_temperature"": 120, ""min_temperature"": -55, ""power_per_meter"": 75}, {""brand"": ""ТЛТ"", ""model"": ""ТЛТ-100"", ""source"": ""builtin"", ""voltage"": 220, ""max_temperature"": 150, ""min_temperature"": -60, ""power_per_meter"": 100}], ""safety_factor"": 1.1, ""supply_voltage"": 220.0, ""ambient_temperature"": -10.0, ""process_temperature"": 60.0, ""required_power_per_meter"": 47.765}";"{""current"": 0.3, ""voltage"": 220.0, ""total_power"": 66.0, ""cable_length"": 1.1, ""selected_cable"": ""ТЛТ-60""}"
Труба DN108 №6;2;self_regulating;ТЛТ-60;"{""cable_mark"": null, ""pipe_length"": 82.0, ""cable_catalog"": [{""brand"": ""ТЛТ"", ""model"": ""ТЛТ-10"", ""source"": ""builtin"", ""voltage"": 220, ""max_temperature"": 65, ""min_temperature"": -40, ""power_per_meter"": 10}, {""brand"": ""ТЛТ"", ""model"": ""ТЛТ-15"", ""source"": ""builtin"", ""voltage"": 220, ""max_temperature"": 65, ""min_temperature"": -40, ""power_per_meter"": 15}, {""brand"": ""ТЛТ"", ""model"": ""ТЛТ-20"", ""source"": ""builtin"", ""voltage"": 220, ""max_temperature"": 65, ""min_temperature"": -40, ""power_per_meter"": 20}, {""brand"": ""ТЛТ"", ""model"": ""ТЛТ-25"", ""source"": ""builtin"", ""voltage"": 220, ""max_temperature"": 85, ""min_temperature"": -50, ""power_per_meter"": 25}, {""brand"": ""ТЛТ"", ""model"": ""ТЛТ-30"", ""source"": ""builtin"", ""voltage"": 220, ""max_temperature"": 85, ""min_temperature"": -50, ""power_per_meter"": 30}, {""brand"": ""ТЛТ"", ""model"": ""ТЛТ-40"", ""source"": ""builtin"", ""voltage"": 220, ""max_temperature"": 110, ""min_temperature"": -50, ""power_per_meter"": 40}, {""brand"": ""ТЛТ"", ""model"": ""ТЛТ-50"", ""source"": ""builtin"", ""voltage"": 220, ""max_temperature"": 110, ""min_temperature"": -50, ""power_per_meter"": 50}, {""brand"": ""ТЛТ"", ""model"": ""ТЛТ-60"", ""source"": ""builtin"", ""voltage"": 220, ""max_temperature"": 120, ""min_temperature"": -55, ""power_per_meter"": 60}, {""brand"": ""ТЛТ"", ""model"": ""ТЛТ-75"", ""source"": ""builtin"", ""voltage"": 220, ""max_temperature"": 120, ""min_temperature"": -55, ""power_per_meter"": 75}, {""brand"": ""ТЛТ"", ""model"": ""ТЛТ-100"", ""source"": ""builtin"", ""voltage"": 220, ""max_temperature"": 150, ""min_temperature"": -60, ""power_per_meter"": 100}], ""safety_factor"": 1.1, ""supply_voltage"": 220.0, ""ambient_temperature"": -30.0, ""process_temperature"": 100.0, ""required_power_per_meter"": 53.062}";"{""current"": 24.6, ""voltage"": 220.0, ""total_power"": 5412.0, ""cable_length"": 90.2, ""selected_cable"": ""ТЛТ-60""}"
Труба DN89 №13;2;self_regulating;ТЛТ-25;"{""cable_mark"": null, ""pipe_length"": 85.9, ""cable_catalog"": [{""brand"": ""ТЛТ"", ""model"": ""ТЛТ-10"", ""source"": ""builtin"", ""voltage"": 220, ""max_temperature"": 65, ""min_temperature"": -40, ""power_per_meter"": 10}, {""brand"": ""ТЛТ"", ""model"": ""ТЛТ-15"", ""source"": ""builtin"", ""voltage"": 220, ""max_temperature"": 65, ""min_temperature"": -40, ""power_per_meter"": 15}, {""brand"": ""ТЛТ"", ""model"": ""ТЛТ-20"", ""source"": ""builtin"", ""voltage"": 220, ""max_temperature"": 65, ""min_temperature"": -40, ""power_per_meter"": 20}, {""brand"": ""ТЛТ"", ""model"": ""ТЛТ-25"", ""source"": ""builtin"", ""voltage"": 220, ""max_temperature"": 85, ""min_temperature"": -50, ""power_per_meter"": 25}, {""brand"": ""ТЛТ"", ""model"": ""ТЛТ-30"", ""source"": ""builtin"", ""voltage"": 220, ""max_temperature"": 85, ""min_temperature"": -50, ""power_per_meter"": 30}, {""brand"": ""ТЛТ"", ""model"": ""ТЛТ-40"", ""source"": ""builtin"", ""voltage"": 220, ""max_temperature"": 110, ""min_temperature"": -50, ""power_per_meter"": 40}, {""brand"": ""ТЛТ"", ""model"": ""ТЛТ-50"", ""source"": ""builtin"", ""voltage"": 220, ""max_temperature"": 110, ""min_temperature"": -50, ""power_per_meter"": 50}, {""brand"": ""ТЛТ"", ""model"": ""ТЛТ-60"", ""source"": ""builtin"", ""voltage"": 220, ""max_temperature"": 120, ""min_temperature"": -55, ""power_per_meter"": 60}, {""brand"": ""ТЛТ"", ""model"": ""ТЛТ-75"", ""source"": ""builtin"", ""voltage"": 220, ""max_temperature"": 120, ""min_temperature"": -55, ""power_per_meter"": 75}, {""brand"": ""ТЛТ"", ""model"": ""ТЛТ-100"", ""source"": ""builtin"", ""voltage"": 220, ""max_temperature"": 150, ""min_temperature"": -60, ""power_per_meter"": 100}], ""safety_factor"": 1.1, ""supply_voltage"": 220.0, ""ambient_temperature"": 10.0, ""process_temperature"": 70.0, ""required_power_per_meter"": 12.039}";"{""current"": 10.738, ""voltage"": 220.0, ""total_power"": 2362.25, ""cable_length"": 94.49, ""selected_cable"": ""ТЛТ-25""}"
Труба DN219 №18;2;self_regulating;ТЛТ-25;"{""cable_mark"": null, ""pipe_length"": 184.2, ""cable_catalog"": [{""brand"": ""ТЛТ"", ""model"": ""ТЛТ-10"", ""source"": ""builtin"", ""voltage"": 220, ""max_temperature"": 65, ""min_temperature"": -40, ""power_per_meter"": 10}, {""brand"": ""ТЛТ"", ""model"": ""ТЛТ-15"", ""source"": ""builtin"", ""voltage"": 220, ""max_temperature"": 65, ""min_temperature"": -40, ""power_per_meter"": 15}, {""brand"": ""ТЛТ"", ""model"": ""ТЛТ-20"", ""source"": ""builtin"", ""voltage"": 220, ""max_temperature"": 65, ""min_temperature"": -40, ""power_per_meter"": 20}, {""brand"": ""ТЛТ"", ""model"": ""ТЛТ-25"", ""source"": ""builtin"", ""voltage"": 220, ""max_temperature"": 85, ""min_temperature"": -50, ""power_per_meter"": 25}, {""brand"": ""ТЛТ"", ""model"": ""ТЛТ-30"", ""source"": ""builtin"", ""voltage"": 220, ""max_temperature"": 85, ""min_temperature"": -50, ""power_per_meter"": 30}, {""brand"": ""ТЛТ"", ""model"": ""ТЛТ-40"", ""source"": ""builtin"", ""voltage"": 220, ""max_temperature"": 110, ""min_temperature"": -50, ""power_per_meter"": 40}, {""brand"": ""ТЛТ"", ""model"": ""ТЛТ-50"", ""source"": ""builtin"", ""voltage"": 220, ""max_temperature"": 110, ""min_temperature"": -50, ""power_per_meter"": 50}, {""brand"": ""ТЛТ"", ""model"": ""ТЛТ-60"", ""source"": ""builtin"", ""voltage"": 220, ""max_temperature"": 120, ""min_temperature"": -55, ""power_per_meter"": 60}, {""brand"": ""ТЛТ"", ""model"": ""ТЛТ-75"", ""source"": ""builtin"", ""voltage"": 220, ""max_temperature"": 120, ""min_temperature"": -55, ""power_per_meter"": 75}, {""brand"": ""ТЛТ"", ""model"": ""ТЛТ-100"", ""source"": ""builtin"", ""voltage"": 220, ""max_temperature"": 150, ""min_temperature"": -60, ""power_per_meter"": 100}], ""safety_factor"": 1.1, ""supply_voltage"": 220.0, ""ambient_temperature"": 5.0, ""process_temperature"": 50.0, ""required_power_per_meter"": 18.355}";"{""current"": 23.025, ""voltage"": 220.0, ""total_power"": 5065.5, ""cable_length"": 202.62, ""selected_cable"": ""ТЛТ-25""}"
Труба DN42 №1;2;self_regulating;ТЛТ-25;"{""cable_mark"": null, ""pipe_length"": 17.4, ""cable_catalog"": [{""brand"": ""ТЛТ"", ""model"": ""ТЛТ-10"", ""source"": ""builtin"", ""voltage"": 220, ""max_temperature"": 65, ""min_temperature"": -40, ""power_per_meter"": 10}, {""brand"": ""ТЛТ"", ""model"": ""ТЛТ-15"", ""source"": ""builtin"", ""voltage"": 220, ""max_temperature"": 65, ""min_temperature"": -40, ""power_per_meter"": 15}, {""brand"": ""ТЛТ"", ""model"": ""ТЛТ-20"", ""source"": ""builtin"", ""voltage"": 220, ""max_temperature"": 65, ""min_temperature"": -40, ""power_per_meter"": 20}, {""brand"": ""ТЛТ"", ""model"": ""ТЛТ-25"", ""source"": ""builtin"", ""voltage"": 220, ""max_temperature"": 85, ""min_temperature"": -50, ""power_per_meter"": 25}, {""brand"": ""ТЛТ"", ""model"": ""ТЛТ-30"", ""source"": ""builtin"", ""voltage"": 220, ""max_temperature"": 85, ""min_temperature"": -50, ""power_per_meter"": 30}, {""brand"": ""ТЛТ"", ""model"": ""ТЛТ-40"", ""source"": ""builtin"", ""voltage"": 220, ""max_temperature"": 110, ""min_temperature"": -50, ""power_per_meter"": 40}, {""brand"": ""ТЛТ"", ""model"": ""ТЛТ-50"", ""source"": ""builtin"", ""voltage"": 220, ""max_temperature"": 110, ""min_temperature"": -50, ""power_per_meter"": 50}, {""brand"": ""ТЛТ"", ""model"": ""ТЛТ-60"", ""source"": ""builtin"", ""voltage"": 220, ""max_temperature"": 120, ""min_temperature"": -55, ""power_per_meter"": 60}, {""brand"": ""ТЛТ"", ""model"": ""ТЛТ-75"", ""source"": ""builtin"", ""voltage"": 220, ""max_temperature"": 120, ""min_temperature"": -55, ""power_per_meter"": 75}, {""brand"": ""ТЛТ"", ""model"": ""ТЛТ-100"", ""source"": ""builtin"", ""voltage"": 220, ""max_temperature"": 150, ""min_temperature"": -60, ""power_per_meter"": 100}], ""safety_factor"": 1.1, ""supply_voltage"": 220.0, ""ambient_temperature"": -20.0, ""process_temperature"": 60.0, ""required_power_per_meter"": 22.625}";"{""current"": 2.175, ""voltage"": 220.0, ""total_power"": 478.5, ""cable_length"": 19.14, ""selected_cable"": ""ТЛТ-25""}"
Прям. бак №7;1;self_regulating;ТЛТ-40;"{""cable_mark"": null, ""pipe_length"": 4.0, ""cable_catalog"": [{""brand"": ""ТЛТ"", ""model"": ""ТЛТ-10"", ""source"": ""builtin"", ""voltage"": 220, ""max_temperature"": 65, ""min_temperature"": -40, ""power_per_meter"": 10}, {""brand"": ""ТЛТ"", ""model"": ""ТЛТ-15"", ""source"": ""builtin"", ""voltage"": 220, ""max_temperature"": 65, ""min_temperature"": -40, ""power_per_meter"": 15}, {""brand"": ""ТЛТ"", ""model"": ""ТЛТ-20"", ""source"": ""builtin"", ""voltage"": 220, ""max_temperature"": 65, ""min_temperature"": -40, ""power_per_meter"": 20}, {""brand"": ""ТЛТ"", ""model"": ""ТЛТ-25"", ""source"": ""builtin"", ""voltage"": 220, ""max_temperature"": 85, ""min_temperature"": -50, ""power_per_meter"": 25}, {""brand"": ""ТЛТ"", ""model"": ""ТЛТ-30"", ""source"": ""builtin"", ""voltage"": 220, ""max_temperature"": 85, ""min_temperature"": -50, ""power_per_meter"": 30}, {""brand"": ""ТЛТ"", ""model"": ""ТЛТ-40"", ""source"": ""builtin"", ""voltage"": 220, ""max_temperature"": 110, ""min_temperature"": -50, ""power_per_meter"": 40}, {""brand"": ""ТЛТ"", ""model"": ""ТЛТ-50"", ""source"": ""builtin"", ""voltage"": 220, ""max_temperature"": 110, ""min_temperature"": -50, ""power_per_meter"": 50}, {""brand"": ""ТЛТ"", ""model"": ""ТЛТ-60"", ""source"": ""builtin"", ""voltage"": 220, ""max_temperature"": 120, ""min_temperature"": -55, ""power_per_meter"": 60}, {""brand"": ""ТЛТ"", ""model"": ""ТЛТ-75"", ""source"": ""builtin"", ""voltage"": 220, ""max_temperature"": 120, ""min_temperature"": -55, ""power_per_meter"": 75}, {""brand"": ""ТЛТ"", ""model"": ""ТЛТ-100"", ""source"": ""builtin"", ""voltage"": 220, ""max_temperature"": 150, ""min_temperature"": -60, ""power_per_meter"": 100}], ""safety_factor"": 1.1, ""supply_voltage"": 220.0, ""ambient_temperature"": -20.0, ""process_temperature"": 80.0, ""required_power_per_meter"": 29.244}";"{""current"": 0.8, ""voltage"": 220.0, ""total_power"": 176.0, ""cable_length"": 4.4, ""selected_cable"": ""ТЛТ-40""}"
Прям. бак №15;1;self_regulating;ТЛТ-20;"{""cable_mark"": null, ""pipe_length"": 3.0, ""cable_catalog"": [{""brand"": ""ТЛТ"", ""model"": ""ТЛТ-10"", ""source"": ""builtin"", ""voltage"": 220, ""max_temperature"": 65, ""min_temperature"": -40, ""power_per_meter"": 10}, {""brand"": ""ТЛТ"", ""model"": ""ТЛТ-15"", ""source"": ""builtin"", ""voltage"": 220, ""max_temperature"": 65, ""min_temperature"": -40, ""power_per_meter"": 15}, {""brand"": ""ТЛТ"", ""model"": ""ТЛТ-20"", ""source"": ""builtin"", ""voltage"": 220, ""max_temperature"": 65, ""min_temperature"": -40, ""power_per_meter"": 20}, {""brand"": ""ТЛТ"", ""model"": ""ТЛТ-25"", ""source"": ""builtin"", ""voltage"": 220, ""max_temperature"": 85, ""min_temperature"": -50, ""power_per_meter"": 25}, {""brand"": ""ТЛТ"", ""model"": ""ТЛТ-30"", ""source"": ""builtin"", ""voltage"": 220, ""max_temperature"": 85, ""min_temperature"": -50, ""power_per_meter"": 30}, {""brand"": ""ТЛТ"", ""model"": ""ТЛТ-40"", ""source"": ""builtin"", ""voltage"": 220, ""max_temperature"": 110, ""min_temperature"": -50, ""power_per_meter"": 40}, {""brand"": ""ТЛТ"", ""model"": ""ТЛТ-50"", ""source"": ""builtin"", ""voltage"": 220, ""max_temperature"": 110, ""min_temperature"": -50, ""power_per_meter"": 50}, {""brand"": ""ТЛТ"", ""model"": ""ТЛТ-60"", ""source"": ""builtin"", ""voltage"": 220, ""max_temperature"": 120, ""min_temperature"": -55, ""power_per_meter"": 60}, {""brand"": ""ТЛТ"", ""model"": ""ТЛТ-75"", ""source"": ""builtin"", ""voltage"": 220, ""max_temperature"": 120, ""min_temperature"": -55, ""power_per_meter"": 75}, {""brand"": ""ТЛТ"", ""model"": ""ТЛТ-100"", ""source"": ""builtin"", ""voltage"": 220, ""max_temperature"": 150, ""min_temperature"": -60, ""power_per_meter"": 100}], ""safety_factor"": 1.1, ""supply_voltage"": 220.0, ""ambient_temperature"": 10.0, ""process_temperature"": 60.0, ""required_power_per_meter"": 15.413}";"{""current"": 0.3, ""voltage"": 220.0, ""total_power"": 66.0, ""cable_length"": 3.3, ""selected_cable"": ""ТЛТ-20""}"
Цил. бак №24;1;self_regulating;ТЛТ-50;"{""cable_mark"": null, ""pipe_length"": 6.0, ""cable_catalog"": [{""brand"": ""ТЛТ"", ""model"": ""ТЛТ-10"", ""source"": ""builtin"", ""voltage"": 220, ""max_temperature"": 65, ""min_temperature"": -40, ""power_per_meter"": 10}, {""brand"": ""ТЛТ"", ""model"": ""ТЛТ-15"", ""source"": ""builtin"", ""voltage"": 220, ""max_temperature"": 65, ""min_temperature"": -40, ""power_per_meter"": 15}, {""brand"": ""ТЛТ"", ""model"": ""ТЛТ-20"", ""source"": ""builtin"", ""voltage"": 220, ""max_temperature"": 65, ""min_temperature"": -40, ""power_per_meter"": 20}, {""brand"": ""ТЛТ"", ""model"": ""ТЛТ-25"", ""source"": ""builtin"", ""voltage"": 220, ""max_temperature"": 85, ""min_temperature"": -50, ""power_per_meter"": 25}, {""brand"": ""ТЛТ"", ""model"": ""ТЛТ-30"", ""source"": ""builtin"", ""voltage"": 220, ""max_temperature"": 85, ""min_temperature"": -50, ""power_per_meter"": 30}, {""brand"": ""ТЛТ"", ""model"": ""ТЛТ-40"", ""source"": ""builtin"", ""voltage"": 220, ""max_temperature"": 110, ""min_temperature"": -50, ""power_per_meter"": 40}, {""brand"": ""ТЛТ"", ""model"": ""ТЛТ-50"", ""source"": ""builtin"", ""voltage"": 220, ""max_temperature"": 110, ""min_temperature"": -50, ""power_per_meter"": 50}, {""brand"": ""ТЛТ"", ""model"": ""ТЛТ-60"", ""source"": ""builtin"", ""voltage"": 220, ""max_temperature"": 120, ""min_temperature"": -55, ""power_per_meter"": 60}, {""brand"": ""ТЛТ"", ""model"": ""ТЛТ-75"", ""source"": ""builtin"", ""voltage"": 220, ""max_temperature"": 120, ""min_temperature"": -55, ""power_per_meter"": 75}, {""brand"": ""ТЛТ"", ""model"": ""ТЛТ-100"", ""source"": ""builtin"", ""voltage"": 220, ""max_temperature"": 150, ""min_temperature"": -60, ""power_per_meter"": 100}], ""safety_factor"": 1.1, ""supply_voltage"": 220.0, ""ambient_temperature"": 0.0, ""process_temperature"": 100.0, ""required_power_per_meter"": 41.773}";"{""current"": 1.5, ""voltage"": 220.0, ""total_power"": 330.0, ""cable_length"": 6.6, ""selected_cable"": ""ТЛТ-50""}"
Прям. бак №19;1;self_regulating;ТЛТ-50;"{""cable_mark"": null, ""pipe_length"": 4.0, ""cable_catalog"": [{""brand"": ""ТЛТ"", ""model"": ""ТЛТ-10"", ""source"": ""builtin"", ""voltage"": 220, ""max_temperature"": 65, ""min_temperature"": -40, ""power_per_meter"": 10}, {""brand"": ""ТЛТ"", ""model"": ""ТЛТ-15"", ""source"": ""builtin"", ""voltage"": 220, ""max_temperature"": 65, ""min_temperature"": -40, ""power_per_meter"": 15}, {""brand"": ""ТЛТ"", ""model"": ""ТЛТ-20"", ""source"": ""builtin"", ""voltage"": 220, ""max_temperature"": 65, ""min_temperature"": -40, ""power_per_meter"": 20}, {""brand"": ""ТЛТ"", ""model"": ""ТЛТ-25"", ""source"": ""builtin"", ""voltage"": 220, ""max_temperature"": 85, ""min_temperature"": -50, ""power_per_meter"": 25}, {""brand"": ""ТЛТ"", ""model"": ""ТЛТ-30"", ""source"": ""builtin"", ""voltage"": 220, ""max_temperature"": 85, ""min_temperature"": -50, ""power_per_meter"": 30}, {""brand"": ""ТЛТ"", ""model"": ""ТЛТ-40"", ""source"": ""builtin"", ""voltage"": 220, ""max_temperature"": 110, ""min_temperature"": -50, ""power_per_meter"": 40}, {""brand"": ""ТЛТ"", ""model"": ""ТЛТ-50"", ""source"": ""builtin"", ""voltage"": 220, ""max_temperature"": 110, ""min_temperature"": -50, ""power_per_meter"": 50}, {""brand"": ""ТЛТ"", ""model"": ""ТЛТ-60"", ""source"": ""builtin"", ""voltage"": 220, ""max_temperature"": 120, ""min_temperature"": -55, ""power_per_meter"": 60}, {""brand"": ""ТЛТ"", ""model"": ""ТЛТ-75"", ""source"": ""builtin"", ""voltage"": 220, ""max_temperature"": 120, ""min_temperature"": -55, ""power_per_meter"": 75}, {""brand"": ""ТЛТ"", ""model"": ""ТЛТ-100"", ""source"": ""builtin"", ""voltage"": 220, ""max_temperature"": 150, ""min_temperature"": -60, ""power_per_meter"": 100}], ""safety_factor"": 1.1, ""supply_voltage"": 220.0, ""ambient_temperature"": 10.0, ""process_temperature"": 80.0, ""required_power_per_meter"": 43.086}";"{""current"": 1.0, ""voltage"": 220.0, ""total_power"": 220.0, ""cable_length"": 4.4, ""selected_cable"": ""ТЛТ-50""}"
Шар. бак №28;1;self_regulating;ТЛТ-100;"{""cable_mark"": null, ""pipe_length"": 1.0, ""cable_catalog"": [{""brand"": ""ТЛТ"", ""model"": ""ТЛТ-10"", ""source"": ""builtin"", ""voltage"": 220, ""max_temperature"": 65, ""min_temperature"": -40, ""power_per_meter"": 10}, {""brand"": ""ТЛТ"", ""model"": ""ТЛТ-15"", ""source"": ""builtin"", ""voltage"": 220, ""max_temperature"": 65, ""min_temperature"": -40, ""power_per_meter"": 15}, {""brand"": ""ТЛТ"", ""model"": ""ТЛТ-20"", ""source"": ""builtin"", ""voltage"": 220, ""max_temperature"": 65, ""min_temperature"": -40, ""power_per_meter"": 20}, {""brand"": ""ТЛТ"", ""model"": ""ТЛТ-25"", ""source"": ""builtin"", ""voltage"": 220, ""max_temperature"": 85, ""min_temperature"": -50, ""power_per_meter"": 25}, {""brand"": ""ТЛТ"", ""model"": ""ТЛТ-30"", ""source"": ""builtin"", ""voltage"": 220, ""max_temperature"": 85, ""min_temperature"": -50, ""power_per_meter"": 30}, {""brand"": ""ТЛТ"", ""model"": ""ТЛТ-40"", ""source"": ""builtin"", ""voltage"": 220, ""max_temperature"": 110, ""min_temperature"": -50, ""power_per_meter"": 40}, {""brand"": ""ТЛТ"", ""model"": ""ТЛТ-50"", ""source"": ""builtin"", ""voltage"": 220, ""max_temperature"": 110, ""min_temperature"": -50, ""power_per_meter"": 50}, {""brand"": ""ТЛТ"", ""model"": ""ТЛТ-60"", ""source"": ""builtin"", ""voltage"": 220, ""max_temperature"": 120, ""min_temperature"": -55, ""power_per_meter"": 60}, {""brand"": ""ТЛТ"", ""model"": ""ТЛТ-75"", ""source"": ""builtin"", ""voltage"": 220, ""max_temperature"": 120, ""min_temperature"": -55, ""power_per_meter"": 75}, {""brand"": ""ТЛТ"", ""model"": ""ТЛТ-100"", ""source"": ""builtin"", ""voltage"": 220, ""max_temperature"": 150, ""min_temperature"": -60, ""power_per_meter"": 100}], ""safety_factor"": 1.1, ""supply_voltage"": 220.0, ""ambient_temperature"": -30.0, ""process_temperature"": 80.0, ""required_power_per_meter"": 83.525}";"{""current"": 0.5, ""voltage"": 220.0, ""total_power"": 110.0, ""cable_length"": 1.1, ""selected_cable"": ""ТЛТ-100""}"
Шар. бак №37;1;self_regulating;ТЛТ-25;"{""cable_mark"": null, ""pipe_length"": 1.0, ""cable_catalog"": [{""brand"": ""ТЛТ"", ""model"": ""ТЛТ-10"", ""source"": ""builtin"", ""voltage"": 220, ""max_temperature"": 65, ""min_temperature"": -40, ""power_per_meter"": 10}, {""brand"": ""ТЛТ"", ""model"": ""ТЛТ-15"", ""source"": ""builtin"", ""voltage"": 220, ""max_temperature"": 65, ""min_temperature"": -40, ""power_per_meter"": 15}, {""brand"": ""ТЛТ"", ""model"": ""ТЛТ-20"", ""source"": ""builtin"", ""voltage"": 220, ""max_temperature"": 65, ""min_temperature"": -40, ""power_per_meter"": 20}, {""brand"": ""ТЛТ"", ""model"": ""ТЛТ-25"", ""source"": ""builtin"", ""voltage"": 220, ""max_temperature"": 85, ""min_temperature"": -50, ""power_per_meter"": 25}, {""brand"": ""ТЛТ"", ""model"": ""ТЛТ-30"", ""source"": ""builtin"", ""voltage"": 220, ""max_temperature"": 85, ""min_temperature"": -50, ""power_per_meter"": 30}, {""brand"": ""ТЛТ"", ""model"": ""ТЛТ-40"", ""source"": ""builtin"", ""voltage"": 220, ""max_temperature"": 110, ""min_temperature"": -50, ""power_per_meter"": 40}, {""brand"": ""ТЛТ"", ""model"": ""ТЛТ-50"", ""source"": ""builtin"", ""voltage"": 220, ""max_temperature"": 110, ""min_temperature"": -50, ""power_per_meter"": 50}, {""brand"": ""ТЛТ"", ""model"": ""ТЛТ-60"", ""source"": ""builtin"", ""voltage"": 220, ""max_temperature"": 120, ""min_temperature"": -55, ""power_per_meter"": 60}, {""brand"": ""ТЛТ"", ""model"": ""ТЛТ-75"", ""source"": ""builtin"", ""voltage"": 220, ""max_temperature"": 120, ""min_temperature"": -55, ""power_per_meter"": 75}, {""brand"": ""ТЛТ"", ""model"": ""ТЛТ-100"", ""source"": ""builtin"", ""voltage"": 220, ""max_temperature"": 150, ""min_temperature"": -60, ""power_per_meter"": 100}], ""safety_factor"": 1.1, ""supply_voltage"": 220.0, ""ambient_temperature"": -10.0, ""process_temperature"": 40.0, ""required_power_per_meter"": 21.66}";"{""current"": 0.125, ""voltage"": 220.0, ""total_power"": 27.5, ""cable_length"": 1.1, ""selected_cable"": ""ТЛТ-25""}"
Прям. бак №36;1;self_regulating;;{};"{""error"": ""ValueError: Не найден кабель с мощностью ≥ 115.91 Вт/м (максимум линейки — 100 Вт/м)"", ""object_name"": ""Прям. бак №36"", ""object_type"": ""tank""}"
Труба DN76 №12;2;self_regulating;ТЛТ-40;"{""cable_mark"": null, ""pipe_length"": 336.7, ""cable_catalog"": [{""brand"": ""ТЛТ"", ""model"": ""ТЛТ-10"", ""source"": ""builtin"", ""voltage"": 220, ""max_temperature"": 65, ""min_temperature"": -40, ""power_per_meter"": 10}, {""brand"": ""ТЛТ"", ""model"": ""ТЛТ-15"", ""source"": ""builtin"", ""voltage"": 220, ""max_temperature"": 65, ""min_temperature"": -40, ""power_per_meter"": 15}, {""brand"": ""ТЛТ"", ""model"": ""ТЛТ-20"", ""source"": ""builtin"", ""voltage"": 220, ""max_temperature"": 65, ""min_temperature"": -40, ""power_per_meter"": 20}, {""brand"": ""ТЛТ"", ""model"": ""ТЛТ-25"", ""source"": ""builtin"", ""voltage"": 220, ""max_temperature"": 85, ""min_temperature"": -50, ""power_per_meter"": 25}, {""brand"": ""ТЛТ"", ""model"": ""ТЛТ-30"", ""source"": ""builtin"", ""voltage"": 220, ""max_temperature"": 85, ""min_temperature"": -50, ""power_per_meter"": 30}, {""brand"": ""ТЛТ"", ""model"": ""ТЛТ-40"", ""source"": ""builtin"", ""voltage"": 220, ""max_temperature"": 110, ""min_temperature"": -50, ""power_per_meter"": 40}, {""brand"": ""ТЛТ"", ""model"": ""ТЛТ-50"", ""source"": ""builtin"", ""voltage"": 220, ""max_temperature"": 110, ""min_temperature"": -50, ""power_per_meter"": 50}, {""brand"": ""ТЛТ"", ""model"": ""ТЛТ-60"", ""source"": ""builtin"", ""voltage"": 220, ""max_temperature"": 120, ""min_temperature"": -55, ""power_per_meter"": 60}, {""brand"": ""ТЛТ"", ""model"": ""ТЛТ-75"", ""source"": ""builtin"", ""voltage"": 220, ""max_temperature"": 120, ""min_temperature"": -55, ""power_per_meter"": 75}, {""brand"": ""ТЛТ"", ""model"": ""ТЛТ-100"", ""source"": ""builtin"", ""voltage"": 220, ""max_temperature"": 150, ""min_temperature"": -60, ""power_per_meter"": 100}], ""safety_factor"": 1.1, ""supply_voltage"": 220.0, ""ambient_temperature"": -30.0, ""process_temperature"": 60.0, ""required_power_per_meter"": 27.631}";"{""current"": 67.34, ""voltage"": 220.0, ""total_power"": 14814.8, ""cable_length"": 370.37, ""selected_cable"": ""ТЛТ-40""}"
Труба DN219 №15;2;self_regulating;ТЛТ-40;"{""cable_mark"": null, ""pipe_length"": 137.5, ""cable_catalog"": [{""brand"": ""ТЛТ"", ""model"": ""ТЛТ-10"", ""source"": ""builtin"", ""voltage"": 220, ""max_temperature"": 65, ""min_temperature"": -40, ""power_per_meter"": 10}, {""brand"": ""ТЛТ"", ""model"": ""ТЛТ-15"", ""source"": ""builtin"", ""voltage"": 220, ""max_temperature"": 65, ""min_temperature"": -40, ""power_per_meter"": 15}, {""brand"": ""ТЛТ"", ""model"": ""ТЛТ-20"", ""source"": ""builtin"", ""voltage"": 220, ""max_temperature"": 65, ""min_temperature"": -40, ""power_per_meter"": 20}, {""brand"": ""ТЛТ"", ""model"": ""ТЛТ-25"", ""source"": ""builtin"", ""voltage"": 220, ""max_temperature"": 85, ""min_temperature"": -50, ""power_per_meter"": 25}, {""brand"": ""ТЛТ"", ""model"": ""ТЛТ-30"", ""source"": ""builtin"", ""voltage"": 220, ""max_temperature"": 85, ""min_temperature"": -50, ""power_per_meter"": 30}, {""brand"": ""ТЛТ"", ""model"": ""ТЛТ-40"", ""source"": ""builtin"", ""voltage"": 220, ""max_temperature"": 110, ""min_temperature"": -50, ""power_per_meter"": 40}, {""brand"": ""ТЛТ"", ""model"": ""ТЛТ-50"", ""source"": ""builtin"", ""voltage"": 220, ""max_temperature"": 110, ""min_temperature"": -50, ""power_per_meter"": 50}, {""brand"": ""ТЛТ"", ""model"": ""ТЛТ-60"", ""source"": ""builtin"", ""voltage"": 220, ""max_temperature"": 120, ""min_temperature"": -55, ""power_per_meter"": 60}, {""brand"": ""ТЛТ"", ""model"": ""ТЛТ-75"", ""source"": ""builtin"", ""voltage"": 220, ""max_temperature"": 120, ""min_temperature"": -55, ""power_per_meter"": 75}, {""brand"": ""ТЛТ"", ""model"": ""ТЛТ-100"", ""source"": ""builtin"", ""voltage"": 220, ""max_temperature"": 150, ""min_temperature"": -60, ""power_per_meter"": 100}], ""safety_factor"": 1.1, ""supply_voltage"": 220.0, ""ambient_temperature"": -10.0, ""process_temperature"": 70.0, ""required_power_per_meter"": 32.632}";"{""current"": 27.5, ""voltage"": 220.0, ""total_power"": 6050.0, ""cable_length"": 151.25, ""selected_cable"": ""ТЛТ-40""}"
Труба DN89 №31;2;self_regulating;ТЛТ-75;"{""cable_mark"": null, ""pipe_length"": 296.3, ""cable_catalog"": [{""brand"": ""ТЛТ"", ""model"": ""ТЛТ-10"", ""source"": ""builtin"", ""voltage"": 220, ""max_temperature"": 65, ""min_temperature"": -40, ""power_per_meter"": 10}, {""brand"": ""ТЛТ"", ""model"": ""ТЛТ-15"", ""source"": ""builtin"", ""voltage"": 220, ""max_temperature"": 65, ""min_temperature"": -40, ""power_per_meter"": 15}, {""brand"": ""ТЛТ"", ""model"": ""ТЛТ-20"", ""source"": ""builtin"", ""voltage"": 220, ""max_temperature"": 65, ""min_temperature"": -40, ""power_per_meter"": 20}, {""brand"": ""ТЛТ"", ""model"": ""ТЛТ-25"", ""source"": ""builtin"", ""voltage"": 220, ""max_temperature"": 85, ""min_temperature"": -50, ""power_per_meter"": 25}, {""brand"": ""ТЛТ"", ""model"": ""ТЛТ-30"", ""source"": ""builtin"", ""voltage"": 220, ""max_temperature"": 85, ""min_temperature"": -50, ""power_per_meter"": 30}, {""brand"": ""ТЛТ"", ""model"": ""ТЛТ-40"", ""source"": ""builtin"", ""voltage"": 220, ""max_temperature"": 110, ""min_temperature"": -50, ""power_per_meter"": 40}, {""brand"": ""ТЛТ"", ""model"": ""ТЛТ-50"", ""source"": ""builtin"", ""voltage"": 220, ""max_temperature"": 110, ""min_temperature"": -50, ""power_per_meter"": 50}, {""brand"": ""ТЛТ"", ""model"": ""ТЛТ-60"", ""source"": ""builtin"", ""voltage"": 220, ""max_temperature"": 120, ""min_temperature"": -55, ""power_per_meter"": 60}, {""brand"": ""ТЛТ"", ""model"": ""ТЛТ-75"", ""source"": ""builtin"", ""voltage"": 220, ""max_temperature"": 120, ""min_temperature"": -55, ""power_per_meter"": 75}, {""brand"": ""ТЛТ"", ""model"": ""ТЛТ-100"", ""source"": ""builtin"", ""voltage"": 220, ""max_temperature"": 150, ""min_temperature"": -60, ""power_per_meter"": 100}], ""safety_factor"": 1.1, ""supply_voltage"": 220.0, ""ambient_temperature"": -40.0, ""process_temperature"": 70.0, ""required_power_per_meter"": 54.816}";"{""current"": 111.113, ""voltage"": 220.0, ""total_power"": 24444.75, ""cable_length"": 325.93, ""selected_cable"": ""ТЛТ-75""}"
Труба DN114 №10;2;self_regulating;ТЛТ-50;"{""cable_mark"": null, ""pipe_length"": 492.7, ""cable_catalog"": [{""brand"": ""ТЛТ"", ""model"": ""ТЛТ-10"", ""source"": ""builtin"", ""voltage"": 220, ""max_temperature"": 65, ""min_temperature"": -40, ""power_per_meter"": 10}, {""brand"": ""ТЛТ"", ""model"": ""ТЛТ-15"", ""source"": ""builtin"", ""voltage"": 220, ""max_temperature"": 65, ""min_temperature"": -40, ""power_per_meter"": 15}, {""brand"": ""ТЛТ"", ""model"": ""ТЛТ-20"", ""source"": ""builtin"", ""voltage"": 220, ""max_temperature"": 65, ""min_temperature"": -40, ""power_per_meter"": 20}, {""brand"": ""ТЛТ"", ""model"": ""ТЛТ-25"", ""source"": ""builtin"", ""voltage"": 220, ""max_temperature"": 85, ""min_temperature"": -50, ""power_per_meter"": 25}, {""brand"": ""ТЛТ"", ""model"": ""ТЛТ-30"", ""source"": ""builtin"", ""voltage"": 220, ""max_temperature"": 85, ""min_temperature"": -50, ""power_per_meter"": 30}, {""brand"": ""ТЛТ"", ""model"": ""ТЛТ-40"", ""source"": ""builtin"", ""voltage"": 220, ""max_temperature"": 110, ""min_temperature"": -50, ""power_per_meter"": 40}, {""brand"": ""ТЛТ"", ""model"": ""ТЛТ-50"", ""source"": ""builtin"", ""voltage"": 220, ""max_temperature"": 110, ""min_temperature"": -50, ""power_per_meter"": 50}, {""brand"": ""ТЛТ"", ""model"": ""ТЛТ-60"", ""source"": ""builtin"", ""voltage"": 220, ""max_temperature"": 120, ""min_temperature"": -55, ""power_per_meter"": 60}, {""brand"": ""ТЛТ"", ""model"": ""ТЛТ-75"", ""source"": ""builtin"", ""voltage"": 220, ""max_temperature"": 120, ""min_temperature"": -55, ""power_per_meter"": 75}, {""brand"": ""ТЛТ"", ""model"": ""ТЛТ-100"", ""source"": ""builtin"", ""voltage"": 220, ""max_temperature"": 150, ""min_temperature"": -60, ""power_per_meter"": 100}], ""safety_factor"": 1.1, ""supply_voltage"": 220.0, ""ambient_temperature"": 0.0, ""process_temperature"": 80.0, ""required_power_per_meter"": 39.569}";"{""current"": 123.175, ""voltage"": 220.0, ""total_power"": 27098.5, ""cable_length"": 541.97, ""selected_cable"": ""ТЛТ-50""}"
Шар. бак №12;1;self_regulating;ТЛТ-10;"{""cable_mark"": null, ""pipe_length"": 1.0, ""cable_catalog"": [{""brand"": ""ТЛТ"", ""model"": ""ТЛТ-10"", ""source"": ""builtin"", ""voltage"": 220, ""max_temperature"": 65, ""min_temperature"": -40, ""power_per_meter"": 10}, {""brand"": ""ТЛТ"", ""model"": ""ТЛТ-15"", ""source"": ""builtin"", ""voltage"": 220, ""max_temperature"": 65, ""min_temperature"": -40, ""power_per_meter"": 15}, {""brand"": ""ТЛТ"", ""model"": ""ТЛТ-20"", ""source"": ""builtin"", ""voltage"": 220, ""max_temperature"": 65, ""min_temperature"": -40, ""power_per_meter"": 20}, {""brand"": ""ТЛТ"", ""model"": ""ТЛТ-25"", ""source"": ""builtin"", ""voltage"": 220, ""max_temperature"": 85, ""min_temperature"": -50, ""power_per_meter"": 25}, {""brand"": ""ТЛТ"", ""model"": ""ТЛТ-30"", ""source"": ""builtin"", ""voltage"": 220, ""max_temperature"": 85, ""min_temperature"": -50, ""power_per_meter"": 30}, {""brand"": ""ТЛТ"", ""model"": ""ТЛТ-40"", ""source"": ""builtin"", ""voltage"": 220, ""max_temperature"": 110, ""min_temperature"": -50, ""power_per_meter"": 40}, {""brand"": ""ТЛТ"", ""model"": ""ТЛТ-50"", ""source"": ""builtin"", ""voltage"": 220, ""max_temperature"": 110, ""min_temperature"": -50, ""power_per_meter"": 50}, {""brand"": ""ТЛТ"", ""model"": ""ТЛТ-60"", ""source"": ""builtin"", ""voltage"": 220, ""max_temperature"": 120, ""min_temperature"": -55, ""power_per_meter"": 60}, {""brand"": ""ТЛТ"", ""model"": ""ТЛТ-75"", ""source"": ""builtin"", ""voltage"": 220, ""max_temperature"": 120, ""min_temperature"": -55, ""power_per_meter"": 75}, {""brand"": ""ТЛТ"", ""model"": ""ТЛТ-100"", ""source"": ""builtin"", ""voltage"": 220, ""max_temperature"": 150, ""min_temperature"": -60, ""power_per_meter"": 100}], ""safety_factor"": 1.1, ""supply_voltage"": 220.0, ""ambient_temperature"": 10.0, ""process_temperature"": 60.0, ""required_power_per_meter"": 6.917}";"{""current"": 0.05, ""voltage"": 220.0, ""total_power"": 11.0, ""cable_length"": 1.1, ""selected_cable"": ""ТЛТ-10""}"
Шар. бак №21;1;self_regulating;ТЛТ-40;"{""cable_mark"": null, ""pipe_length"": 1.0, ""cable_catalog"": [{""brand"": ""ТЛТ"", ""model"": ""ТЛТ-10"", ""source"": ""builtin"", ""voltage"": 220, ""max_temperature"": 65, ""min_temperature"": -40, ""power_per_meter"": 10}, {""brand"": ""ТЛТ"", ""model"": ""ТЛТ-15"", ""source"": ""builtin"", ""voltage"": 220, ""max_temperature"": 65, ""min_temperature"": -40, ""power_per_meter"": 15}, {""brand"": ""ТЛТ"", ""model"": ""ТЛТ-20"", ""source"": ""builtin"", ""voltage"": 220, ""max_temperature"": 65, ""min_temperature"": -40, ""power_per_meter"": 20}, {""brand"": ""ТЛТ"", ""model"": ""ТЛТ-25"", ""source"": ""builtin"", ""voltage"": 220, ""max_temperature"": 85, ""min_temperature"": -50, ""power_per_meter"": 25}, {""brand"": ""ТЛТ"", ""model"": ""ТЛТ-30"", ""source"": ""builtin"", ""voltage"": 220, ""max_temperature"": 85, ""min_temperature"": -50, ""power_per_meter"": 30}, {""brand"": ""ТЛТ"", ""model"": ""ТЛТ-40"", ""source"": ""builtin"", ""voltage"": 220, ""max_temperature"": 110, ""min_temperature"": -50, ""power_per_meter"": 40}, {""brand"": ""ТЛТ"", ""model"": ""ТЛТ-50"", ""source"": ""builtin"", ""voltage"": 220, ""max_temperature"": 110, ""min_temperature"": -50, ""power_per_meter"": 50}, {""brand"": ""ТЛТ"", ""model"": ""ТЛТ-60"", ""source"": ""builtin"", ""voltage"": 220, ""max_temperature"": 120, ""min_temperature"": -55, ""power_per_meter"": 60}, {""brand"": ""ТЛТ"", ""model"": ""ТЛТ-75"", ""source"": ""builtin"", ""voltage"": 220, ""max_temperature"": 120, ""min_temperature"": -55, ""power_per_meter"": 75}, {""brand"": ""ТЛТ"", ""model"": ""ТЛТ-100"", ""source"": ""builtin"", ""voltage"": 220, ""max_temperature"": 150, ""min_temperature"": -60, ""power_per_meter"": 100}], ""safety_factor"": 1.1, ""supply_voltage"": 220.0, ""ambient_temperature"": -10.0, ""process_temperature"": 100.0, ""required_power_per_meter"": 32.168}";"{""current"": 0.2, ""voltage"": 220.0, ""total_power"": 44.0, ""cable_length"": 1.1, ""selected_cable"": ""ТЛТ-40""}"
Шар. бак №16;1;self_regulating;ТЛТ-40;"{""cable_mark"": null, ""pipe_length"": 1.0, ""cable_catalog"": [{""brand"": ""ТЛТ"", ""model"": ""ТЛТ-10"", ""source"": ""builtin"", ""voltage"": 220, ""max_temperature"": 65, ""min_temperature"": -40, ""power_per_meter"": 10}, {""brand"": ""ТЛТ"", ""model"": ""ТЛТ-15"", ""source"": ""builtin"", ""voltage"": 220, ""max_temperature"": 65, ""min_temperature"": -40, ""power_per_meter"": 15}, {""brand"": ""ТЛТ"", ""model"": ""ТЛТ-20"", ""source"": ""builtin"", ""voltage"": 220, ""max_temperature"": 65, ""min_temperature"": -40, ""power_per_meter"": 20}, {""brand"": ""ТЛТ"", ""model"": ""ТЛТ-25"", ""source"": ""builtin"", ""voltage"": 220, ""max_temperature"": 85, ""min_temperature"": -50, ""power_per_meter"": 25}, {""brand"": ""ТЛТ"", ""model"": ""ТЛТ-30"", ""source"": ""builtin"", ""voltage"": 220, ""max_temperature"": 85, ""min_temperature"": -50, ""power_per_meter"": 30}, {""brand"": ""ТЛТ"", ""model"": ""ТЛТ-40"", ""source"": ""builtin"", ""voltage"": 220, ""max_temperature"": 110, ""min_temperature"": -50, ""power_per_meter"": 40}, {""brand"": ""ТЛТ"", ""model"": ""ТЛТ-50"", ""source"": ""builtin"", ""voltage"": 220, ""max_temperature"": 110, ""min_temperature"": -50, ""power_per_meter"": 50}, {""brand"": ""ТЛТ"", ""model"": ""ТЛТ-60"", ""source"": ""builtin"", ""voltage"": 220, ""max_temperature"": 120, ""min_temperature"": -55, ""power_per_meter"": 60}, {""brand"": ""ТЛТ"", ""model"": ""ТЛТ-75"", ""source"": ""builtin"", ""voltage"": 220, ""max_temperature"": 120, ""min_temperature"": -55, ""power_per_meter"": 75}, {""brand"": ""ТЛТ"", ""model"": ""ТЛТ-100"", ""source"": ""builtin"", ""voltage"": 220, ""max_temperature"": 150, ""min_temperature"": -60, ""power_per_meter"": 100}], ""safety_factor"": 1.1, ""supply_voltage"": 220.0, ""ambient_temperature"": -20.0, ""process_temperature"": 80.0, ""required_power_per_meter"": 29.244}";"{""current"": 0.2, ""voltage"": 220.0, ""total_power"": 44.0, ""cable_length"": 1.1, ""selected_cable"": ""ТЛТ-40""}"
Цил. бак №25;1;self_regulating;ТЛТ-25;"{""cable_mark"": null, ""pipe_length"": 6.0, ""cable_catalog"": [{""brand"": ""ТЛТ"", ""model"": ""ТЛТ-10"", ""source"": ""builtin"", ""voltage"": 220, ""max_temperature"": 65, ""min_temperature"": -40, ""power_per_meter"": 10}, {""brand"": ""ТЛТ"", ""model"": ""ТЛТ-15"", ""source"": ""builtin"", ""voltage"": 220, ""max_temperature"": 65, ""min_temperature"": -40, ""power_per_meter"": 15}, {""brand"": ""ТЛТ"", ""model"": ""ТЛТ-20"", ""source"": ""builtin"", ""voltage"": 220, ""max_temperature"": 65, ""min_temperature"": -40, ""power_per_meter"": 20}, {""brand"": ""ТЛТ"", ""model"": ""ТЛТ-25"", ""source"": ""builtin"", ""voltage"": 220, ""max_temperature"": 85, ""min_temperature"": -50, ""power_per_meter"": 25}, {""brand"": ""ТЛТ"", ""model"": ""ТЛТ-30"", ""source"": ""builtin"", ""voltage"": 220, ""max_temperature"": 85, ""min_temperature"": -50, ""power_per_meter"": 30}, {""brand"": ""ТЛТ"", ""model"": ""ТЛТ-40"", ""source"": ""builtin"", ""voltage"": 220, ""max_temperature"": 110, ""min_temperature"": -50, ""power_per_meter"": 40}, {""brand"": ""ТЛТ"", ""model"": ""ТЛТ-50"", ""source"": ""builtin"", ""voltage"": 220, ""max_temperature"": 110, ""min_temperature"": -50, ""power_per_meter"": 50}, {""brand"": ""ТЛТ"", ""model"": ""ТЛТ-60"", ""source"": ""builtin"", ""voltage"": 220, ""max_temperature"": 120, ""min_temperature"": -55, ""power_per_meter"": 60}, {""brand"": ""ТЛТ"", ""model"": ""ТЛТ-75"", ""source"": ""builtin"", ""voltage"": 220, ""max_temperature"": 120, ""min_temperature"": -55, ""power_per_meter"": 75}, {""brand"": ""ТЛТ"", ""model"": ""ТЛТ-100"", ""source"": ""builtin"", ""voltage"": 220, ""max_temperature"": 150, ""min_temperature"": -60, ""power_per_meter"": 100}], ""safety_factor"": 1.1, ""supply_voltage"": 220.0, ""ambient_temperature"": -10.0, ""process_temperature"": 60.0, ""required_power_per_meter"": 20.471}";"{""current"": 0.75, ""voltage"": 220.0, ""total_power"": 165.0, ""cable_length"": 6.6, ""selected_cable"": ""ТЛТ-25""}"
Цил. бак №34;1;self_regulating;ТЛТ-60;"{""cable_mark"": null, ""pipe_length"": 6.0, ""cable_catalog"": [{""brand"": ""ТЛТ"", ""model"": ""ТЛТ-10"", ""source"": ""builtin"", ""voltage"": 220, ""max_temperature"": 65, ""min_temperature"": -40, ""power_per_meter"": 10}, {""brand"": ""ТЛТ"", ""model"": ""ТЛТ-15"", ""source"": ""builtin"", ""voltage"": 220, ""max_temperature"": 65, ""min_temperature"": -40, ""power_per_meter"": 15}, {""brand"": ""ТЛТ"", ""model"": ""ТЛТ-20"", ""source"": ""builtin"", ""voltage"": 220, ""max_temperature"": 65, ""min_temperature"": -40, ""power_per_meter"": 20}, {""brand"": ""ТЛТ"", ""model"": ""ТЛТ-25"", ""source"": ""builtin"", ""voltage"": 220, ""max_temperature"": 85, ""min_temperature"": -50, ""power_per_meter"": 25}, {""brand"": ""ТЛТ"", ""model"": ""ТЛТ-30"", ""source"": ""builtin"", ""voltage"": 220, ""max_temperature"": 85, ""min_temperature"": -50, ""power_per_meter"": 30}, {""brand"": ""ТЛТ"", ""model"": ""ТЛТ-40"", ""source"": ""builtin"", ""voltage"": 220, ""max_temperature"": 110, ""min_temperature"": -50, ""power_per_meter"": 40}, {""brand"": ""ТЛТ"", ""model"": ""ТЛТ-50"", ""source"": ""builtin"", ""voltage"": 220, ""max_temperature"": 110, ""min_temperature"": -50, ""power_per_meter"": 50}, {""brand"": ""ТЛТ"", ""model"": ""ТЛТ-60"", ""source"": ""builtin"", ""voltage"": 220, ""max_temperature"": 120, ""min_temperature"": -55, ""power_per_meter"": 60}, {""brand"": ""ТЛТ"", ""model"": ""ТЛТ-75"", ""source"": ""builtin"", ""voltage"": 220, ""max_temperature"": 120, ""min_temperature"": -55, ""power_per_meter"": 75}, {""brand"": ""ТЛТ"", ""model"": ""ТЛТ-100"", ""source"": ""builtin"", ""voltage"": 220, ""max_temperature"": 150, ""min_temperature"": -60, ""power_per_meter"": 100}], ""safety_factor"": 1.1, ""supply_voltage"": 220.0, ""ambient_temperature"": -10.0, ""process_temperature"": 100.0, ""required_power_per_meter"": 49.348}";"{""current"": 1.8, ""voltage"": 220.0, ""total_power"": 396.0, ""cable_length"": 6.6, ""selected_cable"": ""ТЛТ-60""}"
Шар. бак №35;1;self_regulating;ТЛТ-100;"{""cable_mark"": null, ""pipe_length"": 1.0, ""cable_catalog"": [{""brand"": ""ТЛТ"", ""model"": ""ТЛТ-10"", ""source"": ""builtin"", ""voltage"": 220, ""max_temperature"": 65, ""min_temperature"": -40, ""power_per_meter"": 10}, {""brand"": ""ТЛТ"", ""model"": ""ТЛТ-15"", ""source"": ""builtin"", ""voltage"": 220, ""max_temperature"": 65, ""min_temperature"": -40, ""power_per_meter"": 15}, {""brand"": ""ТЛТ"", ""model"": ""ТЛТ-20"", ""source"": ""builtin"", ""voltage"": 220, ""max_temperature"": 65, ""min_temperature"": -40, ""power_per_meter"": 20}, {""brand"": ""ТЛТ"", ""model"": ""ТЛТ-25"", ""source"": ""builtin"", ""voltage"": 220, ""max_temperature"": 85, ""min_temperature"": -50, ""power_per_meter"": 25}, {""brand"": ""ТЛТ"", ""model"": ""ТЛТ-30"", ""source"": ""builtin"", ""voltage"": 220, ""max_temperature"": 85, ""min_temperature"": -50, ""power_per_meter"": 30}, {""brand"": ""ТЛТ"", ""model"": ""ТЛТ-40"", ""source"": ""builtin"", ""voltage"": 220, ""max_temperature"": 110, ""min_temperature"": -50, ""power_per_meter"": 40}, {""brand"": ""ТЛТ"", ""model"": ""ТЛТ-50"", ""source"": ""builtin"", ""voltage"": 220, ""max_temperature"": 110, ""min_temperature"": -50, ""power_per_meter"": 50}, {""brand"": ""ТЛТ"", ""model"": ""ТЛТ-60"", ""source"": ""builtin"", ""voltage"": 220, ""max_temperature"": 120, ""min_temperature"": -55, ""power_per_meter"": 60}, {""brand"": ""ТЛТ"", ""model"": ""ТЛТ-75"", ""source"": ""builtin"", ""voltage"": 220, ""max_temperature"": 120, ""min_temperature"": -55, ""power_per_meter"": 75}, {""brand"": ""ТЛТ"", ""model"": ""ТЛТ-100"", ""source"": ""builtin"", ""voltage"": 220, ""max_temperature"": 150, ""min_temperature"": -60, ""power_per_meter"": 100}], ""safety_factor"": 1.1, ""supply_voltage"": 220.0, ""ambient_temperature"": -30.0, ""process_temperature"": 80.0, ""required_power_per_meter"": 78.46}";"{""current"": 0.5, ""voltage"": 220.0, ""total_power"": 110.0, ""cable_length"": 1.1, ""selected_cable"": ""ТЛТ-100""}"
Прям. бак №39;1;self_regulating;ТЛТ-50;"{""cable_mark"": null, ""pipe_length"": 3.0, ""cable_catalog"": [{""brand"": ""ТЛТ"", ""model"": ""ТЛТ-10"", ""source"": ""builtin"", ""voltage"": 220, ""max_temperature"": 65, ""min_temperature"": -40, ""power_per_meter"": 10}, {""brand"": ""ТЛТ"", ""model"": ""ТЛТ-15"", ""source"": ""builtin"", ""voltage"": 220, ""max_temperature"": 65, ""min_temperature"": -40, ""power_per_meter"": 15}, {""brand"": ""ТЛТ"", ""model"": ""ТЛТ-20"", ""source"": ""builtin"", ""voltage"": 220, ""max_temperature"": 65, ""min_temperature"": -40, ""power_per_meter"": 20}, {""brand"": ""ТЛТ"", ""model"": ""ТЛТ-25"", ""source"": ""builtin"", ""voltage"": 220, ""max_temperature"": 85, ""min_temperature"": -50, ""power_per_meter"": 25}, {""brand"": ""ТЛТ"", ""model"": ""ТЛТ-30"", ""source"": ""builtin"", ""voltage"": 220, ""max_temperature"": 85, ""min_temperature"": -50, ""power_per_meter"": 30}, {""brand"": ""ТЛТ"", ""model"": ""ТЛТ-40"", ""source"": ""builtin"", ""voltage"": 220, ""max_temperature"": 110, ""min_temperature"": -50, ""power_per_meter"": 40}, {""brand"": ""ТЛТ"", ""model"": ""ТЛТ-50"", ""source"": ""builtin"", ""voltage"": 220, ""max_temperature"": 110, ""min_temperature"": -50, ""power_per_meter"": 50}, {""brand"": ""ТЛТ"", ""model"": ""ТЛТ-60"", ""source"": ""builtin"", ""voltage"": 220, ""max_temperature"": 120, ""min_temperature"": -55, ""power_per_meter"": 60}, {""brand"": ""ТЛТ"", ""model"": ""ТЛТ-75"", ""source"": ""builtin"", ""voltage"": 220, ""max_temperature"": 120, ""min_temperature"": -55, ""power_per_meter"": 75}, {""brand"": ""ТЛТ"", ""model"": ""ТЛТ-100"", ""source"": ""builtin"", ""voltage"": 220, ""max_temperature"": 150, ""min_temperature"": -60, ""power_per_meter"": 100}], ""safety_factor"": 1.1, ""supply_voltage"": 220.0, ""ambient_temperature"": -30.0, ""process_temperature"": 100.0, ""required_power_per_meter"": 44.167}";"{""current"": 0.75, ""voltage"": 220.0, ""total_power"": 165.0, ""cable_length"": 3.3, ""selected_cable"": ""ТЛТ-50""}"
Труба DN159 №9;2;self_regulating;ТЛТ-50;"{""cable_mark"": null, ""pipe_length"": 290.8, ""cable_catalog"": [{""brand"": ""ТЛТ"", ""model"": ""ТЛТ-10"", ""source"": ""builtin"", ""voltage"": 220, ""max_temperature"": 65, ""min_temperature"": -40, ""power_per_meter"": 10}, {""brand"": ""ТЛТ"", ""model"": ""ТЛТ-15"", ""source"": ""builtin"", ""voltage"": 220, ""max_temperature"": 65, ""min_temperature"": -40, ""power_per_meter"": 15}, {""brand"": ""ТЛТ"", ""model"": ""ТЛТ-20"", ""source"": ""builtin"", ""voltage"": 220, ""max_temperature"": 65, ""min_temperature"": -40, ""power_per_meter"": 20}, {""brand"": ""ТЛТ"", ""model"": ""ТЛТ-25"", ""source"": ""builtin"", ""voltage"": 220, ""max_temperature"": 85, ""min_temperature"": -50, ""power_per_meter"": 25}, {""brand"": ""ТЛТ"", ""model"": ""ТЛТ-30"", ""source"": ""builtin"", ""voltage"": 220, ""max_temperature"": 85, ""min_temperature"": -50, ""power_per_meter"": 30}, {""brand"": ""ТЛТ"", ""model"": ""ТЛТ-40"", ""source"": ""builtin"", ""voltage"": 220, ""max_temperature"": 110, ""min_temperature"": -50, ""power_per_meter"": 40}, {""brand"": ""ТЛТ"", ""model"": ""ТЛТ-50"", ""source"": ""builtin"", ""voltage"": 220, ""max_temperature"": 110, ""min_temperature"": -50, ""power_per_meter"": 50}, {""brand"": ""ТЛТ"", ""model"": ""ТЛТ-60"", ""source"": ""builtin"", ""voltage"": 220, ""max_temperature"": 120, ""min_temperature"": -55, ""power_per_meter"": 60}, {""brand"": ""ТЛТ"", ""model"": ""ТЛТ-75"", ""source"": ""builtin"", ""voltage"": 220, ""max_temperature"": 120, ""min_temperature"": -55, ""power_per_meter"": 75}, {""brand"": ""ТЛТ"", ""model"": ""ТЛТ-100"", ""source"": ""builtin"", ""voltage"": 220, ""max_temperature"": 150, ""min_temperature"": -60, ""power_per_meter"": 100}], ""safety_factor"": 1.1, ""supply_voltage"": 220.0, ""ambient_temperature"": -40.0, ""process_temperature"": 70.0, ""required_power_per_meter"": 37.202}";"{""current"": 72.7, ""voltage"": 220.0, ""total_power"": 15994.0, ""cable_length"": 319.88, ""selected_cable"": ""ТЛТ-50""}"
Труба DN21 №3;2;self_regulating;ТЛТ-60;"{""cable_mark"": null, ""pipe_length"": 51.4, ""cable_catalog"": [{""brand"": ""ТЛТ"", ""model"": ""ТЛТ-10"", ""source"": ""builtin"", ""voltage"": 220, ""max_temperature"": 65, ""min_temperature"": -40, ""power_per_meter"": 10}, {""brand"": ""ТЛТ"", ""model"": ""ТЛТ-15"", ""source"": ""builtin"", ""voltage"": 220, ""max_temperature"": 65, ""min_temperature"": -40, ""power_per_meter"": 15}, {""brand"": ""ТЛТ"", ""model"": ""ТЛТ-20"", ""source"": ""builtin"", ""voltage"": 220, ""max_temperature"": 65, ""min_temperature"": -40, ""power_per_meter"": 20}, {""brand"": ""ТЛТ"", ""model"": ""ТЛТ-25"", ""source"": ""builtin"", ""voltage"": 220, ""max_temperature"": 85, ""min_temperature"": -50, ""power_per_meter"": 25}, {""brand"": ""ТЛТ"", ""model"": ""ТЛТ-30"", ""source"": ""builtin"", ""voltage"": 220, ""max_temperature"": 85, ""min_temperature"": -50, ""power_per_meter"": 30}, {""brand"": ""ТЛТ"", ""model"": ""ТЛТ-40"", ""source"": ""builtin"", ""voltage"": 220, ""max_temperature"": 110, ""min_temperature"": -50, ""power_per_meter"": 40}, {""brand"": ""ТЛТ"", ""model"": ""ТЛТ-50"", ""source"": ""builtin"", ""voltage"": 220, ""max_temperature"": 110, ""min_temperature"": -50, ""power_per_meter"": 50}, {""brand"": ""ТЛТ"", ""model"": ""ТЛТ-60"", ""source"": ""builtin"", ""voltage"": 220, ""max_temperature"": 120, ""min_temperature"": -55, ""power_per_meter"": 60}, {""brand"": ""ТЛТ"", ""model"": ""ТЛТ-75"", ""source"": ""builtin"", ""voltage"": 220, ""max_temperature"": 120, ""min_temperature"": -55, ""power_per_meter"": 75}, {""brand"": ""ТЛТ"", ""model"": ""ТЛТ-100"", ""source"": ""builtin"", ""voltage"": 220, ""max_temperature"": 150, ""min_temperature"": -60, ""power_per_meter"": 100}], ""safety_factor"": 1.1, ""supply_voltage"": 220.0, ""ambient_temperature"": -40.0, ""process_temperature"": 120.0, ""required_power_per_meter"": 13.142}";"{""current"": 15.42, ""voltage"": 220.0, ""total_power"": 3392.4, ""cable_length"": 56.54, ""selected_cable"": ""ТЛТ-60""}"
Труба DN21 №21;2;self_regulating;ТЛТ-25;"{""cable_mark"": null, ""pipe_length"": 341.7, ""cable_catalog"": [{""brand"": ""ТЛТ"", ""model"": ""ТЛТ-10"", ""source"": ""builtin"", ""voltage"": 220, ""max_temperature"": 65, ""min_temperature"": -40, ""power_per_meter"": 10}, {""brand"": ""ТЛТ"", ""model"": ""ТЛТ-15"", ""source"": ""builtin"", ""voltage"": 220, ""max_temperature"": 65, ""min_temperature"": -40, ""power_per_meter"": 15}, {""brand"": ""ТЛТ"", ""model"": ""ТЛТ-20"", ""source"": ""builtin"", ""voltage"": 220, ""max_temperature"": 65, ""min_temperature"": -40, ""power_per_meter"": 20}, {""brand"": ""ТЛТ"", ""model"": ""ТЛТ-25"", ""source"": ""builtin"", ""voltage"": 220, ""max_temperature"": 85, ""min_temperature"": -50, ""power_per_meter"": 25}, {""brand"": ""ТЛТ"", ""model"": ""ТЛТ-30"", ""source"": ""builtin"", ""voltage"": 220, ""max_temperature"": 85, ""min_temperature"": -50, ""power_per_meter"": 30}, {""brand"": ""ТЛТ"", ""model"": ""ТЛТ-40"", ""source"": ""builtin"", ""voltage"": 220, ""max_temperature"": 110, ""min_temperature"": -50, ""power_per_meter"": 40}, {""brand"": ""ТЛТ"", ""model"": ""ТЛТ-50"", ""source"": ""builtin"", ""voltage"": 220, ""max_temperature"": 110, ""min_temperature"": -50, ""power_per_meter"": 50}, {""brand"": ""ТЛТ"", ""model"": ""ТЛТ-60"", ""source"": ""builtin"", ""voltage"": 220, ""max_temperature"": 120, ""min_temperature"": -55, ""power_per_meter"": 60}, {""brand"": ""ТЛТ"", ""model"": ""ТЛТ-75"", ""source"": ""builtin"", ""voltage"": 220, ""max_temperature"": 120, ""min_temperature"": -55, ""power_per_meter"": 75}, {""brand"": ""ТЛТ"", ""model"": ""ТЛТ-100"", ""source"": ""builtin"", ""voltage"": 220, ""max_temperature"": 150, ""min_temperature"": -60, ""power_per_meter"": 100}], ""safety_factor"": 1.1, ""supply_voltage"": 220.0, ""ambient_temperature"": 10.0, ""process_temperature"": 80.0, ""required_power_per_meter"": 19.209}";"{""current"": 42.712, ""voltage"": 220.0, ""total_power"": 9396.75, ""cable_length"": 375.87, ""selected_cable"": ""ТЛТ-25""}"
Труба DN76 №4;2;self_regulating;ТЛТ-25;"{""cable_mark"": null, ""pipe_length"": 359.4, ""cable_catalog"": [{""brand"": ""ТЛТ"", ""model"": ""ТЛТ-10"", ""source"": ""builtin"", ""voltage"": 220, ""max_temperature"": 65, ""min_temperature"": -40, ""power_per_meter"": 10}, {""brand"": ""ТЛТ"", ""model"": ""ТЛТ-15"", ""source"": ""builtin"", ""voltage"": 220, ""max_temperature"": 65, ""min_temperature"": -40, ""power_per_meter"": 15}, {""brand"": ""ТЛТ"", ""model"": ""ТЛТ-20"", ""source"": ""builtin"", ""voltage"": 220, ""max_temperature"": 65, ""min_temperature"": -40, ""power_per_meter"": 20}, {""brand"": ""ТЛТ"", ""model"": ""ТЛТ-25"", ""source"": ""builtin"", ""voltage"": 220, ""max_temperature"": 85, ""min_temperature"": -50, ""power_per_meter"": 25}, {""brand"": ""ТЛТ"", ""model"": ""ТЛТ-30"", ""source"": ""builtin"", ""voltage"": 220, ""max_temperature"": 85, ""min_temperature"": -50, ""power_per_meter"": 30}, {""brand"": ""ТЛТ"", ""model"": ""ТЛТ-40"", ""source"": ""builtin"", ""voltage"": 220, ""max_temperature"": 110, ""min_temperature"": -50, ""power_per_meter"": 40}, {""brand"": ""ТЛТ"", ""model"": ""ТЛТ-50"", ""source"": ""builtin"", ""voltage"": 220, ""max_temperature"": 110, ""min_temperature"": -50, ""power_per_meter"": 50}, {""brand"": ""ТЛТ"", ""model"": ""ТЛТ-60"", ""source"": ""builtin"", ""voltage"": 220, ""max_temperature"": 120, ""min_temperature"": -55, ""power_per_meter"": 60}, {""brand"": ""ТЛТ"", ""model"": ""ТЛТ-75"", ""source"": ""builtin"", ""voltage"": 220, ""max_temperature"": 120, ""min_temperature"": -55, ""power_per_meter"": 75}, {""brand"": ""ТЛТ"", ""model"": ""ТЛТ-100"", ""source"": ""builtin"", ""voltage"": 220, ""max_temperature"": 150, ""min_temperature"": -60, ""power_per_meter"": 100}], ""safety_factor"": 1.1, ""supply_voltage"": 220.0, ""ambient_temperature"": 0.0, ""process_temperature"": 70.0, ""required_power_per_meter"": 7.09}";"{""current"": 44.925, ""voltage"": 220.0, ""total_power"": 9883.5, ""cable_length"": 395.34, ""selected_cable"": ""ТЛТ-25""}"
Труба DN42 №7;2;self_regulating;ТЛТ-10;"{""cable_mark"": null, ""pipe_length"": 182.7, ""cable_catalog"": [{""brand"": ""ТЛТ"", ""model"": ""ТЛТ-10"", ""source"": ""builtin"", ""voltage"": 220, ""max_temperature"": 65, ""min_temperature"": -40, ""power_per_meter"": 10}, {""brand"": ""ТЛТ"", ""model"": ""ТЛТ-15"", ""source"": ""builtin"", ""voltage"": 220, ""max_temperature"": 65, ""min_temperature"": -40, ""power_per_meter"": 15}, {""brand"": ""ТЛТ"", ""model"": ""ТЛТ-20"", ""source"": ""builtin"", ""voltage"": 220, ""max_temperature"": 65, ""min_temperature"": -40, ""power_per_meter"": 20}, {""brand"": ""ТЛТ"", ""model"": ""ТЛТ-25"", ""source"": ""builtin"", ""voltage"": 220, ""max_temperature"": 85, ""min_temperature"": -50, ""power_per_meter"": 25}, {""brand"": ""ТЛТ"", ""model"": ""ТЛТ-30"", ""source"": ""builtin"", ""voltage"": 220, ""max_temperature"": 85, ""min_temperature"": -50, ""power_per_meter"": 30}, {""brand"": ""ТЛТ"", ""model"": ""ТЛТ-40"", ""source"": ""builtin"", ""voltage"": 220, ""max_temperature"": 110, ""min_temperature"": -50, ""power_per_meter"": 40}, {""brand"": ""ТЛТ"", ""model"": ""ТЛТ-50"", ""source"": ""builtin"", ""voltage"": 220, ""max_temperature"": 110, ""min_temperature"": -50, ""power_per_meter"": 50}, {""brand"": ""ТЛТ"", ""model"": ""ТЛТ-60"", ""source"": ""builtin"", ""voltage"": 220, ""max_temperature"": 120, ""min_temperature"": -55, ""power_per_meter"": 60}, {""brand"": ""ТЛТ"", ""model"": ""ТЛТ-75"", ""source"": ""builtin"", ""voltage"": 220, ""max_temperature"": 120, ""min_temperature"": -55, ""power_per_meter"": 75}, {""brand"": ""ТЛТ"", ""model"": ""ТЛТ-100"", ""source"": ""builtin"", ""voltage"": 220, ""max_temperature"": 150, ""min_temperature"": -60, ""power_per_meter"": 100}], ""safety_factor"": 1.1, ""supply_voltage"": 220.0, ""ambient_temperature"": -15.0, ""process_temperature"": 40.0, ""required_power_per_meter"": 5.835}";"{""current"": 9.135, ""voltage"": 220.0, ""total_power"": 2009.7, ""cable_length"": 200.97, ""selected_cable"": ""ТЛТ-10""}"
Труба DN27 №19;2;self_regulating;ТЛТ-40;"{""cable_mark"": null, ""pipe_length"": 431.2, ""cable_catalog"": [{""brand"": ""ТЛТ"", ""model"": ""ТЛТ-10"", ""source"": ""builtin"", ""voltage"": 220, ""max_temperature"": 65, ""min_temperature"": -40, ""power_per_meter"": 10}, {""brand"": ""ТЛТ"", ""model"": ""ТЛТ-15"", ""source"": ""builtin"", ""voltage"": 220, ""max_temperature"": 65, ""min_temperature"": -40, ""power_per_meter"": 15}, {""brand"": ""ТЛТ"", ""model"": ""ТЛТ-20"", ""source"": ""builtin"", ""voltage"": 220, ""max_temperature"": 65, ""min_temperature"": -40, ""power_per_meter"": 20}, {""brand"": ""ТЛТ"", ""model"": ""ТЛТ-25"", ""source"": ""builtin"", ""voltage"": 220, ""max_temperature"": 85, ""min_temperature"": -50, ""power_per_meter"": 25}, {""brand"": ""ТЛТ"", ""model"": ""ТЛТ-30"", ""source"": ""builtin"", ""voltage"": 220, ""max_temperature"": 85, ""min_temperature"": -50, ""power_per_meter"": 30}, {""brand"": ""ТЛТ"", ""model"": ""ТЛТ-40"", ""source"": ""builtin"", ""voltage"": 220, ""max_temperature"": 110, ""min_temperature"": -50, ""power_per_meter"": 40}, {""brand"": ""ТЛТ"", ""model"": ""ТЛТ-50"", ""source"": ""builtin"", ""voltage"": 220, ""max_temperature"": 110, ""min_temperature"": -50, ""power_per_meter"": 50}, {""brand"": ""ТЛТ"", ""model"": ""ТЛТ-60"", ""source"": ""builtin"", ""voltage"": 220, ""max_temperature"": 120, ""min_temperature"": -55, ""power_per_meter"": 60}, {""brand"": ""ТЛТ"", ""model"": ""ТЛТ-75"", ""source"": ""builtin"", ""voltage"": 220, ""max_temperature"": 120, ""min_temperature"": -55, ""power_per_meter"": 75}, {""brand"": ""ТЛТ"", ""model"": ""ТЛТ-100"", ""source"": ""builtin"", ""voltage"": 220, ""max_temperature"": 150, ""min_temperature"": -60, ""power_per_meter"": 100}], ""safety_factor"": 1.1, ""supply_voltage"": 220.0, ""ambient_temperature"": -25.0, ""process_temperature"": 100.0, ""required_power_per_meter"": 34.454}";"{""current"": 86.24, ""voltage"": 220.0, ""total_power"": 18972.8, ""cable_length"": 474.32, ""selected_cable"": ""ТЛТ-40""}"
Труба DN108 №23;2;self_regulating;ТЛТ-30;"{""cable_mark"": null, ""pipe_length"": 486.1, ""cable_catalog"": [{""brand"": ""ТЛТ"", ""model"": ""ТЛТ-10"", ""source"": ""builtin"", ""voltage"": 220, ""max_temperature"": 65, ""min_temperature"": -40, ""power_per_meter"": 10}, {""brand"": ""ТЛТ"", ""model"": ""ТЛТ-15"", ""source"": ""builtin"", ""voltage"": 220, ""max_temperature"": 65, ""min_temperature"": -40, ""power_per_meter"": 15}, {""brand"": ""ТЛТ"", ""model"": ""ТЛТ-20"", ""source"": ""builtin"", ""voltage"": 220, ""max_temperature"": 65, ""min_temperature"": -40, ""power_per_meter"": 20}, {""brand"": ""ТЛТ"", ""model"": ""ТЛТ-25"", ""source"": ""builtin"", ""voltage"": 220, ""max_temperature"": 85, ""min_temperature"": -50, ""power_per_meter"": 25}, {""brand"": ""ТЛТ"", ""model"": ""ТЛТ-30"", ""source"": ""builtin"", ""voltage"": 220, ""max_temperature"": 85, ""min_temperature"": -50, ""power_per_meter"": 30}, {""brand"": ""ТЛТ"", ""model"": ""ТЛТ-40"", ""source"": ""builtin"", ""voltage"": 220, ""max_temperature"": 110, ""min_temperature"": -50, ""power_per_meter"": 40}, {""brand"": ""ТЛТ"", ""model"": ""ТЛТ-50"", ""source"": ""builtin"", ""voltage"": 220, ""max_temperature"": 110, ""min_temperature"": -50, ""power_per_meter"": 50}, {""brand"": ""ТЛТ"", ""model"": ""ТЛТ-60"", ""source"": ""builtin"", ""voltage"": 220, ""max_temperature"": 120, ""min_temperature"": -55, ""power_per_meter"": 60}, {""brand"": ""ТЛТ"", ""model"": ""ТЛТ-75"", ""source"": ""builtin"", ""voltage"": 220, ""max_temperature"": 120, ""min_temperature"": -55, ""power_per_meter"": 75}, {""brand"": ""ТЛТ"", ""model"": ""ТЛТ-100"", ""source"": ""builtin"", ""voltage"": 220, ""max_temperature"": 150, ""min_temperature"": -60, ""power_per_meter"": 100}], ""safety_factor"": 1.1, ""supply_voltage"": 220.0, ""ambient_temperature"": -30.0, ""process_temperature"": 80.0, ""required_power_per_meter"": 25.305}";"{""current"": 72.915, ""voltage"": 220.0, ""total_power"": 16041.3, ""cable_length"": 534.71, ""selected_cable"": ""ТЛТ-30""}"
Труба DN57 №28;2;self_regulating;ТЛТ-60;"{""cable_mark"": null, ""pipe_length"": 136.2, ""cable_catalog"": [{""brand"": ""ТЛТ"", ""model"": ""ТЛТ-10"", ""source"": ""builtin"", ""voltage"": 220, ""max_temperature"": 65, ""min_temperature"": -40, ""power_per_meter"": 10}, {""brand"": ""ТЛТ"", ""model"": ""ТЛТ-15"", ""source"": ""builtin"", ""voltage"": 220, ""max_temperature"": 65, ""min_temperature"": -40, ""power_per_meter"": 15}, {""brand"": ""ТЛТ"", ""model"": ""ТЛТ-20"", ""source"": ""builtin"", ""voltage"": 220, ""max_temperature"": 65, ""min_temperature"": -40, ""power_per_meter"": 20}, {""brand"": ""ТЛТ"", ""model"": ""ТЛТ-25"", ""source"": ""builtin"", ""voltage"": 220, ""max_temperature"": 85, ""min_temperature"": -50, ""power_per_meter"": 25}, {""brand"": ""ТЛТ"", ""model"": ""ТЛТ-30"", ""source"": ""builtin"", ""voltage"": 220, ""max_temperature"": 85, ""min_temperature"": -50, ""power_per_meter"": 30}, {""brand"": ""ТЛТ"", ""model"": ""ТЛТ-40"", ""source"": ""builtin"", ""voltage"": 220, ""max_temperature"": 110, ""min_temperature"": -50, ""power_per_meter"": 40}, {""brand"": ""ТЛТ"", ""model"": ""ТЛТ-50"", ""source"": ""builtin"", ""voltage"": 220, ""max_temperature"": 110, ""min_temperature"": -50, ""power_per_meter"": 50}, {""brand"": ""ТЛТ"", ""model"": ""ТЛТ-60"", ""source"": ""builtin"", ""voltage"": 220, ""max_temperature"": 120, ""min_temperature"": -55, ""power_per_meter"": 60}, {""brand"": ""ТЛТ"", ""model"": ""ТЛТ-75"", ""source"": ""builtin"", ""voltage"": 220, ""max_temperature"": 120, ""min_temperature"": -55, ""power_per_meter"": 75}, {""brand"": ""ТЛТ"", ""model"": ""ТЛТ-100"", ""source"": ""builtin"", ""voltage"": 220, ""max_temperature"": 150, ""min_temperature"": -60, ""power_per_meter"": 100}], ""safety_factor"": 1.1, ""supply_voltage"": 220.0, ""ambient_temperature"": -20.0, ""process_temperature"": 120.0, ""required_power_per_meter"": 24.452}";"{""current"": 40.86, ""voltage"": 220.0, ""total_power"": 8989.2, ""cable_length"": 149.82, ""selected_cable"": ""ТЛТ-60""}"
Труба DN76 №29;2;self_regulating;ТЛТ-60;"{""cable_mark"": null, ""pipe_length"": 357.9, ""cable_catalog"": [{""brand"": ""ТЛТ"", ""model"": ""ТЛТ-10"", ""source"": ""builtin"", ""voltage"": 220, ""max_temperature"": 65, ""min_temperature"": -40, ""power_per_meter"": 10}, {""brand"": ""ТЛТ"", ""model"": ""ТЛТ-15"", ""source"": ""builtin"", ""voltage"": 220, ""max_temperature"": 65, ""min_temperature"": -40, ""power_per_meter"": 15}, {""brand"": ""ТЛТ"", ""model"": ""ТЛТ-20"", ""source"": ""builtin"", ""voltage"": 220, ""max_temperature"": 65, ""min_temperature"": -40, ""power_per_meter"": 20}, {""brand"": ""ТЛТ"", ""model"": ""ТЛТ-25"", ""source"": ""builtin"", ""voltage"": 220, ""max_temperature"": 85, ""min_temperature"": -50, ""power_per_meter"": 25}, {""brand"": ""ТЛТ"", ""model"": ""ТЛТ-30"", ""source"": ""builtin"", ""voltage"": 220, ""max_temperature"": 85, ""min_temperature"": -50, ""power_per_meter"": 30}, {""brand"": ""ТЛТ"", ""model"": ""ТЛТ-40"", ""source"": ""builtin"", ""voltage"": 220, ""max_temperature"": 110, ""min_temperature"": -50, ""power_per_meter"": 40}, {""brand"": ""ТЛТ"", ""model"": ""ТЛТ-50"", ""source"": ""builtin"", ""voltage"": 220, ""max_temperature"": 110, ""min_temperature"": -50, ""power_per_meter"": 50}, {""brand"": ""ТЛТ"", ""model"": ""ТЛТ-60"", ""source"": ""builtin"", ""voltage"": 220, ""max_temperature"": 120, ""min_temperature"": -55, ""power_per_meter"": 60}, {""brand"": ""ТЛТ"", ""model"": ""ТЛТ-75"", ""source"": ""builtin"", ""voltage"": 220, ""max_temperature"": 120, ""min_temperature"": -55, ""power_per_meter"": 75}, {""brand"": ""ТЛТ"", ""model"": ""ТЛТ-100"", ""source"": ""builtin"", ""voltage"": 220, ""max_temperature"": 150, ""min_temperature"": -60, ""power_per_meter"": 100}], ""safety_factor"": 1.1, ""supply_voltage"": 220.0, ""ambient_temperature"": -10.0, ""process_temperature"": 110.0, ""required_power_per_meter"": 48.786}";"{""current"": 107.37, ""voltage"": 220.0, ""total_power"": 23621.4, ""cable_length"": 393.69, ""selected_cable"": ""ТЛТ-60""}"
Труба DN273 №35;2;self_regulating;ТЛТ-75;"{""cable_mark"": null, ""pipe_length"": 180.4, ""cable_catalog"": [{""brand"": ""ТЛТ"", ""model"": ""ТЛТ-10"", ""source"": ""builtin"", ""voltage"": 220, ""max_temperature"": 65, ""min_temperature"": -40, ""power_per_meter"": 10}, {""brand"": ""ТЛТ"", ""model"": ""ТЛТ-15"", ""source"": ""builtin"", ""voltage"": 220, ""max_temperature"": 65, ""min_temperature"": -40, ""power_per_meter"": 15}, {""brand"": ""ТЛТ"", ""model"": ""ТЛТ-20"", ""source"": ""builtin"", ""voltage"": 220, ""max_temperature"": 65, ""min_temperature"": -40, ""power_per_meter"": 20}, {""brand"": ""ТЛТ"", ""model"": ""ТЛТ-25"", ""source"": ""builtin"", ""voltage"": 220, ""max_temperature"": 85, ""min_temperature"": -50, ""power_per_meter"": 25}, {""brand"": ""ТЛТ"", ""model"": ""ТЛТ-30"", ""source"": ""builtin"", ""voltage"": 220, ""max_temperature"": 85, ""min_temperature"": -50, ""power_per_meter"": 30}, {""brand"": ""ТЛТ"", ""model"": ""ТЛТ-40"", ""source"": ""builtin"", ""voltage"": 220, ""max_temperature"": 110, ""min_temperature"": -50, ""power_per_meter"": 40}, {""brand"": ""ТЛТ"", ""model"": ""ТЛТ-50"", ""source"": ""builtin"", ""voltage"": 220, ""max_temperature"": 110, ""min_temperature"": -50, ""power_per_meter"": 50}, {""brand"": ""ТЛТ"", ""model"": ""ТЛТ-60"", ""source"": ""builtin"", ""voltage"": 220, ""max_temperature"": 120, ""min_temperature"": -55, ""power_per_meter"": 60}, {""brand"": ""ТЛТ"", ""model"": ""ТЛТ-75"", ""source"": ""builtin"", ""voltage"": 220, ""max_temperature"": 120, ""min_temperature"": -55, ""power_per_meter"": 75}, {""brand"": ""ТЛТ"", ""model"": ""ТЛТ-100"", ""source"": ""builtin"", ""voltage"": 220, ""max_temperature"": 150, ""min_temperature"": -60, ""power_per_meter"": 100}], ""safety_factor"": 1.1, ""supply_voltage"": 220.0, ""ambient_temperature"": -40.0, ""process_temperature"": 50.0, ""required_power_per_meter"": 56.399}";"{""current"": 67.65, ""voltage"": 220.0, ""total_power"": 14883.0, ""cable_length"": 198.44, ""selected_cable"": ""ТЛТ-75""}"
Труба DN76 №51;2;self_regulating;ТЛТ-30;"{""cable_mark"": null, ""pipe_length"": 255.4, ""cable_catalog"": [{""brand"": ""ТЛТ"", ""model"": ""ТЛТ-10"", ""source"": ""builtin"", ""voltage"": 220, ""max_temperature"": 65, ""min_temperature"": -40, ""power_per_meter"": 10}, {""brand"": ""ТЛТ"", ""model"": ""ТЛТ-15"", ""source"": ""builtin"", ""voltage"": 220, ""max_temperature"": 65, ""min_temperature"": -40, ""power_per_meter"": 15}, {""brand"": ""ТЛТ"", ""model"": ""ТЛТ-20"", ""source"": ""builtin"", ""voltage"": 220, ""max_temperature"": 65, ""min_temperature"": -40, ""power_per_meter"": 20}, {""brand"": ""ТЛТ"", ""model"": ""ТЛТ-25"", ""source"": ""builtin"", ""voltage"": 220, ""max_temperature"": 85, ""min_temperature"": -50, ""power_per_meter"": 25}, {""brand"": ""ТЛТ"", ""model"": ""ТЛТ-30"", ""source"": ""builtin"", ""voltage"": 220, ""max_temperature"": 85, ""min_temperature"": -50, ""power_per_meter"": 30}, {""brand"": ""ТЛТ"", ""model"": ""ТЛТ-40"", ""source"": ""builtin"", ""voltage"": 220, ""max_temperature"": 110, ""min_temperature"": -50, ""power_per_meter"": 40}, {""brand"": ""ТЛТ"", ""model"": ""ТЛТ-50"", ""source"": ""builtin"", ""voltage"": 220, ""max_temperature"": 110, ""min_temperature"": -50, ""power_per_meter"": 50}, {""brand"": ""ТЛТ"", ""model"": ""ТЛТ-60"", ""source"": ""builtin"", ""voltage"": 220, ""max_temperature"": 120, ""min_temperature"": -55, ""power_per_meter"": 60}, {""brand"": ""ТЛТ"", ""model"": ""ТЛТ-75"", ""source"": ""builtin"", ""voltage"": 220, ""max_temperature"": 120, ""min_temperature"": -55, ""power_per_meter"": 75}, {""brand"": ""ТЛТ"", ""model"": ""ТЛТ-100"", ""source"": ""builtin"", ""voltage"": 220, ""max_temperature"": 150, ""min_temperature"": -60, ""power_per_meter"": 100}], ""safety_factor"": 1.1, ""supply_voltage"": 220.0, ""ambient_temperature"": -30.0, ""process_temperature"": 70.0, ""required_power_per_meter"": 23.455}";"{""current"": 38.31, ""voltage"": 220.0, ""total_power"": 8428.2, ""cable_length"": 280.94, ""selected_cable"": ""ТЛТ-30""}"
Труба DN76 №37;2;self_regulating;ТЛТ-40;"{""cable_mark"": null, ""pipe_length"": 270.5, ""cable_catalog"": [{""brand"": ""ТЛТ"", ""model"": ""ТЛТ-10"", ""source"": ""builtin"", ""voltage"": 220, ""max_temperature"": 65, ""min_temperature"": -40, ""power_per_meter"": 10}, {""brand"": ""ТЛТ"", ""model"": ""ТЛТ-15"", ""source"": ""builtin"", ""voltage"": 220, ""max_temperature"": 65, ""min_temperature"": -40, ""power_per_meter"": 15}, {""brand"": ""ТЛТ"", ""model"": ""ТЛТ-20"", ""source"": ""builtin"", ""voltage"": 220, ""max_temperature"": 65, ""min_temperature"": -40, ""power_per_meter"": 20}, {""brand"": ""ТЛТ"", ""model"": ""ТЛТ-25"", ""source"": ""builtin"", ""voltage"": 220, ""max_temperature"": 85, ""min_temperature"": -50, ""power_per_meter"": 25}, {""brand"": ""ТЛТ"", ""model"": ""ТЛТ-30"", ""source"": ""builtin"", ""voltage"": 220, ""max_temperature"": 85, ""min_temperature"": -50, ""power_per_meter"": 30}, {""brand"": ""ТЛТ"", ""model"": ""ТЛТ-40"", ""source"": ""builtin"", ""voltage"": 220, ""max_temperature"": 110, ""min_temperature"": -50, ""power_per_meter"": 40}, {""brand"": ""ТЛТ"", ""model"": ""ТЛТ-50"", ""source"": ""builtin"", ""voltage"": 220, ""max_temperature"": 110, ""min_temperature"": -50, ""power_per_meter"": 50}, {""brand"": ""ТЛТ"", ""model"": ""ТЛТ-60"", ""source"": ""builtin"", ""voltage"": 220, ""max_temperature"": 120, ""min_temperature"": -55, ""power_per_meter"": 60}, {""brand"": ""ТЛТ"", ""model"": ""ТЛТ-75"", ""source"": ""builtin"", ""voltage"": 220, ""max_temperature"": 120, ""min_temperature"": -55, ""power_per_meter"": 75}, {""brand"": ""ТЛТ"", ""model"": ""ТЛТ-100"", ""source"": ""builtin"", ""voltage"": 220, ""max_temperature"": 150, ""min_temperature"": -60, ""power_per_meter"": 100}], ""safety_factor"": 1.1, ""supply_voltage"": 220.0, ""ambient_temperature"": -25.0, ""process_temperature"": 80.0, ""required_power_per_meter"": 32.938}";"{""current"": 54.1, ""voltage"": 220.0, ""total_power"": 11902.0, ""cable_length"": 297.55, ""selected_cable"": ""ТЛТ-40""}"
Труба DN273 №42;2;self_regulating;ТЛТ-15;"{""cable_mark"": null, ""pipe_length"": 349.8, ""cable_catalog"": [{""brand"": ""ТЛТ"", ""model"": ""ТЛТ-10"", ""source"": ""builtin"", ""voltage"": 220, ""max_temperature"": 65, ""min_temperature"": -40, ""power_per_meter"": 10}, {""brand"": ""ТЛТ"", ""model"": ""ТЛТ-15"", ""source"": ""builtin"", ""voltage"": 220, ""max_temperature"": 65, ""min_temperature"": -40, ""power_per_meter"": 15}, {""brand"": ""ТЛТ"", ""model"": ""ТЛТ-20"", ""source"": ""builtin"", ""voltage"": 220, ""max_temperature"": 65, ""min_temperature"": -40, ""power_per_meter"": 20}, {""brand"": ""ТЛТ"", ""model"": ""ТЛТ-25"", ""source"": ""builtin"", ""voltage"": 220, ""max_temperature"": 85, ""min_temperature"": -50, ""power_per_meter"": 25}, {""brand"": ""ТЛТ"", ""model"": ""ТЛТ-30"", ""source"": ""builtin"", ""voltage"": 220, ""max_temperature"": 85, ""min_temperature"": -50, ""power_per_meter"": 30}, {""brand"": ""ТЛТ"", ""model"": ""ТЛТ-40"", ""source"": ""builtin"", ""voltage"": 220, ""max_temperature"": 110, ""min_temperature"": -50, ""power_per_meter"": 40}, {""brand"": ""ТЛТ"", ""model"": ""ТЛТ-50"", ""source"": ""builtin"", ""voltage"": 220, ""max_temperature"": 110, ""min_temperature"": -50, ""power_per_meter"": 50}, {""brand"": ""ТЛТ"", ""model"": ""ТЛТ-60"", ""source"": ""builtin"", ""voltage"": 220, ""max_temperature"": 120, ""min_temperature"": -55, ""power_per_meter"": 60}, {""brand"": ""ТЛТ"", ""model"": ""ТЛТ-75"", ""source"": ""builtin"", ""voltage"": 220, ""max_temperature"": 120, ""min_temperature"": -55, ""power_per_meter"": 75}, {""brand"": ""ТЛТ"", ""model"": ""ТЛТ-100"", ""source"": ""builtin"", ""voltage"": 220, ""max_temperature"": 150, ""min_temperature"": -60, ""power_per_meter"": 100}], ""safety_factor"": 1.1, ""supply_voltage"": 220.0, ""ambient_temperature"": 5.0, ""process_temperature"": 60.0, ""required_power_per_meter"": 13.022}";"{""current"": 26.235, ""voltage"": 220.0, ""total_power"": 5771.7, ""cable_length"": 384.78, ""selected_cable"": ""ТЛТ-15""}"
Труба DN76 №43;2;self_regulating;ТЛТ-10;"{""cable_mark"": null, ""pipe_length"": 151.9, ""cable_catalog"": [{""brand"": ""ТЛТ"", ""model"": ""ТЛТ-10"", ""source"": ""builtin"", ""voltage"": 220, ""max_temperature"": 65, ""min_temperature"": -40, ""power_per_meter"": 10}, {""brand"": ""ТЛТ"", ""model"": ""ТЛТ-15"", ""source"": ""builtin"", ""voltage"": 220, ""max_temperature"": 65, ""min_temperature"": -40, ""power_per_meter"": 15}, {""brand"": ""ТЛТ"", ""model"": ""ТЛТ-20"", ""source"": ""builtin"", ""voltage"": 220, ""max_temperature"": 65, ""min_temperature"": -40, ""power_per_meter"": 20}, {""brand"": ""ТЛТ"", ""model"": ""ТЛТ-25"", ""source"": ""builtin"", ""voltage"": 220, ""max_temperature"": 85, ""min_temperature"": -50, ""power_per_meter"": 25}, {""brand"": ""ТЛТ"", ""model"": ""ТЛТ-30"", ""source"": ""builtin"", ""voltage"": 220, ""max_temperature"": 85, ""min_temperature"": -50, ""power_per_meter"": 30}, {""brand"": ""ТЛТ"", ""model"": ""ТЛТ-40"", ""source"": ""builtin"", ""voltage"": 220, ""max_temperature"": 110, ""min_temperature"": -50, ""power_per_meter"": 40}, {""brand"": ""ТЛТ"", ""model"": ""ТЛТ-50"", ""source"": ""builtin"", ""voltage"": 220, ""max_temperature"": 110, ""min_temperature"": -50, ""power_per_meter"": 50}, {""brand"": ""ТЛТ"", ""model"": ""ТЛТ-60"", ""source"": ""builtin"", ""voltage"": 220, ""max_temperature"": 120, ""min_temperature"": -55, ""power_per_meter"": 60}, {""brand"": ""ТЛТ"", ""model"": ""ТЛТ-75"", ""source"": ""builtin"", ""voltage"": 220, ""max_temperature"": 120, ""min_temperature"": -55, ""power_per_meter"": 75}, {""brand"": ""ТЛТ"", ""model"": ""ТЛТ-100"", ""source"": ""builtin"", ""voltage"": 220, ""max_temperature"": 150, ""min_temperature"": -60, ""power_per_meter"": 100}], ""safety_factor"": 1.1, ""supply_voltage"": 220.0, ""ambient_temperature"": 10.0, ""process_temperature"": 40.0, ""required_power_per_meter"": 6.505}";"{""current"": 7.595, ""voltage"": 220.0, ""total_power"": 1670.9, ""cable_length"": 167.09, ""selected_cable"": ""ТЛТ-10""}"
Труба DN27 №47;2;self_regulating;ТЛТ-40;"{""cable_mark"": null, ""pipe_length"": 311.6, ""cable_catalog"": [{""brand"": ""ТЛТ"", ""model"": ""ТЛТ-10"", ""source"": ""builtin"", ""voltage"": 220, ""max_temperature"": 65, ""min_temperature"": -40, ""power_per_meter"": 10}, {""brand"": ""ТЛТ"", ""model"": ""ТЛТ-15"", ""source"": ""builtin"", ""voltage"": 220, ""max_temperature"": 65, ""min_temperature"": -40, ""power_per_meter"": 15}, {""brand"": ""ТЛТ"", ""model"": ""ТЛТ-20"", ""source"": ""builtin"", ""voltage"": 220, ""max_temperature"": 65, ""min_temperature"": -40, ""power_per_meter"": 20}, {""brand"": ""ТЛТ"", ""model"": ""ТЛТ-25"", ""source"": ""builtin"", ""voltage"": 220, ""max_temperature"": 85, ""min_temperature"": -50, ""power_per_meter"": 25}, {""brand"": ""ТЛТ"", ""model"": ""ТЛТ-30"", ""source"": ""builtin"", ""voltage"": 220, ""max_temperature"": 85, ""min_temperature"": -50, ""power_per_meter"": 30}, {""brand"": ""ТЛТ"", ""model"": ""ТЛТ-40"", ""source"": ""builtin"", ""voltage"": 220, ""max_temperature"": 110, ""min_temperature"": -50, ""power_per_meter"": 40}, {""brand"": ""ТЛТ"", ""model"": ""ТЛТ-50"", ""source"": ""builtin"", ""voltage"": 220, ""max_temperature"": 110, ""min_temperature"": -50, ""power_per_meter"": 50}, {""brand"": ""ТЛТ"", ""model"": ""ТЛТ-60"", ""source"": ""builtin"", ""voltage"": 220, ""max_temperature"": 120, ""min_temperature"": -55, ""power_per_meter"": 60}, {""brand"": ""ТЛТ"", ""model"": ""ТЛТ-75"", ""source"": ""builtin"", ""voltage"": 220, ""max_temperature"": 120, ""min_temperature"": -55, ""power_per_meter"": 75}, {""brand"": ""ТЛТ"", ""model"": ""ТЛТ-100"", ""source"": ""builtin"", ""voltage"": 220, ""max_temperature"": 150, ""min_temperature"": -60, ""power_per_meter"": 100}], ""safety_factor"": 1.1, ""supply_voltage"": 220.0, ""ambient_temperature"": 10.0, ""process_temperature"": 90.0, ""required_power_per_meter"": 18.45}";"{""current"": 62.32, ""voltage"": 220.0, ""total_power"": 13710.4, ""cable_length"": 342.76, ""selected_cable"": ""ТЛТ-40""}"
Труба DN325 №8;2;self_regulating;ТЛТ-75;"{""cable_mark"": null, ""pipe_length"": 270.4, ""cable_catalog"": [{""brand"": ""ТЛТ"", ""model"": ""ТЛТ-10"", ""source"": ""builtin"", ""voltage"": 220, ""max_temperature"": 65, ""min_temperature"": -40, ""power_per_meter"": 10}, {""brand"": ""ТЛТ"", ""model"": ""ТЛТ-15"", ""source"": ""builtin"", ""voltage"": 220, ""max_temperature"": 65, ""min_temperature"": -40, ""power_per_meter"": 15}, {""brand"": ""ТЛТ"", ""model"": ""ТЛТ-20"", ""source"": ""builtin"", ""voltage"": 220, ""max_temperature"": 65, ""min_temperature"": -40, ""power_per_meter"": 20}, {""brand"": ""ТЛТ"", ""model"": ""ТЛТ-25"", ""source"": ""builtin"", ""voltage"": 220, ""max_temperature"": 85, ""min_temperature"": -50, ""power_per_meter"": 25}, {""brand"": ""ТЛТ"", ""model"": ""ТЛТ-30"", ""source"": ""builtin"", ""voltage"": 220, ""max_temperature"": 85, ""min_temperature"": -50, ""power_per_meter"": 30}, {""brand"": ""ТЛТ"", ""model"": ""ТЛТ-40"", ""source"": ""builtin"", ""voltage"": 220, ""max_temperature"": 110, ""min_temperature"": -50, ""power_per_meter"": 40}, {""brand"": ""ТЛТ"", ""model"": ""ТЛТ-50"", ""source"": ""builtin"", ""voltage"": 220, ""max_temperature"": 110, ""min_temperature"": -50, ""power_per_meter"": 50}, {""brand"": ""ТЛТ"", ""model"": ""ТЛТ-60"", ""source"": ""builtin"", ""voltage"": 220, ""max_temperature"": 120, ""min_temperature"": -55, ""power_per_meter"": 60}, {""brand"": ""ТЛТ"", ""model"": ""ТЛТ-75"", ""source"": ""builtin"", ""voltage"": 220, ""max_temperature"": 120, ""min_temperature"": -55, ""power_per_meter"": 75}, {""brand"": ""ТЛТ"", ""model"": ""ТЛТ-100"", ""source"": ""builtin"", ""voltage"": 220, ""max_temperature"": 150, ""min_temperature"": -60, ""power_per_meter"": 100}], ""safety_factor"": 1.1, ""supply_voltage"": 220.0, ""ambient_temperature"": 10.0, ""process_temperature"": 80.0, ""required_power_per_meter"": 59.671}";"{""current"": 101.4, ""voltage"": 220.0, ""total_power"": 22308.0, ""cable_length"": 297.44, ""selected_cable"": ""ТЛТ-75""}"
Труба DN42 №2;2;self_regulating;ТЛТ-10;"{""cable_mark"": null, ""pipe_length"": 340.0, ""cable_catalog"": [{""brand"": ""ТЛТ"", ""model"": ""ТЛТ-10"", ""source"": ""builtin"", ""voltage"": 220, ""max_temperature"": 65, ""min_temperature"": -40, ""power_per_meter"": 10}, {""brand"": ""ТЛТ"", ""model"": ""ТЛТ-15"", ""source"": ""builtin"", ""voltage"": 220, ""max_temperature"": 65, ""min_temperature"": -40, ""power_per_meter"": 15}, {""brand"": ""ТЛТ"", ""model"": ""ТЛТ-20"", ""source"": ""builtin"", ""voltage"": 220, ""max_temperature"": 65, ""min_temperature"": -40, ""power_per_meter"": 20}, {""brand"": ""ТЛТ"", ""model"": ""ТЛТ-25"", ""source"": ""builtin"", ""voltage"": 220, ""max_temperature"": 85, ""min_temperature"": -50, ""power_per_meter"": 25}, {""brand"": ""ТЛТ"", ""model"": ""ТЛТ-30"", ""source"": ""builtin"", ""voltage"": 220, ""max_temperature"": 85, ""min_temperature"": -50, ""power_per_meter"": 30}, {""brand"": ""ТЛТ"", ""model"": ""ТЛТ-40"", ""source"": ""builtin"", ""voltage"": 220, ""max_temperature"": 110, ""min_temperature"": -50, ""power_per_meter"": 40}, {""brand"": ""ТЛТ"", ""model"": ""ТЛТ-50"", ""source"": ""builtin"", ""voltage"": 220, ""max_temperature"": 110, ""min_temperature"": -50, ""power_per_meter"": 50}, {""brand"": ""ТЛТ"", ""model"": ""ТЛТ-60"", ""source"": ""builtin"", ""voltage"": 220, ""max_temperature"": 120, ""min_temperature"": -55, ""power_per_meter"": 60}, {""brand"": ""ТЛТ"", ""model"": ""ТЛТ-75"", ""source"": ""builtin"", ""voltage"": 220, ""max_temperature"": 120, ""min_temperature"": -55, ""power_per_meter"": 75}, {""brand"": ""ТЛТ"", ""model"": ""ТЛТ-100"", ""source"": ""builtin"", ""voltage"": 220, ""max_temperature"": 150, ""min_temperature"": -60, ""power_per_meter"": 100}], ""safety_factor"": 1.1, ""supply_voltage"": 220.0, ""ambient_temperature"": 0.0, ""process_temperature"": 40.0, ""required_power_per_meter"": 7.029}";"{""current"": 17.0, ""voltage"": 220.0, ""total_power"": 3740.0, ""cable_length"": 374.0, ""selected_cable"": ""ТЛТ-10""}"
Труба DN426 №16;2;self_regulating;ТЛТ-75;"{""cable_mark"": null, ""pipe_length"": 200.8, ""cable_catalog"": [{""brand"": ""ТЛТ"", ""model"": ""ТЛТ-10"", ""source"": ""builtin"", ""voltage"": 220, ""max_temperature"": 65, ""min_temperature"": -40, ""power_per_meter"": 10}, {""brand"": ""ТЛТ"", ""model"": ""ТЛТ-15"", ""source"": ""builtin"", ""voltage"": 220, ""max_temperature"": 65, ""min_temperature"": -40, ""power_per_meter"": 15}, {""brand"": ""ТЛТ"", ""model"": ""ТЛТ-20"", ""source"": ""builtin"", ""voltage"": 220, ""max_temperature"": 65, ""min_temperature"": -40, ""power_per_meter"": 20}, {""brand"": ""ТЛТ"", ""model"": ""ТЛТ-25"", ""source"": ""builtin"", ""voltage"": 220, ""max_temperature"": 85, ""min_temperature"": -50, ""power_per_meter"": 25}, {""brand"": ""ТЛТ"", ""model"": ""ТЛТ-30"", ""source"": ""builtin"", ""voltage"": 220, ""max_temperature"": 85, ""min_temperature"": -50, ""power_per_meter"": 30}, {""brand"": ""ТЛТ"", ""model"": ""ТЛТ-40"", ""source"": ""builtin"", ""voltage"": 220, ""max_temperature"": 110, ""min_temperature"": -50, ""power_per_meter"": 40}, {""brand"": ""ТЛТ"", ""model"": ""ТЛТ-50"", ""source"": ""builtin"", ""voltage"": 220, ""max_temperature"": 110, ""min_temperature"": -50, ""power_per_meter"": 50}, {""brand"": ""ТЛТ"", ""model"": ""ТЛТ-60"", ""source"": ""builtin"", ""voltage"": 220, ""max_temperature"": 120, ""min_temperature"": -55, ""power_per_meter"": 60}, {""brand"": ""ТЛТ"", ""model"": ""ТЛТ-75"", ""source"": ""builtin"", ""voltage"": 220, ""max_temperature"": 120, ""min_temperature"": -55, ""power_per_meter"": 75}, {""brand"": ""ТЛТ"", ""model"": ""ТЛТ-100"", ""source"": ""builtin"", ""voltage"": 220, ""max_temperature"": 150, ""min_temperature"": -60, ""power_per_meter"": 100}], ""safety_factor"": 1.1, ""supply_voltage"": 220.0, ""ambient_temperature"": -25.0, ""process_temperature"": 80.0, ""required_power_per_meter"": 63.408}";"{""current"": 75.3, ""voltage"": 220.0, ""total_power"": 16566.0, ""cable_length"": 220.88, ""selected_cable"": ""ТЛТ-75""}"
Труба DN34 №20;2;self_regulating;ТЛТ-25;"{""cable_mark"": null, ""pipe_length"": 195.5, ""cable_catalog"": [{""brand"": ""ТЛТ"", ""model"": ""ТЛТ-10"", ""source"": ""builtin"", ""voltage"": 220, ""max_temperature"": 65, ""min_temperature"": -40, ""power_per_meter"": 10}, {""brand"": ""ТЛТ"", ""model"": ""ТЛТ-15"", ""source"": ""builtin"", ""voltage"": 220, ""max_temperature"": 65, ""min_temperature"": -40, ""power_per_meter"": 15}, {""brand"": ""ТЛТ"", ""model"": ""ТЛТ-20"", ""source"": ""builtin"", ""voltage"": 220, ""max_temperature"": 65, ""min_temperature"": -40, ""power_per_meter"": 20}, {""brand"": ""ТЛТ"", ""model"": ""ТЛТ-25"", ""source"": ""builtin"", ""voltage"": 220, ""max_temperature"": 85, ""min_temperature"": -50, ""power_per_meter"": 25}, {""brand"": ""ТЛТ"", ""model"": ""ТЛТ-30"", ""source"": ""builtin"", ""voltage"": 220, ""max_temperature"": 85, ""min_temperature"": -50, ""power_per_meter"": 30}, {""brand"": ""ТЛТ"", ""model"": ""ТЛТ-40"", ""source"": ""builtin"", ""voltage"": 220, ""max_temperature"": 110, ""min_temperature"": -50, ""power_per_meter"": 40}, {""brand"": ""ТЛТ"", ""model"": ""ТЛТ-50"", ""source"": ""builtin"", ""voltage"": 220, ""max_temperature"": 110, ""min_temperature"": -50, ""power_per_meter"": 50}, {""brand"": ""ТЛТ"", ""model"": ""ТЛТ-60"", ""source"": ""builtin"", ""voltage"": 220, ""max_temperature"": 120, ""min_temperature"": -55, ""power_per_meter"": 60}, {""brand"": ""ТЛТ"", ""model"": ""ТЛТ-75"", ""source"": ""builtin"", ""voltage"": 220, ""max_temperature"": 120, ""min_temperature"": -55, ""power_per_meter"": 75}, {""brand"": ""ТЛТ"", ""model"": ""ТЛТ-100"", ""source"": ""builtin"", ""voltage"": 220, ""max_temperature"": 150, ""min_temperature"": -60, ""power_per_meter"": 100}], ""safety_factor"": 1.1, ""supply_voltage"": 220.0, ""ambient_temperature"": 10.0, ""process_temperature"": 80.0, ""required_power_per_meter"": 9.414}";"{""current"": 24.438, ""voltage"": 220.0, ""total_power"": 5376.25, ""cable_length"": 215.05, ""selected_cable"": ""ТЛТ-25""}"
Труба DN133 №25;2;self_regulating;ТЛТ-50;"{""cable_mark"": null, ""pipe_length"": 246.9, ""cable_catalog"": [{""brand"": ""ТЛТ"", ""model"": ""ТЛТ-10"", ""source"": ""builtin"", ""voltage"": 220, ""max_temperature"": 65, ""min_temperature"": -40, ""power_per_meter"": 10}, {""brand"": ""ТЛТ"", ""model"": ""ТЛТ-15"", ""source"": ""builtin"", ""voltage"": 220, ""max_temperature"": 65, ""min_temperature"": -40, ""power_per_meter"": 15}, {""brand"": ""ТЛТ"", ""model"": ""ТЛТ-20"", ""source"": ""builtin"", ""voltage"": 220, ""max_temperature"": 65, ""min_temperature"": -40, ""power_per_meter"": 20}, {""brand"": ""ТЛТ"", ""model"": ""ТЛТ-25"", ""source"": ""builtin"", ""voltage"": 220, ""max_temperature"": 85, ""min_temperature"": -50, ""power_per_meter"": 25}, {""brand"": ""ТЛТ"", ""model"": ""ТЛТ-30"", ""source"": ""builtin"", ""voltage"": 220, ""max_temperature"": 85, ""min_temperature"": -50, ""power_per_meter"": 30}, {""brand"": ""ТЛТ"", ""model"": ""ТЛТ-40"", ""source"": ""builtin"", ""voltage"": 220, ""max_temperature"": 110, ""min_temperature"": -50, ""power_per_meter"": 40}, {""brand"": ""ТЛТ"", ""model"": ""ТЛТ-50"", ""source"": ""builtin"", ""voltage"": 220, ""max_temperature"": 110, ""min_temperature"": -50, ""power_per_meter"": 50}, {""brand"": ""ТЛТ"", ""model"": ""ТЛТ-60"", ""source"": ""builtin"", ""voltage"": 220, ""max_temperature"": 120, ""min_temperature"": -55, ""power_per_meter"": 60}, {""brand"": ""ТЛТ"", ""model"": ""ТЛТ-75"", ""source"": ""builtin"", ""voltage"": 220, ""max_temperature"": 120, ""min_temperature"": -55, ""power_per_meter"": 75}, {""brand"": ""ТЛТ"", ""model"": ""ТЛТ-100"", ""source"": ""builtin"", ""voltage"": 220, ""max_temperature"": 150, ""min_temperature"": -60, ""power_per_meter"": 100}], ""safety_factor"": 1.1, ""supply_voltage"": 220.0, ""ambient_temperature"": -15.0, ""process_temperature"": 70.0, ""required_power_per_meter"": 37.634}";"{""current"": 61.725, ""voltage"": 220.0, ""total_power"": 13579.5, ""cable_length"": 271.59, ""selected_cable"": ""ТЛТ-50""}"
Труба DN57 №41;2;self_regulating;ТЛТ-25;"{""cable_mark"": null, ""pipe_length"": 192.6, ""cable_catalog"": [{""brand"": ""ТЛТ"", ""model"": ""ТЛТ-10"", ""source"": ""builtin"", ""voltage"": 220, ""max_temperature"": 65, ""min_temperature"": -40, ""power_per_meter"": 10}, {""brand"": ""ТЛТ"", ""model"": ""ТЛТ-15"", ""source"": ""builtin"", ""voltage"": 220, ""max_temperature"": 65, ""min_temperature"": -40, ""power_per_meter"": 15}, {""brand"": ""ТЛТ"", ""model"": ""ТЛТ-20"", ""source"": ""builtin"", ""voltage"": 220, ""max_temperature"": 65, ""min_temperature"": -40, ""power_per_meter"": 20}, {""brand"": ""ТЛТ"", ""model"": ""ТЛТ-25"", ""source"": ""builtin"", ""voltage"": 220, ""max_temperature"": 85, ""min_temperature"": -50, ""power_per_meter"": 25}, {""brand"": ""ТЛТ"", ""model"": ""ТЛТ-30"", ""source"": ""builtin"", ""voltage"": 220, ""max_temperature"": 85, ""min_temperature"": -50, ""power_per_meter"": 30}, {""brand"": ""ТЛТ"", ""model"": ""ТЛТ-40"", ""source"": ""builtin"", ""voltage"": 220, ""max_temperature"": 110, ""min_temperature"": -50, ""power_per_meter"": 40}, {""brand"": ""ТЛТ"", ""model"": ""ТЛТ-50"", ""source"": ""builtin"", ""voltage"": 220, ""max_temperature"": 110, ""min_temperature"": -50, ""power_per_meter"": 50}, {""brand"": ""ТЛТ"", ""model"": ""ТЛТ-60"", ""source"": ""builtin"", ""voltage"": 220, ""max_temperature"": 120, ""min_temperature"": -55, ""power_per_meter"": 60}, {""brand"": ""ТЛТ"", ""model"": ""ТЛТ-75"", ""source"": ""builtin"", ""voltage"": 220, ""max_temperature"": 120, ""min_temperature"": -55, ""power_per_meter"": 75}, {""brand"": ""ТЛТ"", ""model"": ""ТЛТ-100"", ""source"": ""builtin"", ""voltage"": 220, ""max_temperature"": 150, ""min_temperature"": -60, ""power_per_meter"": 100}], ""safety_factor"": 1.1, ""supply_voltage"": 220.0, ""ambient_temperature"": 5.0, ""process_temperature"": 80.0, ""required_power_per_meter"": 11.371}";"{""current"": 24.075, ""voltage"": 220.0, ""total_power"": 5296.5, ""cable_length"": 211.86, ""selected_cable"": ""ТЛТ-25""}"
Труба DN325 №30;2;self_regulating;ТЛТ-75;"{""cable_mark"": null, ""pipe_length"": 64.9, ""cable_catalog"": [{""brand"": ""ТЛТ"", ""model"": ""ТЛТ-10"", ""source"": ""builtin"", ""voltage"": 220, ""max_temperature"": 65, ""min_temperature"": -40, ""power_per_meter"": 10}, {""brand"": ""ТЛТ"", ""model"": ""ТЛТ-15"", ""source"": ""builtin"", ""voltage"": 220, ""max_temperature"": 65, ""min_temperature"": -40, ""power_per_meter"": 15}, {""brand"": ""ТЛТ"", ""model"": ""ТЛТ-20"", ""source"": ""builtin"", ""voltage"": 220, ""max_temperature"": 65, ""min_temperature"": -40, ""power_per_meter"": 20}, {""brand"": ""ТЛТ"", ""model"": ""ТЛТ-25"", ""source"": ""builtin"", ""voltage"": 220, ""max_temperature"": 85, ""min_temperature"": -50, ""power_per_meter"": 25}, {""brand"": ""ТЛТ"", ""model"": ""ТЛТ-30"", ""source"": ""builtin"", ""voltage"": 220, ""max_temperature"": 85, ""min_temperature"": -50, ""power_per_meter"": 30}, {""brand"": ""ТЛТ"", ""model"": ""ТЛТ-40"", ""source"": ""builtin"", ""voltage"": 220, ""max_temperature"": 110, ""min_temperature"": -50, ""power_per_meter"": 40}, {""brand"": ""ТЛТ"", ""model"": ""ТЛТ-50"", ""source"": ""builtin"", ""voltage"": 220, ""max_temperature"": 110, ""min_temperature"": -50, ""power_per_meter"": 50}, {""brand"": ""ТЛТ"", ""model"": ""ТЛТ-60"", ""source"": ""builtin"", ""voltage"": 220, ""max_temperature"": 120, ""min_temperature"": -55, ""power_per_meter"": 60}, {""brand"": ""ТЛТ"", ""model"": ""ТЛТ-75"", ""source"": ""builtin"", ""voltage"": 220, ""max_temperature"": 120, ""min_temperature"": -55, ""power_per_meter"": 75}, {""brand"": ""ТЛТ"", ""model"": ""ТЛТ-100"", ""source"": ""builtin"", ""voltage"": 220, ""max_temperature"": 150, ""min_temperature"": -60, ""power_per_meter"": 100}], ""safety_factor"": 1.1, ""supply_voltage"": 220.0, ""ambient_temperature"": -10.0, ""process_temperature"": 40.0, ""required_power_per_meter"": 59.097}";"{""current"": 24.338, ""voltage"": 220.0, ""total_power"": 5354.25, ""cable_length"": 71.39, ""selected_cable"": ""ТЛТ-75""}"
Труба DN27 №36;2;self_regulating;ТЛТ-25;"{""cable_mark"": null, ""pipe_length"": 204.3, ""cable_catalog"": [{""brand"": ""ТЛТ"", ""model"": ""ТЛТ-10"", ""source"": ""builtin"", ""voltage"": 220, ""max_temperature"": 65, ""min_temperature"": -40, ""power_per_meter"": 10}, {""brand"": ""ТЛТ"", ""model"": ""ТЛТ-15"", ""source"": ""builtin"", ""voltage"": 220, ""max_temperature"": 65, ""min_temperature"": -40, ""power_per_meter"": 15}, {""brand"": ""ТЛТ"", ""model"": ""ТЛТ-20"", ""source"": ""builtin"", ""voltage"": 220, ""max_temperature"": 65, ""min_temperature"": -40, ""power_per_meter"": 20}, {""brand"": ""ТЛТ"", ""model"": ""ТЛТ-25"", ""source"": ""builtin"", ""voltage"": 220, ""max_temperature"": 85, ""min_temperature"": -50, ""power_per_meter"": 25}, {""brand"": ""ТЛТ"", ""model"": ""ТЛТ-30"", ""source"": ""builtin"", ""voltage"": 220, ""max_temperature"": 85, ""min_temperature"": -50, ""power_per_meter"": 30}, {""brand"": ""ТЛТ"", ""model"": ""ТЛТ-40"", ""source"": ""builtin"", ""voltage"": 220, ""max_temperature"": 110, ""min_temperature"": -50, ""power_per_meter"": 40}, {""brand"": ""ТЛТ"", ""model"": ""ТЛТ-50"", ""source"": ""builtin"", ""voltage"": 220, ""max_temperature"": 110, ""min_temperature"": -50, ""power_per_meter"": 50}, {""brand"": ""ТЛТ"", ""model"": ""ТЛТ-60"", ""source"": ""builtin"", ""voltage"": 220, ""max_temperature"": 120, ""min_temperature"": -55, ""power_per_meter"": 60}, {""brand"": ""ТЛТ"", ""model"": ""ТЛТ-75"", ""source"": ""builtin"", ""voltage"": 220, ""max_temperature"": 120, ""min_temperature"": -55, ""power_per_meter"": 75}, {""brand"": ""ТЛТ"", ""model"": ""ТЛТ-100"", ""source"": ""builtin"", ""voltage"": 220, ""max_temperature"": 150, ""min_temperature"": -60, ""power_per_meter"": 100}], ""safety_factor"": 1.1, ""supply_voltage"": 220.0, ""ambient_temperature"": -20.0, ""process_temperature"": 70.0, ""required_power_per_meter"": 15.811}";"{""current"": 25.538, ""voltage"": 220.0, ""total_power"": 5618.25, ""cable_length"": 224.73, ""selected_cable"": ""ТЛТ-25""}"
Труба DN108 №33;2;self_regulating;ТЛТ-40;"{""cable_mark"": null, ""pipe_length"": 336.1, ""cable_catalog"": [{""brand"": ""ТЛТ"", ""model"": ""ТЛТ-10"", ""source"": ""builtin"", ""voltage"": 220, ""max_temperature"": 65, ""min_temperature"": -40, ""power_per_meter"": 10}, {""brand"": ""ТЛТ"", ""model"": ""ТЛТ-15"", ""source"": ""builtin"", ""voltage"": 220, ""max_temperature"": 65, ""min_temperature"": -40, ""power_per_meter"": 15}, {""brand"": ""ТЛТ"", ""model"": ""ТЛТ-20"", ""source"": ""builtin"", ""voltage"": 220, ""max_temperature"": 65, ""min_temperature"": -40, ""power_per_meter"": 20}, {""brand"": ""ТЛТ"", ""model"": ""ТЛТ-25"", ""source"": ""builtin"", ""voltage"": 220, ""max_temperature"": 85, ""min_temperature"": -50, ""power_per_meter"": 25}, {""brand"": ""ТЛТ"", ""model"": ""ТЛТ-30"", ""source"": ""builtin"", ""voltage"": 220, ""max_temperature"": 85, ""min_temperature"": -50, ""power_per_meter"": 30}, {""brand"": ""ТЛТ"", ""model"": ""ТЛТ-40"", ""source"": ""builtin"", ""voltage"": 220, ""max_temperature"": 110, ""min_temperature"": -50, ""power_per_meter"": 40}, {""brand"": ""ТЛТ"", ""model"": ""ТЛТ-50"", ""source"": ""builtin"", ""voltage"": 220, ""max_temperature"": 110, ""min_temperature"": -50, ""power_per_meter"": 50}, {""brand"": ""ТЛТ"", ""model"": ""ТЛТ-60"", ""source"": ""builtin"", ""voltage"": 220, ""max_temperature"": 120, ""min_temperature"": -55, ""power_per_meter"": 60}, {""brand"": ""ТЛТ"", ""model"": ""ТЛТ-75"", ""source"": ""builtin"", ""voltage"": 220, ""max_temperature"": 120, ""min_temperature"": -55, ""power_per_meter"": 75}, {""brand"": ""ТЛТ"", ""model"": ""ТЛТ-100"", ""source"": ""builtin"", ""voltage"": 220, ""max_temperature"": 150, ""min_temperature"": -60, ""power_per_meter"": 100}], ""safety_factor"": 1.1, ""supply_voltage"": 220.0, ""ambient_temperature"": -25.0, ""process_temperature"": 110.0, ""required_power_per_meter"": 31.056}";"{""current"": 67.22, ""voltage"": 220.0, ""total_power"": 14788.4, ""cable_length"": 369.71, ""selected_cable"": ""ТЛТ-40""}"
Труба DN27 №39;2;self_regulating;ТЛТ-25;"{""cable_mark"": null, ""pipe_length"": 327.8, ""cable_catalog"": [{""brand"": ""ТЛТ"", ""model"": ""ТЛТ-10"", ""source"": ""builtin"", ""voltage"": 220, ""max_temperature"": 65, ""min_temperature"": -40, ""power_per_meter"": 10}, {""brand"": ""ТЛТ"", ""model"": ""ТЛТ-15"", ""source"": ""builtin"", ""voltage"": 220, ""max_temperature"": 65, ""min_temperature"": -40, ""power_per_meter"": 15}, {""brand"": ""ТЛТ"", ""model"": ""ТЛТ-20"", ""source"": ""builtin"", ""voltage"": 220, ""max_temperature"": 65, ""min_temperature"": -40, ""power_per_meter"": 20}, {""brand"": ""ТЛТ"", ""model"": ""ТЛТ-25"", ""source"": ""builtin"", ""voltage"": 220, ""max_temperature"": 85, ""min_temperature"": -50, ""power_per_meter"": 25}, {""brand"": ""ТЛТ"", ""model"": ""ТЛТ-30"", ""source"": ""builtin"", ""voltage"": 220, ""max_temperature"": 85, ""min_temperature"": -50, ""power_per_meter"": 30}, {""brand"": ""ТЛТ"", ""model"": ""ТЛТ-40"", ""source"": ""builtin"", ""voltage"": 220, ""max_temperature"": 110, ""min_temperature"": -50, ""power_per_meter"": 40}, {""brand"": ""ТЛТ"", ""model"": ""ТЛТ-50"", ""source"": ""builtin"", ""voltage"": 220, ""max_temperature"": 110, ""min_temperature"": -50, ""power_per_meter"": 50}, {""brand"": ""ТЛТ"", ""model"": ""ТЛТ-60"", ""source"": ""builtin"", ""voltage"": 220, ""max_temperature"": 120, ""min_temperature"": -55, ""power_per_meter"": 60}, {""brand"": ""ТЛТ"", ""model"": ""ТЛТ-75"", ""source"": ""builtin"", ""voltage"": 220, ""max_temperature"": 120, ""min_temperature"": -55, ""power_per_meter"": 75}, {""brand"": ""ТЛТ"", ""model"": ""ТЛТ-100"", ""source"": ""builtin"", ""voltage"": 220, ""max_temperature"": 150, ""min_temperature"": -60, ""power_per_meter"": 100}], ""safety_factor"": 1.1, ""supply_voltage"": 220.0, ""ambient_temperature"": -30.0, ""process_temperature"": 70.0, ""required_power_per_meter"": 14.303}";"{""current"": 40.975, ""voltage"": 220.0, ""total_power"": 9014.5, ""cable_length"": 360.58, ""selected_cable"": ""ТЛТ-25""}"
Труба DN57 №45;2;self_regulating;ТЛТ-20;"{""cable_mark"": null, ""pipe_length"": 33.2, ""cable_catalog"": [{""brand"": ""ТЛТ"", ""model"": ""ТЛТ-10"", ""source"": ""builtin"", ""voltage"": 220, ""max_temperature"": 65, ""min_temperature"": -40, ""power_per_meter"": 10}, {""brand"": ""ТЛТ"", ""model"": ""ТЛТ-15"", ""source"": ""builtin"", ""voltage"": 220, ""max_temperature"": 65, ""min_temperature"": -40, ""power_per_meter"": 15}, {""brand"": ""ТЛТ"", ""model"": ""ТЛТ-20"", ""source"": ""builtin"", ""voltage"": 220, ""max_temperature"": 65, ""min_temperature"": -40, ""power_per_meter"": 20}, {""brand"": ""ТЛТ"", ""model"": ""ТЛТ-25"", ""source"": ""builtin"", ""voltage"": 220, ""max_temperature"": 85, ""min_temperature"": -50, ""power_per_meter"": 25}, {""brand"": ""ТЛТ"", ""model"": ""ТЛТ-30"", ""source"": ""builtin"", ""voltage"": 220, ""max_temperature"": 85, ""min_temperature"": -50, ""power_per_meter"": 30}, {""brand"": ""ТЛТ"", ""model"": ""ТЛТ-40"", ""source"": ""builtin"", ""voltage"": 220, ""max_temperature"": 110, ""min_temperature"": -50, ""power_per_meter"": 40}, {""brand"": ""ТЛТ"", ""model"": ""ТЛТ-50"", ""source"": ""builtin"", ""voltage"": 220, ""max_temperature"": 110, ""min_temperature"": -50, ""power_per_meter"": 50}, {""brand"": ""ТЛТ"", ""model"": ""ТЛТ-60"", ""source"": ""builtin"", ""voltage"": 220, ""max_temperature"": 120, ""min_temperature"": -55, ""power_per_meter"": 60}, {""brand"": ""ТЛТ"", ""model"": ""ТЛТ-75"", ""source"": ""builtin"", ""voltage"": 220, ""max_temperature"": 120, ""min_temperature"": -55, ""power_per_meter"": 75}, {""brand"": ""ТЛТ"", ""model"": ""ТЛТ-100"", ""source"": ""builtin"", ""voltage"": 220, ""max_temperature"": 150, ""min_temperature"": -60, ""power_per_meter"": 100}], ""safety_factor"": 1.1, ""supply_voltage"": 220.0, ""ambient_temperature"": -25.0, ""process_temperature"": 50.0, ""required_power_per_meter"": 15.449}";"{""current"": 3.32, ""voltage"": 220.0, ""total_power"": 730.4, ""cable_length"": 36.52, ""selected_cable"": ""ТЛТ-20""}"
Труба DN76 №24;2;self_regulating;ТЛТ-10;"{""cable_mark"": null, ""pipe_length"": 80.7, ""cable_catalog"": [{""brand"": ""ТЛТ"", ""model"": ""ТЛТ-10"", ""source"": ""builtin"", ""voltage"": 220, ""max_temperature"": 65, ""min_temperature"": -40, ""power_per_meter"": 10}, {""brand"": ""ТЛТ"", ""model"": ""ТЛТ-15"", ""source"": ""builtin"", ""voltage"": 220, ""max_temperature"": 65, ""min_temperature"": -40, ""power_per_meter"": 15}, {""brand"": ""ТЛТ"", ""model"": ""ТЛТ-20"", ""source"": ""builtin"", ""voltage"": 220, ""max_temperature"": 65, ""min_temperature"": -40, ""power_per_meter"": 20}, {""brand"": ""ТЛТ"", ""model"": ""ТЛТ-25"", ""source"": ""builtin"", ""voltage"": 220, ""max_temperature"": 85, ""min_temperature"": -50, ""power_per_meter"": 25}, {""brand"": ""ТЛТ"", ""model"": ""ТЛТ-30"", ""source"": ""builtin"", ""voltage"": 220, ""max_temperature"": 85, ""min_temperature"": -50, ""power_per_meter"": 30}, {""brand"": ""ТЛТ"", ""model"": ""ТЛТ-40"", ""source"": ""builtin"", ""voltage"": 220, ""max_temperature"": 110, ""min_temperature"": -50, ""power_per_meter"": 40}, {""brand"": ""ТЛТ"", ""model"": ""ТЛТ-50"", ""source"": ""builtin"", ""voltage"": 220, ""max_temperature"": 110, ""min_temperature"": -50, ""power_per_meter"": 50}, {""brand"": ""ТЛТ"", ""model"": ""ТЛТ-60"", ""source"": ""builtin"", ""voltage"": 220, ""max_temperature"": 120, ""min_temperature"": -55, ""power_per_meter"": 60}, {""brand"": ""ТЛТ"", ""model"": ""ТЛТ-75"", ""source"": ""builtin"", ""voltage"": 220, ""max_temperature"": 120, ""min_temperature"": -55, ""power_per_meter"": 75}, {""brand"": ""ТЛТ"", ""model"": ""ТЛТ-100"", ""source"": ""builtin"", ""voltage"": 220, ""max_temperature"": 150, ""min_temperature"": -60, ""power_per_meter"": 100}], ""safety_factor"": 1.1, ""supply_voltage"": 220.0, ""ambient_temperature"": 10.0, ""process_temperature"": 40.0, ""required_power_per_meter"": 5.332}";"{""current"": 4.035, ""voltage"": 220.0, ""total_power"": 887.7, ""cable_length"": 88.77, ""selected_cable"": ""ТЛТ-10""}"
Труба DN48 №17;2;self_regulating;ТЛТ-40;"{""cable_mark"": null, ""pipe_length"": 127.1, ""cable_catalog"": [{""brand"": ""ТЛТ"", ""model"": ""ТЛТ-10"", ""source"": ""builtin"", ""voltage"": 220, ""max_temperature"": 65, ""min_temperature"": -40, ""power_per_meter"": 10}, {""brand"": ""ТЛТ"", ""model"": ""ТЛТ-15"", ""source"": ""builtin"", ""voltage"": 220, ""max_temperature"": 65, ""min_temperature"": -40, ""power_per_meter"": 15}, {""brand"": ""ТЛТ"", ""model"": ""ТЛТ-20"", ""source"": ""builtin"", ""voltage"": 220, ""max_temperature"": 65, ""min_temperature"": -40, ""power_per_meter"": 20}, {""brand"": ""ТЛТ"", ""model"": ""ТЛТ-25"", ""source"": ""builtin"", ""voltage"": 220, ""max_temperature"": 85, ""min_temperature"": -50, ""power_per_meter"": 25}, {""brand"": ""ТЛТ"", ""model"": ""ТЛТ-30"", ""source"": ""builtin"", ""voltage"": 220, ""max_temperature"": 85, ""min_temperature"": -50, ""power_per_meter"": 30}, {""brand"": ""ТЛТ"", ""model"": ""ТЛТ-40"", ""source"": ""builtin"", ""voltage"": 220, ""max_temperature"": 110, ""min_temperature"": -50, ""power_per_meter"": 40}, {""brand"": ""ТЛТ"", ""model"": ""ТЛТ-50"", ""source"": ""builtin"", ""voltage"": 220, ""max_temperature"": 110, ""min_temperature"": -50, ""power_per_meter"": 50}, {""brand"": ""ТЛТ"", ""model"": ""ТЛТ-60"", ""source"": ""builtin"", ""voltage"": 220, ""max_temperature"": 120, ""min_temperature"": -55, ""power_per_meter"": 60}, {""brand"": ""ТЛТ"", ""model"": ""ТЛТ-75"", ""source"": ""builtin"", ""voltage"": 220, ""max_temperature"": 120, ""min_temperature"": -55, ""power_per_meter"": 75}, {""brand"": ""ТЛТ"", ""model"": ""ТЛТ-100"", ""source"": ""builtin"", ""voltage"": 220, ""max_temperature"": 150, ""min_temperature"": -60, ""power_per_meter"": 100}], ""safety_factor"": 1.1, ""supply_voltage"": 220.0, ""ambient_temperature"": -15.0, ""process_temperature"": 100.0, ""required_power_per_meter"": 10.227}";"{""current"": 25.42, ""voltage"": 220.0, ""total_power"": 5592.4, ""cable_length"": 139.81, ""selected_cable"": ""ТЛТ-40""}"
Труба DN133 №22;2;self_regulating;ТЛТ-25;"{""cable_mark"": null, ""pipe_length"": 60.2, ""cable_catalog"": [{""brand"": ""ТЛТ"", ""model"": ""ТЛТ-10"", ""source"": ""builtin"", ""voltage"": 220, ""max_temperature"": 65, ""min_temperature"": -40, ""power_per_meter"": 10}, {""brand"": ""ТЛТ"", ""model"": ""ТЛТ-15"", ""source"": ""builtin"", ""voltage"": 220, ""max_temperature"": 65, ""min_temperature"": -40, ""power_per_meter"": 15}, {""brand"": ""ТЛТ"", ""model"": ""ТЛТ-20"", ""source"": ""builtin"", ""voltage"": 220, ""max_temperature"": 65, ""min_temperature"": -40, ""power_per_meter"": 20}, {""brand"": ""ТЛТ"", ""model"": ""ТЛТ-25"", ""source"": ""builtin"", ""voltage"": 220, ""max_temperature"": 85, ""min_temperature"": -50, ""power_per_meter"": 25}, {""brand"": ""ТЛТ"", ""model"": ""ТЛТ-30"", ""source"": ""builtin"", ""voltage"": 220, ""max_temperature"": 85, ""min_temperature"": -50, ""power_per_meter"": 30}, {""brand"": ""ТЛТ"", ""model"": ""ТЛТ-40"", ""source"": ""builtin"", ""voltage"": 220, ""max_temperature"": 110, ""min_temperature"": -50, ""power_per_meter"": 40}, {""brand"": ""ТЛТ"", ""model"": ""ТЛТ-50"", ""source"": ""builtin"", ""voltage"": 220, ""max_temperature"": 110, ""min_temperature"": -50, ""power_per_meter"": 50}, {""brand"": ""ТЛТ"", ""model"": ""ТЛТ-60"", ""source"": ""builtin"", ""voltage"": 220, ""max_temperature"": 120, ""min_temperature"": -55, ""power_per_meter"": 60}, {""brand"": ""ТЛТ"", ""model"": ""ТЛТ-75"", ""source"": ""builtin"", ""voltage"": 220, ""max_temperature"": 120, ""min_temperature"": -55, ""power_per_meter"": 75}, {""brand"": ""ТЛТ"", ""model"": ""ТЛТ-100"", ""source"": ""builtin"", ""voltage"": 220, ""max_temperature"": 150, ""min_temperature"": -60, ""power_per_meter"": 100}], ""safety_factor"": 1.1, ""supply_voltage"": 220.0, ""ambient_temperature"": 5.0, ""process_temperature"": 40.0, ""required_power_per_meter"": 18.687}";"{""current"": 7.525, ""voltage"": 220.0, ""total_power"": 1655.5, ""cable_length"": 66.22, ""selected_cable"": ""ТЛТ-25""}"
Труба DN27 №26;2;self_regulating;ТЛТ-40;"{""cable_mark"": null, ""pipe_length"": 124.2, ""cable_catalog"": [{""brand"": ""ТЛТ"", ""model"": ""ТЛТ-10"", ""source"": ""builtin"", ""voltage"": 220, ""max_temperature"": 65, ""min_temperature"": -40, ""power_per_meter"": 10}, {""brand"": ""ТЛТ"", ""model"": ""ТЛТ-15"", ""source"": ""builtin"", ""voltage"": 220, ""max_temperature"": 65, ""min_temperature"": -40, ""power_per_meter"": 15}, {""brand"": ""ТЛТ"", ""model"": ""ТЛТ-20"", ""source"": ""builtin"", ""voltage"": 220, ""max_temperature"": 65, ""min_temperature"": -40, ""power_per_meter"": 20}, {""brand"": ""ТЛТ"", ""model"": ""ТЛТ-25"", ""source"": ""builtin"", ""voltage"": 220, ""max_temperature"": 85, ""min_temperature"": -50, ""power_per_meter"": 25}, {""brand"": ""ТЛТ"", ""model"": ""ТЛТ-30"", ""source"": ""builtin"", ""voltage"": 220, ""max_temperature"": 85, ""min_temperature"": -50, ""power_per_meter"": 30}, {""brand"": ""ТЛТ"", ""model"": ""ТЛТ-40"", ""source"": ""builtin"", ""voltage"": 220, ""max_temperature"": 110, ""min_temperature"": -50, ""power_per_meter"": 40}, {""brand"": ""ТЛТ"", ""model"": ""ТЛТ-50"", ""source"": ""builtin"", ""voltage"": 220, ""max_temperature"": 110, ""min_temperature"": -50, ""power_per_meter"": 50}, {""brand"": ""ТЛТ"", ""model"": ""ТЛТ-60"", ""source"": ""builtin"", ""voltage"": 220, ""max_temperature"": 120, ""min_temperature"": -55, ""power_per_meter"": 60}, {""brand"": ""ТЛТ"", ""model"": ""ТЛТ-75"", ""source"": ""builtin"", ""voltage"": 220, ""max_temperature"": 120, ""min_temperature"": -55, ""power_per_meter"": 75}, {""brand"": ""ТЛТ"", ""model"": ""ТЛТ-100"", ""source"": ""builtin"", ""voltage"": 220, ""max_temperature"": 150, ""min_temperature"": -60, ""power_per_meter"": 100}], ""safety_factor"": 1.1, ""supply_voltage"": 220.0, ""ambient_temperature"": -30.0, ""process_temperature"": 110.0, ""required_power_per_meter"": 20.025}";"{""current"": 24.84, ""voltage"": 220.0, ""total_power"": 5464.8, ""cable_length"": 136.62, ""selected_cable"": ""ТЛТ-40""}"
Труба DN34 №27;2;self_regulating;ТЛТ-40;"{""cable_mark"": null, ""pipe_length"": 489.1, ""cable_catalog"": [{""brand"": ""ТЛТ"", ""model"": ""ТЛТ-10"", ""source"": ""builtin"", ""voltage"": 220, ""max_temperature"": 65, ""min_temperature"": -40, ""power_per_meter"": 10}, {""brand"": ""ТЛТ"", ""model"": ""ТЛТ-15"", ""source"": ""builtin"", ""voltage"": 220, ""max_temperature"": 65, ""min_temperature"": -40, ""power_per_meter"": 15}, {""brand"": ""ТЛТ"", ""model"": ""ТЛТ-20"", ""source"": ""builtin"", ""voltage"": 220, ""max_temperature"": 65, ""min_temperature"": -40, ""power_per_meter"": 20}, {""brand"": ""ТЛТ"", ""model"": ""ТЛТ-25"", ""source"": ""builtin"", ""voltage"": 220, ""max_temperature"": 85, ""min_temperature"": -50, ""power_per_meter"": 25}, {""brand"": ""ТЛТ"", ""model"": ""ТЛТ-30"", ""source"": ""builtin"", ""voltage"": 220, ""max_temperature"": 85, ""min_temperature"": -50, ""power_per_meter"": 30}, {""brand"": ""ТЛТ"", ""model"": ""ТЛТ-40"", ""source"": ""builtin"", ""voltage"": 220, ""max_temperature"": 110, ""min_temperature"": -50, ""power_per_meter"": 40}, {""brand"": ""ТЛТ"", ""model"": ""ТЛТ-50"", ""source"": ""builtin"", ""voltage"": 220, ""max_temperature"": 110, ""min_temperature"": -50, ""power_per_meter"": 50}, {""brand"": ""ТЛТ"", ""model"": ""ТЛТ-60"", ""source"": ""builtin"", ""voltage"": 220, ""max_temperature"": 120, ""min_temperature"": -55, ""power_per_meter"": 60}, {""brand"": ""ТЛТ"", ""model"": ""ТЛТ-75"", ""source"": ""builtin"", ""voltage"": 220, ""max_temperature"": 120, ""min_temperature"": -55, ""power_per_meter"": 75}, {""brand"": ""ТЛТ"", ""model"": ""ТЛТ-100"", ""source"": ""builtin"", ""voltage"": 220, ""max_temperature"": 150, ""min_temperature"": -60, ""power_per_meter"": 100}], ""safety_factor"": 1.1, ""supply_voltage"": 220.0, ""ambient_temperature"": -25.0, ""process_temperature"": 110.0, ""required_power_per_meter"": 27.438}";"{""current"": 97.82, ""voltage"": 220.0, ""total_power"": 21520.4, ""cable_length"": 538.01, ""selected_cable"": ""ТЛТ-40""}"
Труба DN34 №32;2;self_regulating;ТЛТ-25;"{""cable_mark"": null, ""pipe_length"": 453.2, ""cable_catalog"": [{""brand"": ""ТЛТ"", ""model"": ""ТЛТ-10"", ""source"": ""builtin"", ""voltage"": 220, ""max_temperature"": 65, ""min_temperature"": -40, ""power_per_meter"": 10}, {""brand"": ""ТЛТ"", ""model"": ""ТЛТ-15"", ""source"": ""builtin"", ""voltage"": 220, ""max_temperature"": 65, ""min_temperature"": -40, ""power_per_meter"": 15}, {""brand"": ""ТЛТ"", ""model"": ""ТЛТ-20"", ""source"": ""builtin"", ""voltage"": 220, ""max_temperature"": 65, ""min_temperature"": -40, ""power_per_meter"": 20}, {""brand"": ""ТЛТ"", ""model"": ""ТЛТ-25"", ""source"": ""builtin"", ""voltage"": 220, ""max_temperature"": 85, ""min_temperature"": -50, ""power_per_meter"": 25}, {""brand"": ""ТЛТ"", ""model"": ""ТЛТ-30"", ""source"": ""builtin"", ""voltage"": 220, ""max_temperature"": 85, ""min_temperature"": -50, ""power_per_meter"": 30}, {""brand"": ""ТЛТ"", ""model"": ""ТЛТ-40"", ""source"": ""builtin"", ""voltage"": 220, ""max_temperature"": 110, ""min_temperature"": -50, ""power_per_meter"": 40}, {""brand"": ""ТЛТ"", ""model"": ""ТЛТ-50"", ""source"": ""builtin"", ""voltage"": 220, ""max_temperature"": 110, ""min_temperature"": -50, ""power_per_meter"": 50}, {""brand"": ""ТЛТ"", ""model"": ""ТЛТ-60"", ""source"": ""builtin"", ""voltage"": 220, ""max_temperature"": 120, ""min_temperature"": -55, ""power_per_meter"": 60}, {""brand"": ""ТЛТ"", ""model"": ""ТЛТ-75"", ""source"": ""builtin"", ""voltage"": 220, ""max_temperature"": 120, ""min_temperature"": -55, ""power_per_meter"": 75}, {""brand"": ""ТЛТ"", ""model"": ""ТЛТ-100"", ""source"": ""builtin"", ""voltage"": 220, ""max_temperature"": 150, ""min_temperature"": -60, ""power_per_meter"": 100}], ""safety_factor"": 1.1, ""supply_voltage"": 220.0, ""ambient_temperature"": 10.0, ""process_temperature"": 70.0, ""required_power_per_meter"": 11.869}";"{""current"": 56.65, ""voltage"": 220.0, ""total_power"": 12463.0, ""cable_length"": 498.52, ""selected_cable"": ""ТЛТ-25""}"
Труба DN325 №38;2;self_regulating;ТЛТ-60;"{""cable_mark"": null, ""pipe_length"": 128.7, ""cable_catalog"": [{""brand"": ""ТЛТ"", ""model"": ""ТЛТ-10"", ""source"": ""builtin"", ""voltage"": 220, ""max_temperature"": 65, ""min_temperature"": -40, ""power_per_meter"": 10}, {""brand"": ""ТЛТ"", ""model"": ""ТЛТ-15"", ""source"": ""builtin"", ""voltage"": 220, ""max_temperature"": 65, ""min_temperature"": -40, ""power_per_meter"": 15}, {""brand"": ""ТЛТ"", ""model"": ""ТЛТ-20"", ""source"": ""builtin"", ""voltage"": 220, ""max_temperature"": 65, ""min_temperature"": -40, ""power_per_meter"": 20}, {""brand"": ""ТЛТ"", ""model"": ""ТЛТ-25"", ""source"": ""builtin"", ""voltage"": 220, ""max_temperature"": 85, ""min_temperature"": -50, ""power_per_meter"": 25}, {""brand"": ""ТЛТ"", ""model"": ""ТЛТ-30"", ""source"": ""builtin"", ""voltage"": 220, ""max_temperature"": 85, ""min_temperature"": -50, ""power_per_meter"": 30}, {""brand"": ""ТЛТ"", ""model"": ""ТЛТ-40"", ""source"": ""builtin"", ""voltage"": 220, ""max_temperature"": 110, ""min_temperature"": -50, ""power_per_meter"": 40}, {""brand"": ""ТЛТ"", ""model"": ""ТЛТ-50"", ""source"": ""builtin"", ""voltage"": 220, ""max_temperature"": 110, ""min_temperature"": -50, ""power_per_meter"": 50}, {""brand"": ""ТЛТ"", ""model"": ""ТЛТ-60"", ""source"": ""builtin"", ""voltage"": 220, ""max_temperature"": 120, ""min_temperature"": -55, ""power_per_meter"": 60}, {""brand"": ""ТЛТ"", ""model"": ""ТЛТ-75"", ""source"": ""builtin"", ""voltage"": 220, ""max_temperature"": 120, ""min_temperature"": -55, ""power_per_meter"": 75}, {""brand"": ""ТЛТ"", ""model"": ""ТЛТ-100"", ""source"": ""builtin"", ""voltage"": 220, ""max_temperature"": 150, ""min_temperature"": -60, ""power_per_meter"": 100}], ""safety_factor"": 1.1, ""supply_voltage"": 220.0, ""ambient_temperature"": 10.0, ""process_temperature"": 50.0, ""required_power_per_meter"": 51.226}";"{""current"": 38.61, ""voltage"": 220.0, ""total_power"": 8494.2, ""cable_length"": 141.57, ""selected_cable"": ""ТЛТ-60""}"
Труба DN89 №34;2;self_regulating;ТЛТ-40;"{""cable_mark"": null, ""pipe_length"": 393.4, ""cable_catalog"": [{""brand"": ""ТЛТ"", ""model"": ""ТЛТ-10"", ""source"": ""builtin"", ""voltage"": 220, ""max_temperature"": 65, ""min_temperature"": -40, ""power_per_meter"": 10}, {""brand"": ""ТЛТ"", ""model"": ""ТЛТ-15"", ""source"": ""builtin"", ""voltage"": 220, ""max_temperature"": 65, ""min_temperature"": -40, ""power_per_meter"": 15}, {""brand"": ""ТЛТ"", ""model"": ""ТЛТ-20"", ""source"": ""builtin"", ""voltage"": 220, ""max_temperature"": 65, ""min_temperature"": -40, ""power_per_meter"": 20}, {""brand"": ""ТЛТ"", ""model"": ""ТЛТ-25"", ""source"": ""builtin"", ""voltage"": 220, ""max_temperature"": 85, ""min_temperature"": -50, ""power_per_meter"": 25}, {""brand"": ""ТЛТ"", ""model"": ""ТЛТ-30"", ""source"": ""builtin"", ""voltage"": 220, ""max_temperature"": 85, ""min_temperature"": -50, ""power_per_meter"": 30}, {""brand"": ""ТЛТ"", ""model"": ""ТЛТ-40"", ""source"": ""builtin"", ""voltage"": 220, ""max_temperature"": 110, ""min_temperature"": -50, ""power_per_meter"": 40}, {""brand"": ""ТЛТ"", ""model"": ""ТЛТ-50"", ""source"": ""builtin"", ""voltage"": 220, ""max_temperature"": 110, ""min_temperature"": -50, ""power_per_meter"": 50}, {""brand"": ""ТЛТ"", ""model"": ""ТЛТ-60"", ""source"": ""builtin"", ""voltage"": 220, ""max_temperature"": 120, ""min_temperature"": -55, ""power_per_meter"": 60}, {""brand"": ""ТЛТ"", ""model"": ""ТЛТ-75"", ""source"": ""builtin"", ""voltage"": 220, ""max_temperature"": 120, ""min_temperature"": -55, ""power_per_meter"": 75}, {""brand"": ""ТЛТ"", ""model"": ""ТЛТ-100"", ""source"": ""builtin"", ""voltage"": 220, ""max_temperature"": 150, ""min_temperature"": -60, ""power_per_meter"": 100}], ""safety_factor"": 1.1, ""supply_voltage"": 220.0, ""ambient_temperature"": -30.0, ""process_temperature"": 50.0, ""required_power_per_meter"": 32.338}";"{""current"": 78.68, ""voltage"": 220.0, ""total_power"": 17309.6, ""cable_length"": 432.74, ""selected_cable"": ""ТЛТ-40""}"
Труба DN57 №40;2;self_regulating;ТЛТ-15;"{""cable_mark"": null, ""pipe_length"": 206.2, ""cable_catalog"": [{""brand"": ""ТЛТ"", ""model"": ""ТЛТ-10"", ""source"": ""builtin"", ""voltage"": 220, ""max_temperature"": 65, ""min_temperature"": -40, ""power_per_meter"": 10}, {""brand"": ""ТЛТ"", ""model"": ""ТЛТ-15"", ""source"": ""builtin"", ""voltage"": 220, ""max_temperature"": 65, ""min_temperature"": -40, ""power_per_meter"": 15}, {""brand"": ""ТЛТ"", ""model"": ""ТЛТ-20"", ""source"": ""builtin"", ""voltage"": 220, ""max_temperature"": 65, ""min_temperature"": -40, ""power_per_meter"": 20}, {""brand"": ""ТЛТ"", ""model"": ""ТЛТ-25"", ""source"": ""builtin"", ""voltage"": 220, ""max_temperature"": 85, ""min_temperature"": -50, ""power_per_meter"": 25}, {""brand"": ""ТЛТ"", ""model"": ""ТЛТ-30"", ""source"": ""builtin"", ""voltage"": 220, ""max_temperature"": 85, ""min_temperature"": -50, ""power_per_meter"": 30}, {""brand"": ""ТЛТ"", ""model"": ""ТЛТ-40"", ""source"": ""builtin"", ""voltage"": 220, ""max_temperature"": 110, ""min_temperature"": -50, ""power_per_meter"": 40}, {""brand"": ""ТЛТ"", ""model"": ""ТЛТ-50"", ""source"": ""builtin"", ""voltage"": 220, ""max_temperature"": 110, ""min_temperature"": -50, ""power_per_meter"": 50}, {""brand"": ""ТЛТ"", ""model"": ""ТЛТ-60"", ""source"": ""builtin"", ""voltage"": 220, ""max_temperature"": 120, ""min_temperature"": -55, ""power_per_meter"": 60}, {""brand"": ""ТЛТ"", ""model"": ""ТЛТ-75"", ""source"": ""builtin"", ""voltage"": 220, ""max_temperature"": 120, ""min_temperature"": -55, ""power_per_meter"": 75}, {""brand"": ""ТЛТ"", ""model"": ""ТЛТ-100"", ""source"": ""builtin"", ""voltage"": 220, ""max_temperature"": 150, ""min_temperature"": -60, ""power_per_meter"": 100}], ""safety_factor"": 1.1, ""supply_voltage"": 220.0, ""ambient_temperature"": 0.0, ""process_temperature"": 40.0, ""required_power_per_meter"": 12.254}";"{""current"": 15.465, ""voltage"": 220.0, ""total_power"": 3402.3, ""cable_length"": 226.82, ""selected_cable"": ""ТЛТ-15""}"
Труба DN108 №48;2;self_regulating;ТЛТ-25;"{""cable_mark"": null, ""pipe_length"": 106.1, ""cable_catalog"": [{""brand"": ""ТЛТ"", ""model"": ""ТЛТ-10"", ""source"": ""builtin"", ""voltage"": 220, ""max_temperature"": 65, ""min_temperature"": -40, ""power_per_meter"": 10}, {""brand"": ""ТЛТ"", ""model"": ""ТЛТ-15"", ""source"": ""builtin"", ""voltage"": 220, ""max_temperature"": 65, ""min_temperature"": -40, ""power_per_meter"": 15}, {""brand"": ""ТЛТ"", ""model"": ""ТЛТ-20"", ""source"": ""builtin"", ""voltage"": 220, ""max_temperature"": 65, ""min_temperature"": -40, ""power_per_meter"": 20}, {""brand"": ""ТЛТ"", ""model"": ""ТЛТ-25"", ""source"": ""builtin"", ""voltage"": 220, ""max_temperature"": 85, ""min_temperature"": -50, ""power_per_meter"": 25}, {""brand"": ""ТЛТ"", ""model"": ""ТЛТ-30"", ""source"": ""builtin"", ""voltage"": 220, ""max_temperature"": 85, ""min_temperature"": -50, ""power_per_meter"": 30}, {""brand"": ""ТЛТ"", ""model"": ""ТЛТ-40"", ""source"": ""builtin"", ""voltage"": 220, ""max_temperature"": 110, ""min_temperature"": -50, ""power_per_meter"": 40}, {""brand"": ""ТЛТ"", ""model"": ""ТЛТ-50"", ""source"": ""builtin"", ""voltage"": 220, ""max_temperature"": 110, ""min_temperature"": -50, ""power_per_meter"": 50}, {""brand"": ""ТЛТ"", ""model"": ""ТЛТ-60"", ""source"": ""builtin"", ""voltage"": 220, ""max_temperature"": 120, ""min_temperature"": -55, ""power_per_meter"": 60}, {""brand"": ""ТЛТ"", ""model"": ""ТЛТ-75"", ""source"": ""builtin"", ""voltage"": 220, ""max_temperature"": 120, ""min_temperature"": -55, ""power_per_meter"": 75}, {""brand"": ""ТЛТ"", ""model"": ""ТЛТ-100"", ""source"": ""builtin"", ""voltage"": 220, ""max_temperature"": 150, ""min_temperature"": -60, ""power_per_meter"": 100}], ""safety_factor"": 1.1, ""supply_voltage"": 220.0, ""ambient_temperature"": -20.0, ""process_temperature"": 80.0, ""required_power_per_meter"": 16.54}";"{""current"": 13.262, ""voltage"": 220.0, ""total_power"": 2917.75, ""cable_length"": 116.71, ""selected_cable"": ""ТЛТ-25""}"
Труба DN34 №46;2;self_regulating;ТЛТ-25;"{""cable_mark"": null, ""pipe_length"": 339.2, ""cable_catalog"": [{""brand"": ""ТЛТ"", ""model"": ""ТЛТ-10"", ""source"": ""builtin"", ""voltage"": 220, ""max_temperature"": 65, ""min_temperature"": -40, ""power_per_meter"": 10}, {""brand"": ""ТЛТ"", ""model"": ""ТЛТ-15"", ""source"": ""builtin"", ""voltage"": 220, ""max_temperature"": 65, ""min_temperature"": -40, ""power_per_meter"": 15}, {""brand"": ""ТЛТ"", ""model"": ""ТЛТ-20"", ""source"": ""builtin"", ""voltage"": 220, ""max_temperature"": 65, ""min_temperature"": -40, ""power_per_meter"": 20}, {""brand"": ""ТЛТ"", ""model"": ""ТЛТ-25"", ""source"": ""builtin"", ""voltage"": 220, ""max_temperature"": 85, ""min_temperature"": -50, ""power_per_meter"": 25}, {""brand"": ""ТЛТ"", ""model"": ""ТЛТ-30"", ""source"": ""builtin"", ""voltage"": 220, ""max_temperature"": 85, ""min_temperature"": -50, ""power_per_meter"": 30}, {""brand"": ""ТЛТ"", ""model"": ""ТЛТ-40"", ""source"": ""builtin"", ""voltage"": 220, ""max_temperature"": 110, ""min_temperature"": -50, ""power_per_meter"": 40}, {""brand"": ""ТЛТ"", ""model"": ""ТЛТ-50"", ""source"": ""builtin"", ""voltage"": 220, ""max_temperature"": 110, ""min_temperature"": -50, ""power_per_meter"": 50}, {""brand"": ""ТЛТ"", ""model"": ""ТЛТ-60"", ""source"": ""builtin"", ""voltage"": 220, ""max_temperature"": 120, ""min_temperature"": -55, ""power_per_meter"": 60}, {""brand"": ""ТЛТ"", ""model"": ""ТЛТ-75"", ""source"": ""builtin"", ""voltage"": 220, ""max_temperature"": 120, ""min_temperature"": -55, ""power_per_meter"": 75}, {""brand"": ""ТЛТ"", ""model"": ""ТЛТ-100"", ""source"": ""builtin"", ""voltage"": 220, ""max_temperature"": 150, ""min_temperature"": -60, ""power_per_meter"": 100}], ""safety_factor"": 1.1, ""supply_voltage"": 220.0, ""ambient_temperature"": -30.0, ""process_temperature"": 70.0, ""required_power_per_meter"": 18.84}";"{""current"": 42.4, ""voltage"": 220.0, ""total_power"": 9328.0, ""cable_length"": 373.12, ""selected_cable"": ""ТЛТ-25""}"
Труба DN133 №44;2;self_regulating;ТЛТ-60;"{""cable_mark"": null, ""pipe_length"": 33.3, ""cable_catalog"": [{""brand"": ""ТЛТ"", ""model"": ""ТЛТ-10"", ""source"": ""builtin"", ""voltage"": 220, ""max_temperature"": 65, ""min_temperature"": -40, ""power_per_meter"": 10}, {""brand"": ""ТЛТ"", ""model"": ""ТЛТ-15"", ""source"": ""builtin"", ""voltage"": 220, ""max_temperature"": 65, ""min_temperature"": -40, ""power_per_meter"": 15}, {""brand"": ""ТЛТ"", ""model"": ""ТЛТ-20"", ""source"": ""builtin"", ""voltage"": 220, ""max_temperature"": 65, ""min_temperature"": -40, ""power_per_meter"": 20}, {""brand"": ""ТЛТ"", ""model"": ""ТЛТ-25"", ""source"": ""builtin"", ""voltage"": 220, ""max_temperature"": 85, ""min_temperature"": -50, ""power_per_meter"": 25}, {""brand"": ""ТЛТ"", ""model"": ""ТЛТ-30"", ""source"": ""builtin"", ""voltage"": 220, ""max_temperature"": 85, ""min_temperature"": -50, ""power_per_meter"": 30}, {""brand"": ""ТЛТ"", ""model"": ""ТЛТ-40"", ""source"": ""builtin"", ""voltage"": 220, ""max_temperature"": 110, ""min_temperature"": -50, ""power_per_meter"": 40}, {""brand"": ""ТЛТ"", ""model"": ""ТЛТ-50"", ""source"": ""builtin"", ""voltage"": 220, ""max_temperature"": 110, ""min_temperature"": -50, ""power_per_meter"": 50}, {""brand"": ""ТЛТ"", ""model"": ""ТЛТ-60"", ""source"": ""builtin"", ""voltage"": 220, ""max_temperature"": 120, ""min_temperature"": -55, ""power_per_meter"": 60}, {""brand"": ""ТЛТ"", ""model"": ""ТЛТ-75"", ""source"": ""builtin"", ""voltage"": 220, ""max_temperature"": 120, ""min_temperature"": -55, ""power_per_meter"": 75}, {""brand"": ""ТЛТ"", ""model"": ""ТЛТ-100"", ""source"": ""builtin"", ""voltage"": 220, ""max_temperature"": 150, ""min_temperature"": -60, ""power_per_meter"": 100}], ""safety_factor"": 1.1, ""supply_voltage"": 220.0, ""ambient_temperature"": 10.0, ""process_temperature"": 120.0, ""required_power_per_meter"": 32.337}";"{""current"": 9.99, ""voltage"": 220.0, ""total_power"": 2197.8, ""cable_length"": 36.63, ""selected_cable"": ""ТЛТ-60""}"
Труба DN219 №49;2;self_regulating;ТЛТ-40;"{""cable_mark"": null, ""pipe_length"": 69.8, ""cable_catalog"": [{""brand"": ""ТЛТ"", ""model"": ""ТЛТ-10"", ""source"": ""builtin"", ""voltage"": 220, ""max_temperature"": 65, ""min_temperature"": -40, ""power_per_meter"": 10}, {""brand"": ""ТЛТ"", ""model"": ""ТЛТ-15"", ""source"": ""builtin"", ""voltage"": 220, ""max_temperature"": 65, ""min_temperature"": -40, ""power_per_meter"": 15}, {""brand"": ""ТЛТ"", ""model"": ""ТЛТ-20"", ""source"": ""builtin"", ""voltage"": 220, ""max_temperature"": 65, ""min_temperature"": -40, ""power_per_meter"": 20}, {""brand"": ""ТЛТ"", ""model"": ""ТЛТ-25"", ""source"": ""builtin"", ""voltage"": 220, ""max_temperature"": 85, ""min_temperature"": -50, ""power_per_meter"": 25}, {""brand"": ""ТЛТ"", ""model"": ""ТЛТ-30"", ""source"": ""builtin"", ""voltage"": 220, ""max_temperature"": 85, ""min_temperature"": -50, ""power_per_meter"": 30}, {""brand"": ""ТЛТ"", ""model"": ""ТЛТ-40"", ""source"": ""builtin"", ""voltage"": 220, ""max_temperature"": 110, ""min_temperature"": -50, ""power_per_meter"": 40}, {""brand"": ""ТЛТ"", ""model"": ""ТЛТ-50"", ""source"": ""builtin"", ""voltage"": 220, ""max_temperature"": 110, ""min_temperature"": -50, ""power_per_meter"": 50}, {""brand"": ""ТЛТ"", ""model"": ""ТЛТ-60"", ""source"": ""builtin"", ""voltage"": 220, ""max_temperature"": 120, ""min_temperature"": -55, ""power_per_meter"": 60}, {""brand"": ""ТЛТ"", ""model"": ""ТЛТ-75"", ""source"": ""builtin"", ""voltage"": 220, ""max_temperature"": 120, ""min_temperature"": -55, ""power_per_meter"": 75}, {""brand"": ""ТЛТ"", ""model"": ""ТЛТ-100"", ""source"": ""builtin"", ""voltage"": 220, ""max_temperature"": 150, ""min_temperature"": -60, ""power_per_meter"": 100}], ""safety_factor"": 1.1, ""supply_voltage"": 220.0, ""ambient_temperature"": 5.0, ""process_temperature"": 90.0, ""required_power_per_meter"": 22.647}";"{""current"": 13.96, ""voltage"": 220.0, ""total_power"": 3071.2, ""cable_length"": 76.78, ""selected_cable"": ""ТЛТ-40""}"
Труба DN159 №52;2;self_regulating;ТЛТ-60;"{""cable_mark"": null, ""pipe_length"": 146.1, ""cable_catalog"": [{""brand"": ""ТЛТ"", ""model"": ""ТЛТ-10"", ""source"": ""builtin"", ""voltage"": 220, ""max_temperature"": 65, ""min_temperature"": -40, ""power_per_meter"": 10}, {""brand"": ""ТЛТ"", ""model"": ""ТЛТ-15"", ""source"": ""builtin"", ""voltage"": 220, ""max_temperature"": 65, ""min_temperature"": -40, ""power_per_meter"": 15}, {""brand"": ""ТЛТ"", ""model"": ""ТЛТ-20"", ""source"": ""builtin"", ""voltage"": 220, ""max_temperature"": 65, ""min_temperature"": -40, ""power_per_meter"": 20}, {""brand"": ""ТЛТ"", ""model"": ""ТЛТ-25"", ""source"": ""builtin"", ""voltage"": 220, ""max_temperature"": 85, ""min_temperature"": -50, ""power_per_meter"": 25}, {""brand"": ""ТЛТ"", ""model"": ""ТЛТ-30"", ""source"": ""builtin"", ""voltage"": 220, ""max_temperature"": 85, ""min_temperature"": -50, ""power_per_meter"": 30}, {""brand"": ""ТЛТ"", ""model"": ""ТЛТ-40"", ""source"": ""builtin"", ""voltage"": 220, ""max_temperature"": 110, ""min_temperature"": -50, ""power_per_meter"": 40}, {""brand"": ""ТЛТ"", ""model"": ""ТЛТ-50"", ""source"": ""builtin"", ""voltage"": 220, ""max_temperature"": 110, ""min_temperature"": -50, ""power_per_meter"": 50}, {""brand"": ""ТЛТ"", ""model"": ""ТЛТ-60"", ""source"": ""builtin"", ""voltage"": 220, ""max_temperature"": 120, ""min_temperature"": -55, ""power_per_meter"": 60}, {""brand"": ""ТЛТ"", ""model"": ""ТЛТ-75"", ""source"": ""builtin"", ""voltage"": 220, ""max_temperature"": 120, ""min_temperature"": -55, ""power_per_meter"": 75}, {""brand"": ""ТЛТ"", ""model"": ""ТЛТ-100"", ""source"": ""builtin"", ""voltage"": 220, ""max_temperature"": 150, ""min_temperature"": -60, ""power_per_meter"": 100}], ""safety_factor"": 1.1, ""supply_voltage"": 220.0, ""ambient_temperature"": -15.0, ""process_temperature"": 120.0, ""required_power_per_meter"": 30.963}";"{""current"": 43.83, ""voltage"": 220.0, ""total_power"": 9642.6, ""cable_length"": 160.71, ""selected_cable"": ""ТЛТ-60""}"
Труба DN34 №59;2;self_regulating;ТЛТ-10;"{""cable_mark"": null, ""pipe_length"": 472.8, ""cable_catalog"": [{""brand"": ""ТЛТ"", ""model"": ""ТЛТ-10"", ""source"": ""builtin"", ""voltage"": 220, ""max_temperature"": 65, ""min_temperature"": -40, ""power_per_meter"": 10}, {""brand"": ""ТЛТ"", ""model"": ""ТЛТ-15"", ""source"": ""builtin"", ""voltage"": 220, ""max_temperature"": 65, ""min_temperature"": -40, ""power_per_meter"": 15}, {""brand"": ""ТЛТ"", ""model"": ""ТЛТ-20"", ""source"": ""builtin"", ""voltage"": 220, ""max_temperature"": 65, ""min_temperature"": -40, ""power_per_meter"": 20}, {""brand"": ""ТЛТ"", ""model"": ""ТЛТ-25"", ""source"": ""builtin"", ""voltage"": 220, ""max_temperature"": 85, ""min_temperature"": -50, ""power_per_meter"": 25}, {""brand"": ""ТЛТ"", ""model"": ""ТЛТ-30"", ""source"": ""builtin"", ""voltage"": 220, ""max_temperature"": 85, ""min_temperature"": -50, ""power_per_meter"": 30}, {""brand"": ""ТЛТ"", ""model"": ""ТЛТ-40"", ""source"": ""builtin"", ""voltage"": 220, ""max_temperature"": 110, ""min_temperature"": -50, ""power_per_meter"": 40}, {""brand"": ""ТЛТ"", ""model"": ""ТЛТ-50"", ""source"": ""builtin"", ""voltage"": 220, ""max_temperature"": 110, ""min_temperature"": -50, ""power_per_meter"": 50}, {""brand"": ""ТЛТ"", ""model"": ""ТЛТ-60"", ""source"": ""builtin"", ""voltage"": 220, ""max_temperature"": 120, ""min_temperature"": -55, ""power_per_meter"": 60}, {""brand"": ""ТЛТ"", ""model"": ""ТЛТ-75"", ""source"": ""builtin"", ""voltage"": 220, ""max_temperature"": 120, ""min_temperature"": -55, ""power_per_meter"": 75}, {""brand"": ""ТЛТ"", ""model"": ""ТЛТ-100"", ""source"": ""builtin"", ""voltage"": 220, ""max_temperature"": 150, ""min_temperature"": -60, ""power_per_meter"": 100}], ""safety_factor"": 1.1, ""supply_voltage"": 220.0, ""ambient_temperature"": 10.0, ""process_temperature"": 40.0, ""required_power_per_meter"": 5.545}";"{""current"": 23.64, ""voltage"": 220.0, ""total_power"": 5200.8, ""cable_length"": 520.08, ""selected_cable"": ""ТЛТ-10""}"
Шар. бак №8;2;self_regulating;ТЛТ-100;"{""cable_mark"": null, ""pipe_length"": 1.0, ""cable_catalog"": [{""brand"": ""ТЛТ"", ""model"": ""ТЛТ-10"", ""source"": ""builtin"", ""voltage"": 220, ""max_temperature"": 65, ""min_temperature"": -40, ""power_per_meter"": 10}, {""brand"": ""ТЛТ"", ""model"": ""ТЛТ-15"", ""source"": ""builtin"", ""voltage"": 220, ""max_temperature"": 65, ""min_temperature"": -40, ""power_per_meter"": 15}, {""brand"": ""ТЛТ"", ""model"": ""ТЛТ-20"", ""source"": ""builtin"", ""voltage"": 220, ""max_temperature"": 65, ""min_temperature"": -40, ""power_per_meter"": 20}, {""brand"": ""ТЛТ"", ""model"": ""ТЛТ-25"", ""source"": ""builtin"", ""voltage"": 220, ""max_temperature"": 85, ""min_temperature"": -50, ""power_per_meter"": 25}, {""brand"": ""ТЛТ"", ""model"": ""ТЛТ-30"", ""source"": ""builtin"", ""voltage"": 220, ""max_temperature"": 85, ""min_temperature"": -50, ""power_per_meter"": 30}, {""brand"": ""ТЛТ"", ""model"": ""ТЛТ-40"", ""source"": ""builtin"", ""voltage"": 220, ""max_temperature"": 110, ""min_temperature"": -50, ""power_per_meter"": 40}, {""brand"": ""ТЛТ"", ""model"": ""ТЛТ-50"", ""source"": ""builtin"", ""voltage"": 220, ""max_temperature"": 110, ""min_temperature"": -50, ""power_per_meter"": 50}, {""brand"": ""ТЛТ"", ""model"": ""ТЛТ-60"", ""source"": ""builtin"", ""voltage"": 220, ""max_temperature"": 120, ""min_temperature"": -55, ""power_per_meter"": 60}, {""brand"": ""ТЛТ"", ""model"": ""ТЛТ-75"", ""source"": ""builtin"", ""voltage"": 220, ""max_temperature"": 120, ""min_temperature"": -55, ""power_per_meter"": 75}, {""brand"": ""ТЛТ"", ""model"": ""ТЛТ-100"", ""source"": ""builtin"", ""voltage"": 220, ""max_temperature"": 150, ""min_temperature"": -60, ""power_per_meter"": 100}], ""safety_factor"": 1.1, ""supply_voltage"": 220.0, ""ambient_temperature"": -40.0, ""process_temperature"": 80.0, ""required_power_per_meter"": 84.534}";"{""current"": 0.5, ""voltage"": 220.0, ""total_power"": 110.0, ""cable_length"": 1.1, ""selected_cable"": ""ТЛТ-100""}"
Прям. бак №17;2;self_regulating;ТЛТ-25;"{""cable_mark"": null, ""pipe_length"": 3.0, ""cable_catalog"": [{""brand"": ""ТЛТ"", ""model"": ""ТЛТ-10"", ""source"": ""builtin"", ""voltage"": 220, ""max_temperature"": 65, ""min_temperature"": -40, ""power_per_meter"": 10}, {""brand"": ""ТЛТ"", ""model"": ""ТЛТ-15"", ""source"": ""builtin"", ""voltage"": 220, ""max_temperature"": 65, ""min_temperature"": -40, ""power_per_meter"": 15}, {""brand"": ""ТЛТ"", ""model"": ""ТЛТ-20"", ""source"": ""builtin"", ""voltage"": 220, ""max_temperature"": 65, ""min_temperature"": -40, ""power_per_meter"": 20}, {""brand"": ""ТЛТ"", ""model"": ""ТЛТ-25"", ""source"": ""builtin"", ""voltage"": 220, ""max_temperature"": 85, ""min_temperature"": -50, ""power_per_meter"": 25}, {""brand"": ""ТЛТ"", ""model"": ""ТЛТ-30"", ""source"": ""builtin"", ""voltage"": 220, ""max_temperature"": 85, ""min_temperature"": -50, ""power_per_meter"": 30}, {""brand"": ""ТЛТ"", ""model"": ""ТЛТ-40"", ""source"": ""builtin"", ""voltage"": 220, ""max_temperature"": 110, ""min_temperature"": -50, ""power_per_meter"": 40}, {""brand"": ""ТЛТ"", ""model"": ""ТЛТ-50"", ""source"": ""builtin"", ""voltage"": 220, ""max_temperature"": 110, ""min_temperature"": -50, ""power_per_meter"": 50}, {""brand"": ""ТЛТ"", ""model"": ""ТЛТ-60"", ""source"": ""builtin"", ""voltage"": 220, ""max_temperature"": 120, ""min_temperature"": -55, ""power_per_meter"": 60}, {""brand"": ""ТЛТ"", ""model"": ""ТЛТ-75"", ""source"": ""builtin"", ""voltage"": 220, ""max_temperature"": 120, ""min_temperature"": -55, ""power_per_meter"": 75}, {""brand"": ""ТЛТ"", ""model"": ""ТЛТ-100"", ""source"": ""builtin"", ""voltage"": 220, ""max_temperature"": 150, ""min_temperature"": -60, ""power_per_meter"": 100}], ""safety_factor"": 1.1, ""supply_voltage"": 220.0, ""ambient_temperature"": 0.0, ""process_temperature"": 80.0, ""required_power_per_meter"": 11.066}";"{""current"": 0.375, ""voltage"": 220.0, ""total_power"": 82.5, ""cable_length"": 3.3, ""selected_cable"": ""ТЛТ-25""}"
Шар. бак №26;2;self_regulating;ТЛТ-40;"{""cable_mark"": null, ""pipe_length"": 1.0, ""cable_catalog"": [{""brand"": ""ТЛТ"", ""model"": ""ТЛТ-10"", ""source"": ""builtin"", ""voltage"": 220, ""max_temperature"": 65, ""min_temperature"": -40, ""power_per_meter"": 10}, {""brand"": ""ТЛТ"", ""model"": ""ТЛТ-15"", ""source"": ""builtin"", ""voltage"": 220, ""max_temperature"": 65, ""min_temperature"": -40, ""power_per_meter"": 15}, {""brand"": ""ТЛТ"", ""model"": ""ТЛТ-20"", ""source"": ""builtin"", ""voltage"": 220, ""max_temperature"": 65, ""min_temperature"": -40, ""power_per_meter"": 20}, {""brand"": ""ТЛТ"", ""model"": ""ТЛТ-25"", ""source"": ""builtin"", ""voltage"": 220, ""max_temperature"": 85, ""min_temperature"": -50, ""power_per_meter"": 25}, {""brand"": ""ТЛТ"", ""model"": ""ТЛТ-30"", ""source"": ""builtin"", ""voltage"": 220, ""max_temperature"": 85, ""min_temperature"": -50, ""power_per_meter"": 30}, {""brand"": ""ТЛТ"", ""model"": ""ТЛТ-40"", ""source"": ""builtin"", ""voltage"": 220, ""max_temperature"": 110, ""min_temperature"": -50, ""power_per_meter"": 40}, {""brand"": ""ТЛТ"", ""model"": ""ТЛТ-50"", ""source"": ""builtin"", ""voltage"": 220, ""max_temperature"": 110, ""min_temperature"": -50, ""power_per_meter"": 50}, {""brand"": ""ТЛТ"", ""model"": ""ТЛТ-60"", ""source"": ""builtin"", ""voltage"": 220, ""max_temperature"": 120, ""min_temperature"": -55, ""power_per_meter"": 60}, {""brand"": ""ТЛТ"", ""model"": ""ТЛТ-75"", ""source"": ""builtin"", ""voltage"": 220, ""max_temperature"": 120, ""min_temperature"": -55, ""power_per_meter"": 75}, {""brand"": ""ТЛТ"", ""model"": ""ТЛТ-100"", ""source"": ""builtin"", ""voltage"": 220, ""max_temperature"": 150, ""min_temperature"": -60, ""power_per_meter"": 100}], ""safety_factor"": 1.1, ""supply_voltage"": 220.0, ""ambient_temperature"": -10.0, ""process_temperature"": 100.0, ""required_power_per_meter"": 30.074}";"{""current"": 0.2, ""voltage"": 220.0, ""total_power"": 44.0, ""cable_length"": 1.1, ""selected_cable"": ""ТЛТ-40""}"
Труба DN108 №54;2;self_regulating;ТЛТ-50;"{""cable_mark"": null, ""pipe_length"": 62.1, ""cable_catalog"": [{""brand"": ""ТЛТ"", ""model"": ""ТЛТ-10"", ""source"": ""builtin"", ""voltage"": 220, ""max_temperature"": 65, ""min_temperature"": -40, ""power_per_meter"": 10}, {""brand"": ""ТЛТ"", ""model"": ""ТЛТ-15"", ""source"": ""builtin"", ""voltage"": 220, ""max_temperature"": 65, ""min_temperature"": -40, ""power_per_meter"": 15}, {""brand"": ""ТЛТ"", ""model"": ""ТЛТ-20"", ""source"": ""builtin"", ""voltage"": 220, ""max_temperature"": 65, ""min_temperature"": -40, ""power_per_meter"": 20}, {""brand"": ""ТЛТ"", ""model"": ""ТЛТ-25"", ""source"": ""builtin"", ""voltage"": 220, ""max_temperature"": 85, ""min_temperature"": -50, ""power_per_meter"": 25}, {""brand"": ""ТЛТ"", ""model"": ""ТЛТ-30"", ""source"": ""builtin"", ""voltage"": 220, ""max_temperature"": 85, ""min_temperature"": -50, ""power_per_meter"": 30}, {""brand"": ""ТЛТ"", ""model"": ""ТЛТ-40"", ""source"": ""builtin"", ""voltage"": 220, ""max_temperature"": 110, ""min_temperature"": -50, ""power_per_meter"": 40}, {""brand"": ""ТЛТ"", ""model"": ""ТЛТ-50"", ""source"": ""builtin"", ""voltage"": 220, ""max_temperature"": 110, ""min_temperature"": -50, ""power_per_meter"": 50}, {""brand"": ""ТЛТ"", ""model"": ""ТЛТ-60"", ""source"": ""builtin"", ""voltage"": 220, ""max_temperature"": 120, ""min_temperature"": -55, ""power_per_meter"": 60}, {""brand"": ""ТЛТ"", ""model"": ""ТЛТ-75"", ""source"": ""builtin"", ""voltage"": 220, ""max_temperature"": 120, ""min_temperature"": -55, ""power_per_meter"": 75}, {""brand"": ""ТЛТ"", ""model"": ""ТЛТ-100"", ""source"": ""builtin"", ""voltage"": 220, ""max_temperature"": 150, ""min_temperature"": -60, ""power_per_meter"": 100}], ""safety_factor"": 1.1, ""supply_voltage"": 220.0, ""ambient_temperature"": 10.0, ""process_temperature"": 60.0, ""required_power_per_meter"": 40.155}";"{""current"": 15.525, ""voltage"": 220.0, ""total_power"": 3415.5, ""cable_length"": 68.31, ""selected_cable"": ""ТЛТ-50""}"
Труба DN325 №58;2;self_regulating;ТЛТ-50;"{""cable_mark"": null, ""pipe_length"": 278.1, ""cable_catalog"": [{""brand"": ""ТЛТ"", ""model"": ""ТЛТ-10"", ""source"": ""builtin"", ""voltage"": 220, ""max_temperature"": 65, ""min_temperature"": -40, ""power_per_meter"": 10}, {""brand"": ""ТЛТ"", ""model"": ""ТЛТ-15"", ""source"": ""builtin"", ""voltage"": 220, ""max_temperature"": 65, ""min_temperature"": -40, ""power_per_meter"": 15}, {""brand"": ""ТЛТ"", ""model"": ""ТЛТ-20"", ""source"": ""builtin"", ""voltage"": 220, ""max_temperature"": 65, ""min_temperature"": -40, ""power_per_meter"": 20}, {""brand"": ""ТЛТ"", ""model"": ""ТЛТ-25"", ""source"": ""builtin"", ""voltage"": 220, ""max_temperature"": 85, ""min_temperature"": -50, ""power_per_meter"": 25}, {""brand"": ""ТЛТ"", ""model"": ""ТЛТ-30"", ""source"": ""builtin"", ""voltage"": 220, ""max_temperature"": 85, ""min_temperature"": -50, ""power_per_meter"": 30}, {""brand"": ""ТЛТ"", ""model"": ""ТЛТ-40"", ""source"": ""builtin"", ""voltage"": 220, ""max_temperature"": 110, ""min_temperature"": -50, ""power_per_meter"": 40}, {""brand"": ""ТЛТ"", ""model"": ""ТЛТ-50"", ""source"": ""builtin"", ""voltage"": 220, ""max_temperature"": 110, ""min_temperature"": -50, ""power_per_meter"": 50}, {""brand"": ""ТЛТ"", ""model"": ""ТЛТ-60"", ""source"": ""builtin"", ""voltage"": 220, ""max_temperature"": 120, ""min_temperature"": -55, ""power_per_meter"": 60}, {""brand"": ""ТЛТ"", ""model"": ""ТЛТ-75"", ""source"": ""builtin"", ""voltage"": 220, ""max_temperature"": 120, ""min_temperature"": -55, ""power_per_meter"": 75}, {""brand"": ""ТЛТ"", ""model"": ""ТЛТ-100"", ""source"": ""builtin"", ""voltage"": 220, ""max_temperature"": 150, ""min_temperature"": -60, ""power_per_meter"": 100}], ""safety_factor"": 1.1, ""supply_voltage"": 220.0, ""ambient_temperature"": -40.0, ""process_temperature"": 50.0, ""required_power_per_meter"": 36.835}";"{""current"": 69.525, ""voltage"": 220.0, ""total_power"": 15295.5, ""cable_length"": 305.91, ""selected_cable"": ""ТЛТ-50""}"
Цил. бак №3;2;self_regulating;ТЛТ-25;"{""cable_mark"": null, ""pipe_length"": 4.0, ""cable_catalog"": [{""brand"": ""ТЛТ"", ""model"": ""ТЛТ-10"", ""source"": ""builtin"", ""voltage"": 220, ""max_temperature"": 65, ""min_temperature"": -40, ""power_per_meter"": 10}, {""brand"": ""ТЛТ"", ""model"": ""ТЛТ-15"", ""source"": ""builtin"", ""voltage"": 220, ""max_temperature"": 65, ""min_temperature"": -40, ""power_per_meter"": 15}, {""brand"": ""ТЛТ"", ""model"": ""ТЛТ-20"", ""source"": ""builtin"", ""voltage"": 220, ""max_temperature"": 65, ""min_temperature"": -40, ""power_per_meter"": 20}, {""brand"": ""ТЛТ"", ""model"": ""ТЛТ-25"", ""source"": ""builtin"", ""voltage"": 220, ""max_temperature"": 85, ""min_temperature"": -50, ""power_per_meter"": 25}, {""brand"": ""ТЛТ"", ""model"": ""ТЛТ-30"", ""source"": ""builtin"", ""voltage"": 220, ""max_temperature"": 85, ""min_temperature"": -50, ""power_per_meter"": 30}, {""brand"": ""ТЛТ"", ""model"": ""ТЛТ-40"", ""source"": ""builtin"", ""voltage"": 220, ""max_temperature"": 110, ""min_temperature"": -50, ""power_per_meter"": 40}, {""brand"": ""ТЛТ"", ""model"": ""ТЛТ-50"", ""source"": ""builtin"", ""voltage"": 220, ""max_temperature"": 110, ""min_temperature"": -50, ""power_per_meter"": 50}, {""brand"": ""ТЛТ"", ""model"": ""ТЛТ-60"", ""source"": ""builtin"", ""voltage"": 220, ""max_temperature"": 120, ""min_temperature"": -55, ""power_per_meter"": 60}, {""brand"": ""ТЛТ"", ""model"": ""ТЛТ-75"", ""source"": ""builtin"", ""voltage"": 220, ""max_temperature"": 120, ""min_temperature"": -55, ""power_per_meter"": 75}, {""brand"": ""ТЛТ"", ""model"": ""ТЛТ-100"", ""source"": ""builtin"", ""voltage"": 220, ""max_temperature"": 150, ""min_temperature"": -60, ""power_per_meter"": 100}], ""safety_factor"": 1.1, ""supply_voltage"": 220.0, ""ambient_temperature"": -10.0, ""process_temperature"": 40.0, ""required_power_per_meter"": 18.71}";"{""current"": 0.5, ""voltage"": 220.0, ""total_power"": 110.0, ""cable_length"": 4.4, ""selected_cable"": ""ТЛТ-25""}"
Прям. бак №7;2;self_regulating;ТЛТ-40;"{""cable_mark"": null, ""pipe_length"": 4.0, ""cable_catalog"": [{""brand"": ""ТЛТ"", ""model"": ""ТЛТ-10"", ""source"": ""builtin"", ""voltage"": 220, ""max_temperature"": 65, ""min_temperature"": -40, ""power_per_meter"": 10}, {""brand"": ""ТЛТ"", ""model"": ""ТЛТ-15"", ""source"": ""builtin"", ""voltage"": 220, ""max_temperature"": 65, ""min_temperature"": -40, ""power_per_meter"": 15}, {""brand"": ""ТЛТ"", ""model"": ""ТЛТ-20"", ""source"": ""builtin"", ""voltage"": 220, ""max_temperature"": 65, ""min_temperature"": -40, ""power_per_meter"": 20}, {""brand"": ""ТЛТ"", ""model"": ""ТЛТ-25"", ""source"": ""builtin"", ""voltage"": 220, ""max_temperature"": 85, ""min_temperature"": -50, ""power_per_meter"": 25}, {""brand"": ""ТЛТ"", ""model"": ""ТЛТ-30"", ""source"": ""builtin"", ""voltage"": 220, ""max_temperature"": 85, ""min_temperature"": -50, ""power_per_meter"": 30}, {""brand"": ""ТЛТ"", ""model"": ""ТЛТ-40"", ""source"": ""builtin"", ""voltage"": 220, ""max_temperature"": 110, ""min_temperature"": -50, ""power_per_meter"": 40}, {""brand"": ""ТЛТ"", ""model"": ""ТЛТ-50"", ""source"": ""builtin"", ""voltage"": 220, ""max_temperature"": 110, ""min_temperature"": -50, ""power_per_meter"": 50}, {""brand"": ""ТЛТ"", ""model"": ""ТЛТ-60"", ""source"": ""builtin"", ""voltage"": 220, ""max_temperature"": 120, ""min_temperature"": -55, ""power_per_meter"": 60}, {""brand"": ""ТЛТ"", ""model"": ""ТЛТ-75"", ""source"": ""builtin"", ""voltage"": 220, ""max_temperature"": 120, ""min_temperature"": -55, ""power_per_meter"": 75}, {""brand"": ""ТЛТ"", ""model"": ""ТЛТ-100"", ""source"": ""builtin"", ""voltage"": 220, ""max_temperature"": 150, ""min_temperature"": -60, ""power_per_meter"": 100}], ""safety_factor"": 1.1, ""supply_voltage"": 220.0, ""ambient_temperature"": -20.0, ""process_temperature"": 80.0, ""required_power_per_meter"": 29.244}";"{""current"": 0.8, ""voltage"": 220.0, ""total_power"": 176.0, ""cable_length"": 4.4, ""selected_cable"": ""ТЛТ-40""}"
Труба DN34 №50;2;self_regulating;ТЛТ-10;"{""cable_mark"": null, ""pipe_length"": 9.6, ""cable_catalog"": [{""brand"": ""ТЛТ"", ""model"": ""ТЛТ-10"", ""source"": ""builtin"", ""voltage"": 220, ""max_temperature"": 65, ""min_temperature"": -40, ""power_per_meter"": 10}, {""brand"": ""ТЛТ"", ""model"": ""ТЛТ-15"", ""source"": ""builtin"", ""voltage"": 220, ""max_temperature"": 65, ""min_temperature"": -40, ""power_per_meter"": 15}, {""brand"": ""ТЛТ"", ""model"": ""ТЛТ-20"", ""source"": ""builtin"", ""voltage"": 220, ""max_temperature"": 65, ""min_temperature"": -40, ""power_per_meter"": 20}, {""brand"": ""ТЛТ"", ""model"": ""ТЛТ-25"", ""source"": ""builtin"", ""voltage"": 220, ""max_temperature"": 85, ""min_temperature"": -50, ""power_per_meter"": 25}, {""brand"": ""ТЛТ"", ""model"": ""ТЛТ-30"", ""source"": ""builtin"", ""voltage"": 220, ""max_temperature"": 85, ""min_temperature"": -50, ""power_per_meter"": 30}, {""brand"": ""ТЛТ"", ""model"": ""ТЛТ-40"", ""source"": ""builtin"", ""voltage"": 220, ""max_temperature"": 110, ""min_temperature"": -50, ""power_per_meter"": 40}, {""brand"": ""ТЛТ"", ""model"": ""ТЛТ-50"", ""source"": ""builtin"", ""voltage"": 220, ""max_temperature"": 110, ""min_temperature"": -50, ""power_per_meter"": 50}, {""brand"": ""ТЛТ"", ""model"": ""ТЛТ-60"", ""source"": ""builtin"", ""voltage"": 220, ""max_temperature"": 120, ""min_temperature"": -55, ""power_per_meter"": 60}, {""brand"": ""ТЛТ"", ""model"": ""ТЛТ-75"", ""source"": ""builtin"", ""voltage"": 220, ""max_temperature"": 120, ""min_temperature"": -55, ""power_per_meter"": 75}, {""brand"": ""ТЛТ"", ""model"": ""ТЛТ-100"", ""source"": ""builtin"", ""voltage"": 220, ""max_temperature"": 150, ""min_temperature"": -60, ""power_per_meter"": 100}], ""safety_factor"": 1.1, ""supply_voltage"": 220.0, ""ambient_temperature"": -30.0, ""process_temperature"": 50.0, ""required_power_per_meter"": 5.997}";"{""current"": 0.48, ""voltage"": 220.0, ""total_power"": 105.6, ""cable_length"": 10.56, ""selected_cable"": ""ТЛТ-10""}"
Труба DN21 №53;2;self_regulating;ТЛТ-10;"{""cable_mark"": null, ""pipe_length"": 335.6, ""cable_catalog"": [{""brand"": ""ТЛТ"", ""model"": ""ТЛТ-10"", ""source"": ""builtin"", ""voltage"": 220, ""max_temperature"": 65, ""min_temperature"": -40, ""power_per_meter"": 10}, {""brand"": ""ТЛТ"", ""model"": ""ТЛТ-15"", ""source"": ""builtin"", ""voltage"": 220, ""max_temperature"": 65, ""min_temperature"": -40, ""power_per_meter"": 15}, {""brand"": ""ТЛТ"", ""model"": ""ТЛТ-20"", ""source"": ""builtin"", ""voltage"": 220, ""max_temperature"": 65, ""min_temperature"": -40, ""power_per_meter"": 20}, {""brand"": ""ТЛТ"", ""model"": ""ТЛТ-25"", ""source"": ""builtin"", ""voltage"": 220, ""max_temperature"": 85, ""min_temperature"": -50, ""power_per_meter"": 25}, {""brand"": ""ТЛТ"", ""model"": ""ТЛТ-30"", ""source"": ""builtin"", ""voltage"": 220, ""max_temperature"": 85, ""min_temperature"": -50, ""power_per_meter"": 30}, {""brand"": ""ТЛТ"", ""model"": ""ТЛТ-40"", ""source"": ""builtin"", ""voltage"": 220, ""max_temperature"": 110, ""min_temperature"": -50, ""power_per_meter"": 40}, {""brand"": ""ТЛТ"", ""model"": ""ТЛТ-50"", ""source"": ""builtin"", ""voltage"": 220, ""max_temperature"": 110, ""min_temperature"": -50, ""power_per_meter"": 50}, {""brand"": ""ТЛТ"", ""model"": ""ТЛТ-60"", ""source"": ""builtin"", ""voltage"": 220, ""max_temperature"": 120, ""min_temperature"": -55, ""power_per_meter"": 60}, {""brand"": ""ТЛТ"", ""model"": ""ТЛТ-75"", ""source"": ""builtin"", ""voltage"": 220, ""max_temperature"": 120, ""min_temperature"": -55, ""power_per_meter"": 75}, {""brand"": ""ТЛТ"", ""model"": ""ТЛТ-100"", ""source"": ""builtin"", ""voltage"": 220, ""max_temperature"": 150, ""min_temperature"": -60, ""power_per_meter"": 100}], ""safety_factor"": 1.1, ""supply_voltage"": 220.0, ""ambient_temperature"": -30.0, ""process_temperature"": 60.0, ""required_power_per_meter"": 7.261}";"{""current"": 16.78, ""voltage"": 220.0, ""total_power"": 3691.6, ""cable_length"": 369.16, ""selected_cable"": ""ТЛТ-10""}"
Шар. бак №2;2;self_regulating;ТЛТ-20;"{""cable_mark"": null, ""pipe_length"": 1.0, ""cable_catalog"": [{""brand"": ""ТЛТ"", ""model"": ""ТЛТ-10"", ""source"": ""builtin"", ""voltage"": 220, ""max_temperature"": 65, ""min_temperature"": -40, ""power_per_meter"": 10}, {""brand"": ""ТЛТ"", ""model"": ""ТЛТ-15"", ""source"": ""builtin"", ""voltage"": 220, ""max_temperature"": 65, ""min_temperature"": -40, ""power_per_meter"": 15}, {""brand"": ""ТЛТ"", ""model"": ""ТЛТ-20"", ""source"": ""builtin"", ""voltage"": 220, ""max_temperature"": 65, ""min_temperature"": -40, ""power_per_meter"": 20}, {""brand"": ""ТЛТ"", ""model"": ""ТЛТ-25"", ""source"": ""builtin"", ""voltage"": 220, ""max_temperature"": 85, ""min_temperature"": -50, ""power_per_meter"": 25}, {""brand"": ""ТЛТ"", ""model"": ""ТЛТ-30"", ""source"": ""builtin"", ""voltage"": 220, ""max_temperature"": 85, ""min_temperature"": -50, ""power_per_meter"": 30}, {""brand"": ""ТЛТ"", ""model"": ""ТЛТ-40"", ""source"": ""builtin"", ""voltage"": 220, ""max_temperature"": 110, ""min_temperature"": -50, ""power_per_meter"": 40}, {""brand"": ""ТЛТ"", ""model"": ""ТЛТ-50"", ""source"": ""builtin"", ""voltage"": 220, ""max_temperature"": 110, ""min_temperature"": -50, ""power_per_meter"": 50}, {""brand"": ""ТЛТ"", ""model"": ""ТЛТ-60"", ""source"": ""builtin"", ""voltage"": 220, ""max_temperature"": 120, ""min_temperature"": -55, ""power_per_meter"": 60}, {""brand"": ""ТЛТ"", ""model"": ""ТЛТ-75"", ""source"": ""builtin"", ""voltage"": 220, ""max_temperature"": 120, ""min_temperature"": -55, ""power_per_meter"": 75}, {""brand"": ""ТЛТ"", ""model"": ""ТЛТ-100"", ""source"": ""builtin"", ""voltage"": 220, ""max_temperature"": 150, ""min_temperature"": -60, ""power_per_meter"": 100}], ""safety_factor"": 1.1, ""supply_voltage"": 220.0, ""ambient_temperature"": 0.0, ""process_temperature"": 60.0, ""required_power_per_meter"": 14.875}";"{""current"": 0.1, ""voltage"": 220.0, ""total_power"": 22.0, ""cable_length"": 1.1, ""selected_cable"": ""ТЛТ-20""}"
Шар. бак №11;2;self_regulating;ТЛТ-100;"{""cable_mark"": null, ""pipe_length"": 1.0, ""cable_catalog"": [{""brand"": ""ТЛТ"", ""model"": ""ТЛТ-10"", ""source"": ""builtin"", ""voltage"": 220, ""max_temperature"": 65, ""min_temperature"": -40, ""power_per_meter"": 10}, {""brand"": ""ТЛТ"", ""model"": ""ТЛТ-15"", ""source"": ""builtin"", ""voltage"": 220, ""max_temperature"": 65, ""min_temperature"": -40, ""power_per_meter"": 15}, {""brand"": ""ТЛТ"", ""model"": ""ТЛТ-20"", ""source"": ""builtin"", ""voltage"": 220, ""max_temperature"": 65, ""min_temperature"": -40, ""power_per_meter"": 20}, {""brand"": ""ТЛТ"", ""model"": ""ТЛТ-25"", ""source"": ""builtin"", ""voltage"": 220, ""max_temperature"": 85, ""min_temperature"": -50, ""power_per_meter"": 25}, {""brand"": ""ТЛТ"", ""model"": ""ТЛТ-30"", ""source"": ""builtin"", ""voltage"": 220, ""max_temperature"": 85, ""min_temperature"": -50, ""power_per_meter"": 30}, {""brand"": ""ТЛТ"", ""model"": ""ТЛТ-40"", ""source"": ""builtin"", ""voltage"": 220, ""max_temperature"": 110, ""min_temperature"": -50, ""power_per_meter"": 40}, {""brand"": ""ТЛТ"", ""model"": ""ТЛТ-50"", ""source"": ""builtin"", ""voltage"": 220, ""max_temperature"": 110, ""min_temperature"": -50, ""power_per_meter"": 50}, {""brand"": ""ТЛТ"", ""model"": ""ТЛТ-60"", ""source"": ""builtin"", ""voltage"": 220, ""max_temperature"": 120, ""min_temperature"": -55, ""power_per_meter"": 60}, {""brand"": ""ТЛТ"", ""model"": ""ТЛТ-75"", ""source"": ""builtin"", ""voltage"": 220, ""max_temperature"": 120, ""min_temperature"": -55, ""power_per_meter"": 75}, {""brand"": ""ТЛТ"", ""model"": ""ТЛТ-100"", ""source"": ""builtin"", ""voltage"": 220, ""max_temperature"": 150, ""min_temperature"": -60, ""power_per_meter"": 100}], ""safety_factor"": 1.1, ""supply_voltage"": 220.0, ""ambient_temperature"": -40.0, ""process_temperature"": 100.0, ""required_power_per_meter"": 74.789}";"{""current"": 0.5, ""voltage"": 220.0, ""total_power"": 110.0, ""cable_length"": 1.1, ""selected_cable"": ""ТЛТ-100""}"
Прям. бак №20;2;self_regulating;ТЛТ-100;"{""cable_mark"": null, ""pipe_length"": 3.0, ""cable_catalog"": [{""brand"": ""ТЛТ"", ""model"": ""ТЛТ-10"", ""source"": ""builtin"", ""voltage"": 220, ""max_temperature"": 65, ""min_temperature"": -40, ""power_per_meter"": 10}, {""brand"": ""ТЛТ"", ""model"": ""ТЛТ-15"", ""source"": ""builtin"", ""voltage"": 220, ""max_temperature"": 65, ""min_temperature"": -40, ""power_per_meter"": 15}, {""brand"": ""ТЛТ"", ""model"": ""ТЛТ-20"", ""source"": ""builtin"", ""voltage"": 220, ""max_temperature"": 65, ""min_temperature"": -40, ""power_per_meter"": 20}, {""brand"": ""ТЛТ"", ""model"": ""ТЛТ-25"", ""source"": ""builtin"", ""voltage"": 220, ""max_temperature"": 85, ""min_temperature"": -50, ""power_per_meter"": 25}, {""brand"": ""ТЛТ"", ""model"": ""ТЛТ-30"", ""source"": ""builtin"", ""voltage"": 220, ""max_temperature"": 85, ""min_temperature"": -50, ""power_per_meter"": 30}, {""brand"": ""ТЛТ"", ""model"": ""ТЛТ-40"", ""source"": ""builtin"", ""voltage"": 220, ""max_temperature"": 110, ""min_temperature"": -50, ""power_per_meter"": 40}, {""brand"": ""ТЛТ"", ""model"": ""ТЛТ-50"", ""source"": ""builtin"", ""voltage"": 220, ""max_temperature"": 110, ""min_temperature"": -50, ""power_per_meter"": 50}, {""brand"": ""ТЛТ"", ""model"": ""ТЛТ-60"", ""source"": ""builtin"", ""voltage"": 220, ""max_temperature"": 120, ""min_temperature"": -55, ""power_per_meter"": 60}, {""brand"": ""ТЛТ"", ""model"": ""ТЛТ-75"", ""source"": ""builtin"", ""voltage"": 220, ""max_temperature"": 120, ""min_temperature"": -55, ""power_per_meter"": 75}, {""brand"": ""ТЛТ"", ""model"": ""ТЛТ-100"", ""source"": ""builtin"", ""voltage"": 220, ""max_temperature"": 150, ""min_temperature"": -60, ""power_per_meter"": 100}], ""safety_factor"": 1.1, ""supply_voltage"": 220.0, ""ambient_temperature"": -30.0, ""process_temperature"": 40.0, ""required_power_per_meter"": 73.818}";"{""current"": 1.5, ""voltage"": 220.0, ""total_power"": 330.0, ""cable_length"": 3.3, ""selected_cable"": ""ТЛТ-100""}"
Цил. бак №27;2;self_regulating;ТЛТ-40;"{""cable_mark"": null, ""pipe_length"": 4.0, ""cable_catalog"": [{""brand"": ""ТЛТ"", ""model"": ""ТЛТ-10"", ""source"": ""builtin"", ""voltage"": 220, ""max_temperature"": 65, ""min_temperature"": -40, ""power_per_meter"": 10}, {""brand"": ""ТЛТ"", ""model"": ""ТЛТ-15"", ""source"": ""builtin"", ""voltage"": 220, ""max_temperature"": 65, ""min_temperature"": -40, ""power_per_meter"": 15}, {""brand"": ""ТЛТ"", ""model"": ""ТЛТ-20"", ""source"": ""builtin"", ""voltage"": 220, ""max_temperature"": 65, ""min_temperature"": -40, ""power_per_meter"": 20}, {""brand"": ""ТЛТ"", ""model"": ""ТЛТ-25"", ""source"": ""builtin"", ""voltage"": 220, ""max_temperature"": 85, ""min_temperature"": -50, ""power_per_meter"": 25}, {""brand"": ""ТЛТ"", ""model"": ""ТЛТ-30"", ""source"": ""builtin"", ""voltage"": 220, ""max_temperature"": 85, ""min_temperature"": -50, ""power_per_meter"": 30}, {""brand"": ""ТЛТ"", ""model"": ""ТЛТ-40"", ""source"": ""builtin"", ""voltage"": 220, ""max_temperature"": 110, ""min_temperature"": -50, ""power_per_meter"": 40}, {""brand"": ""ТЛТ"", ""model"": ""ТЛТ-50"", ""source"": ""builtin"", ""voltage"": 220, ""max_temperature"": 110, ""min_temperature"": -50, ""power_per_meter"": 50}, {""brand"": ""ТЛТ"", ""model"": ""ТЛТ-60"", ""source"": ""builtin"", ""voltage"": 220, ""max_temperature"": 120, ""min_temperature"": -55, ""power_per_meter"": 60}, {""brand"": ""ТЛТ"", ""model"": ""ТЛТ-75"", ""source"": ""builtin"", ""voltage"": 220, ""max_temperature"": 120, ""min_temperature"": -55, ""power_per_meter"": 75}, {""brand"": ""ТЛТ"", ""model"": ""ТЛТ-100"", ""source"": ""builtin"", ""voltage"": 220, ""max_temperature"": 150, ""min_temperature"": -60, ""power_per_meter"": 100}], ""safety_factor"": 1.1, ""supply_voltage"": 220.0, ""ambient_temperature"": -10.0, ""process_temperature"": 80.0, ""required_power_per_meter"": 27.743}";"{""current"": 0.8, ""voltage"": 220.0, ""total_power"": 176.0, ""cable_length"": 4.4, ""selected_cable"": ""ТЛТ-40""}"
Прям. бак №32;2;self_regulating;ТЛТ-50;"{""cable_mark"": null, ""pipe_length"": 3.0, ""cable_catalog"": [{""brand"": ""ТЛТ"", ""model"": ""ТЛТ-10"", ""source"": ""builtin"", ""voltage"": 220, ""max_temperature"": 65, ""min_temperature"": -40, ""power_per_meter"": 10}, {""brand"": ""ТЛТ"", ""model"": ""ТЛТ-15"", ""source"": ""builtin"", ""voltage"": 220, ""max_temperature"": 65, ""min_temperature"": -40, ""power_per_meter"": 15}, {""brand"": ""ТЛТ"", ""model"": ""ТЛТ-20"", ""source"": ""builtin"", ""voltage"": 220, ""max_temperature"": 65, ""min_temperature"": -40, ""power_per_meter"": 20}, {""brand"": ""ТЛТ"", ""model"": ""ТЛТ-25"", ""source"": ""builtin"", ""voltage"": 220, ""max_temperature"": 85, ""min_temperature"": -50, ""power_per_meter"": 25}, {""brand"": ""ТЛТ"", ""model"": ""ТЛТ-30"", ""source"": ""builtin"", ""voltage"": 220, ""max_temperature"": 85, ""min_temperature"": -50, ""power_per_meter"": 30}, {""brand"": ""ТЛТ"", ""model"": ""ТЛТ-40"", ""source"": ""builtin"", ""voltage"": 220, ""max_temperature"": 110, ""min_temperature"": -50, ""power_per_meter"": 40}, {""brand"": ""ТЛТ"", ""model"": ""ТЛТ-50"", ""source"": ""builtin"", ""voltage"": 220, ""max_temperature"": 110, ""min_temperature"": -50, ""power_per_meter"": 50}, {""brand"": ""ТЛТ"", ""model"": ""ТЛТ-60"", ""source"": ""builtin"", ""voltage"": 220, ""max_temperature"": 120, ""min_temperature"": -55, ""power_per_meter"": 60}, {""brand"": ""ТЛТ"", ""model"": ""ТЛТ-75"", ""source"": ""builtin"", ""voltage"": 220, ""max_temperature"": 120, ""min_temperature"": -55, ""power_per_meter"": 75}, {""brand"": ""ТЛТ"", ""model"": ""ТЛТ-100"", ""source"": ""builtin"", ""voltage"": 220, ""max_temperature"": 150, ""min_temperature"": -60, ""power_per_meter"": 100}], ""safety_factor"": 1.1, ""supply_voltage"": 220.0, ""ambient_temperature"": -10.0, ""process_temperature"": 100.0, ""required_power_per_meter"": 37.372}";"{""current"": 0.75, ""voltage"": 220.0, ""total_power"": 165.0, ""cable_length"": 3.3, ""selected_cable"": ""ТЛТ-50""}"
Труба DN108 №55;2;self_regulating;ТЛТ-60;"{""cable_mark"": null, ""pipe_length"": 144.5, ""cable_catalog"": [{""brand"": ""ТЛТ"", ""model"": ""ТЛТ-10"", ""source"": ""builtin"", ""voltage"": 220, ""max_temperature"": 65, ""min_temperature"": -40, ""power_per_meter"": 10}, {""brand"": ""ТЛТ"", ""model"": ""ТЛТ-15"", ""source"": ""builtin"", ""voltage"": 220, ""max_temperature"": 65, ""min_temperature"": -40, ""power_per_meter"": 15}, {""brand"": ""ТЛТ"", ""model"": ""ТЛТ-20"", ""source"": ""builtin"", ""voltage"": 220, ""max_temperature"": 65, ""min_temperature"": -40, ""power_per_meter"": 20}, {""brand"": ""ТЛТ"", ""model"": ""ТЛТ-25"", ""source"": ""builtin"", ""voltage"": 220, ""max_temperature"": 85, ""min_temperature"": -50, ""power_per_meter"": 25}, {""brand"": ""ТЛТ"", ""model"": ""ТЛТ-30"", ""source"": ""builtin"", ""voltage"": 220, ""max_temperature"": 85, ""min_temperature"": -50, ""power_per_meter"": 30}, {""brand"": ""ТЛТ"", ""model"": ""ТЛТ-40"", ""source"": ""builtin"", ""voltage"": 220, ""max_temperature"": 110, ""min_temperature"": -50, ""power_per_meter"": 40}, {""brand"": ""ТЛТ"", ""model"": ""ТЛТ-50"", ""source"": ""builtin"", ""voltage"": 220, ""max_temperature"": 110, ""min_temperature"": -50, ""power_per_meter"": 50}, {""brand"": ""ТЛТ"", ""model"": ""ТЛТ-60"", ""source"": ""builtin"", ""voltage"": 220, ""max_temperature"": 120, ""min_temperature"": -55, ""power_per_meter"": 60}, {""brand"": ""ТЛТ"", ""model"": ""ТЛТ-75"", ""source"": ""builtin"", ""voltage"": 220, ""max_temperature"": 120, ""min_temperature"": -55, ""power_per_meter"": 75}, {""brand"": ""ТЛТ"", ""model"": ""ТЛТ-100"", ""source"": ""builtin"", ""voltage"": 220, ""max_temperature"": 150, ""min_temperature"": -60, ""power_per_meter"": 100}], ""safety_factor"": 1.1, ""supply_voltage"": 220.0, ""ambient_temperature"": -10.0, ""process_temperature"": 70.0, ""required_power_per_meter"": 53.219}";"{""current"": 43.35, ""voltage"": 220.0, ""total_power"": 9537.0, ""cable_length"": 158.95, ""selected_cable"": ""ТЛТ-60""}"
Труба DN159 №60;2;self_regulating;ТЛТ-40;"{""cable_mark"": null, ""pipe_length"": 293.3, ""cable_catalog"": [{""brand"": ""ТЛТ"", ""model"": ""ТЛТ-10"", ""source"": ""builtin"", ""voltage"": 220, ""max_temperature"": 65, ""min_temperature"": -40, ""power_per_meter"": 10}, {""brand"": ""ТЛТ"", ""model"": ""ТЛТ-15"", ""source"": ""builtin"", ""voltage"": 220, ""max_temperature"": 65, ""min_temperature"": -40, ""power_per_meter"": 15}, {""brand"": ""ТЛТ"", ""model"": ""ТЛТ-20"", ""source"": ""builtin"", ""voltage"": 220, ""max_temperature"": 65, ""min_temperature"": -40, ""power_per_meter"": 20}, {""brand"": ""ТЛТ"", ""model"": ""ТЛТ-25"", ""source"": ""builtin"", ""voltage"": 220, ""max_temperature"": 85, ""min_temperature"": -50, ""power_per_meter"": 25}, {""brand"": ""ТЛТ"", ""model"": ""ТЛТ-30"", ""source"": ""builtin"", ""voltage"": 220, ""max_temperature"": 85, ""min_temperature"": -50, ""power_per_meter"": 30}, {""brand"": ""ТЛТ"", ""model"": ""ТЛТ-40"", ""source"": ""builtin"", ""voltage"": 220, ""max_temperature"": 110, ""min_temperature"": -50, ""power_per_meter"": 40}, {""brand"": ""ТЛТ"", ""model"": ""ТЛТ-50"", ""source"": ""builtin"", ""voltage"": 220, ""max_temperature"": 110, ""min_temperature"": -50, ""power_per_meter"": 50}, {""brand"": ""ТЛТ"", ""model"": ""ТЛТ-60"", ""source"": ""builtin"", ""voltage"": 220, ""max_temperature"": 120, ""min_temperature"": -55, ""power_per_meter"": 60}, {""brand"": ""ТЛТ"", ""model"": ""ТЛТ-75"", ""source"": ""builtin"", ""voltage"": 220, ""max_temperature"": 120, ""min_temperature"": -55, ""power_per_meter"": 75}, {""brand"": ""ТЛТ"", ""model"": ""ТЛТ-100"", ""source"": ""builtin"", ""voltage"": 220, ""max_temperature"": 150, ""min_temperature"": -60, ""power_per_meter"": 100}], ""safety_factor"": 1.1, ""supply_voltage"": 220.0, ""ambient_temperature"": -25.0, ""process_temperature"": 40.0, ""required_power_per_meter"": 35.679}";"{""current"": 58.66, ""voltage"": 220.0, ""total_power"": 12905.2, ""cable_length"": 322.63, ""selected_cable"": ""ТЛТ-40""}"
Прям. бак №4;2;self_regulating;ТЛТ-25;"{""cable_mark"": null, ""pipe_length"": 4.0, ""cable_catalog"": [{""brand"": ""ТЛТ"", ""model"": ""ТЛТ-10"", ""source"": ""builtin"", ""voltage"": 220, ""max_temperature"": 65, ""min_temperature"": -40, ""power_per_meter"": 10}, {""brand"": ""ТЛТ"", ""model"": ""ТЛТ-15"", ""source"": ""builtin"", ""voltage"": 220, ""max_temperature"": 65, ""min_temperature"": -40, ""power_per_meter"": 15}, {""brand"": ""ТЛТ"", ""model"": ""ТЛТ-20"", ""source"": ""builtin"", ""voltage"": 220, ""max_temperature"": 65, ""min_temperature"": -40, ""power_per_meter"": 20}, {""brand"": ""ТЛТ"", ""model"": ""ТЛТ-25"", ""source"": ""builtin"", ""voltage"": 220, ""max_temperature"": 85, ""min_temperature"": -50, ""power_per_meter"": 25}, {""brand"": ""ТЛТ"", ""model"": ""ТЛТ-30"", ""source"": ""builtin"", ""voltage"": 220, ""max_temperature"": 85, ""min_temperature"": -50, ""power_per_meter"": 30}, {""brand"": ""ТЛТ"", ""model"": ""ТЛТ-40"", ""source"": ""builtin"", ""voltage"": 220, ""max_temperature"": 110, ""min_temperature"": -50, ""power_per_meter"": 40}, {""brand"": ""ТЛТ"", ""model"": ""ТЛТ-50"", ""source"": ""builtin"", ""voltage"": 220, ""max_temperature"": 110, ""min_temperature"": -50, ""power_per_meter"": 50}, {""brand"": ""ТЛТ"", ""model"": ""ТЛТ-60"", ""source"": ""builtin"", ""voltage"": 220, ""max_temperature"": 120, ""min_temperature"": -55, ""power_per_meter"": 60}, {""brand"": ""ТЛТ"", ""model"": ""ТЛТ-75"", ""source"": ""builtin"", ""voltage"": 220, ""max_temperature"": 120, ""min_temperature"": -55, ""power_per_meter"": 75}, {""brand"": ""ТЛТ"", ""model"": ""ТЛТ-100"", ""source"": ""builtin"", ""voltage"": 220, ""max_temperature"": 150, ""min_temperature"": -60, ""power_per_meter"": 100}], ""safety_factor"": 1.1, ""supply_voltage"": 220.0, ""ambient_temperature"": 10.0, ""process_temperature"": 60.0, ""required_power_per_meter"": 20.886}";"{""current"": 0.5, ""voltage"": 220.0, ""total_power"": 110.0, ""cable_length"": 4.4, ""selected_cable"": ""ТЛТ-25""}"
Шар. бак №18;2;self_regulating;ТЛТ-40;"{""cable_mark"": null, ""pipe_length"": 1.0, ""cable_catalog"": [{""brand"": ""ТЛТ"", ""model"": ""ТЛТ-10"", ""source"": ""builtin"", ""voltage"": 220, ""max_temperature"": 65, ""min_temperature"": -40, ""power_per_meter"": 10}, {""brand"": ""ТЛТ"", ""model"": ""ТЛТ-15"", ""source"": ""builtin"", ""voltage"": 220, ""max_temperature"": 65, ""min_temperature"": -40, ""power_per_meter"": 15}, {""brand"": ""ТЛТ"", ""model"": ""ТЛТ-20"", ""source"": ""builtin"", ""voltage"": 220, ""max_temperature"": 65, ""min_temperature"": -40, ""power_per_meter"": 20}, {""brand"": ""ТЛТ"", ""model"": ""ТЛТ-25"", ""source"": ""builtin"", ""voltage"": 220, ""max_temperature"": 85, ""min_temperature"": -50, ""power_per_meter"": 25}, {""brand"": ""ТЛТ"", ""model"": ""ТЛТ-30"", ""source"": ""builtin"", ""voltage"": 220, ""max_temperature"": 85, ""min_temperature"": -50, ""power_per_meter"": 30}, {""brand"": ""ТЛТ"", ""model"": ""ТЛТ-40"", ""source"": ""builtin"", ""voltage"": 220, ""max_temperature"": 110, ""min_temperature"": -50, ""power_per_meter"": 40}, {""brand"": ""ТЛТ"", ""model"": ""ТЛТ-50"", ""source"": ""builtin"", ""voltage"": 220, ""max_temperature"": 110, ""min_temperature"": -50, ""power_per_meter"": 50}, {""brand"": ""ТЛТ"", ""model"": ""ТЛТ-60"", ""source"": ""builtin"", ""voltage"": 220, ""max_temperature"": 120, ""min_temperature"": -55, ""power_per_meter"": 60}, {""brand"": ""ТЛТ"", ""model"": ""ТЛТ-75"", ""source"": ""builtin"", ""voltage"": 220, ""max_temperature"": 120, ""min_temperature"": -55, ""power_per_meter"": 75}, {""brand"": ""ТЛТ"", ""model"": ""ТЛТ-100"", ""source"": ""builtin"", ""voltage"": 220, ""max_temperature"": 150, ""min_temperature"": -60, ""power_per_meter"": 100}], ""safety_factor"": 1.1, ""supply_voltage"": 220.0, ""ambient_temperature"": -10.0, ""process_temperature"": 60.0, ""required_power_per_meter"": 28.373}";"{""current"": 0.2, ""voltage"": 220.0, ""total_power"": 44.0, ""cable_length"": 1.1, ""selected_cable"": ""ТЛТ-40""}"
Шар. бак №10;2;self_regulating;ТЛТ-15;"{""cable_mark"": null, ""pipe_length"": 1.0, ""cable_catalog"": [{""brand"": ""ТЛТ"", ""model"": ""ТЛТ-10"", ""source"": ""builtin"", ""voltage"": 220, ""max_temperature"": 65, ""min_temperature"": -40, ""power_per_meter"": 10}, {""brand"": ""ТЛТ"", ""model"": ""ТЛТ-15"", ""source"": ""builtin"", ""voltage"": 220, ""max_temperature"": 65, ""min_temperature"": -40, ""power_per_meter"": 15}, {""brand"": ""ТЛТ"", ""model"": ""ТЛТ-20"", ""source"": ""builtin"", ""voltage"": 220, ""max_temperature"": 65, ""min_temperature"": -40, ""power_per_meter"": 20}, {""brand"": ""ТЛТ"", ""model"": ""ТЛТ-25"", ""source"": ""builtin"", ""voltage"": 220, ""max_temperature"": 85, ""min_temperature"": -50, ""power_per_meter"": 25}, {""brand"": ""ТЛТ"", ""model"": ""ТЛТ-30"", ""source"": ""builtin"", ""voltage"": 220, ""max_temperature"": 85, ""min_temperature"": -50, ""power_per_meter"": 30}, {""brand"": ""ТЛТ"", ""model"": ""ТЛТ-40"", ""source"": ""builtin"", ""voltage"": 220, ""max_temperature"": 110, ""min_temperature"": -50, ""power_per_meter"": 40}, {""brand"": ""ТЛТ"", ""model"": ""ТЛТ-50"", ""source"": ""builtin"", ""voltage"": 220, ""max_temperature"": 110, ""min_temperature"": -50, ""power_per_meter"": 50}, {""brand"": ""ТЛТ"", ""model"": ""ТЛТ-60"", ""source"": ""builtin"", ""voltage"": 220, ""max_temperature"": 120, ""min_temperature"": -55, ""power_per_meter"": 60}, {""brand"": ""ТЛТ"", ""model"": ""ТЛТ-75"", ""source"": ""builtin"", ""voltage"": 220, ""max_temperature"": 120, ""min_temperature"": -55, ""power_per_meter"": 75}, {""brand"": ""ТЛТ"", ""model"": ""ТЛТ-100"", ""source"": ""builtin"", ""voltage"": 220, ""max_temperature"": 150, ""min_temperature"": -60, ""power_per_meter"": 100}], ""safety_factor"": 1.1, ""supply_voltage"": 220.0, ""ambient_temperature"": -10.0, ""process_temperature"": 40.0, ""required_power_per_meter"": 9.186}";"{""current"": 0.075, ""voltage"": 220.0, ""total_power"": 16.5, ""cable_length"": 1.1, ""selected_cable"": ""ТЛТ-15""}"
Труба DN108 №56;2;self_regulating;ТЛТ-60;"{""cable_mark"": null, ""pipe_length"": 255.2, ""cable_catalog"": [{""brand"": ""ТЛТ"", ""model"": ""ТЛТ-10"", ""source"": ""builtin"", ""voltage"": 220, ""max_temperature"": 65, ""min_temperature"": -40, ""power_per_meter"": 10}, {""brand"": ""ТЛТ"", ""model"": ""ТЛТ-15"", ""source"": ""builtin"", ""voltage"": 220, ""max_temperature"": 65, ""min_temperature"": -40, ""power_per_meter"": 15}, {""brand"": ""ТЛТ"", ""model"": ""ТЛТ-20"", ""source"": ""builtin"", ""voltage"": 220, ""max_temperature"": 65, ""min_temperature"": -40, ""power_per_meter"": 20}, {""brand"": ""ТЛТ"", ""model"": ""ТЛТ-25"", ""source"": ""builtin"", ""voltage"": 220, ""max_temperature"": 85, ""min_temperature"": -50, ""power_per_meter"": 25}, {""brand"": ""ТЛТ"", ""model"": ""ТЛТ-30"", ""source"": ""builtin"", ""voltage"": 220, ""max_temperature"": 85, ""min_temperature"": -50, ""power_per_meter"": 30}, {""brand"": ""ТЛТ"", ""model"": ""ТЛТ-40"", ""source"": ""builtin"", ""voltage"": 220, ""max_temperature"": 110, ""min_temperature"": -50, ""power_per_meter"": 40}, {""brand"": ""ТЛТ"", ""model"": ""ТЛТ-50"", ""source"": ""builtin"", ""voltage"": 220, ""max_temperature"": 110, ""min_temperature"": -50, ""power_per_meter"": 50}, {""brand"": ""ТЛТ"", ""model"": ""ТЛТ-60"", ""source"": ""builtin"", ""voltage"": 220, ""max_temperature"": 120, ""min_temperature"": -55, ""power_per_meter"": 60}, {""brand"": ""ТЛТ"", ""model"": ""ТЛТ-75"", ""source"": ""builtin"", ""voltage"": 220, ""max_temperature"": 120, ""min_temperature"": -55, ""power_per_meter"": 75}, {""brand"": ""ТЛТ"", ""model"": ""ТЛТ-100"", ""source"": ""builtin"", ""voltage"": 220, ""max_temperature"": 150, ""min_temperature"": -60, ""power_per_meter"": 100}], ""safety_factor"": 1.1, ""supply_voltage"": 220.0, ""ambient_temperature"": -30.0, ""process_temperature"": 100.0, ""required_power_per_meter"": 53.062}";"{""current"": 76.56, ""voltage"": 220.0, ""total_power"": 16843.2, ""cable_length"": 280.72, ""selected_cable"": ""ТЛТ-60""}"
Цил. бак №5;2;self_regulating;ТЛТ-50;"{""cable_mark"": null, ""pipe_length"": 5.0, ""cable_catalog"": [{""brand"": ""ТЛТ"", ""model"": ""ТЛТ-10"", ""source"": ""builtin"", ""voltage"": 220, ""max_temperature"": 65, ""min_temperature"": -40, ""power_per_meter"": 10}, {""brand"": ""ТЛТ"", ""model"": ""ТЛТ-15"", ""source"": ""builtin"", ""voltage"": 220, ""max_temperature"": 65, ""min_temperature"": -40, ""power_per_meter"": 15}, {""brand"": ""ТЛТ"", ""model"": ""ТЛТ-20"", ""source"": ""builtin"", ""voltage"": 220, ""max_temperature"": 65, ""min_temperature"": -40, ""power_per_meter"": 20}, {""brand"": ""ТЛТ"", ""model"": ""ТЛТ-25"", ""source"": ""builtin"", ""voltage"": 220, ""max_temperature"": 85, ""min_temperature"": -50, ""power_per_meter"": 25}, {""brand"": ""ТЛТ"", ""model"": ""ТЛТ-30"", ""source"": ""builtin"", ""voltage"": 220, ""max_temperature"": 85, ""min_temperature"": -50, ""power_per_meter"": 30}, {""brand"": ""ТЛТ"", ""model"": ""ТЛТ-40"", ""source"": ""builtin"", ""voltage"": 220, ""max_temperature"": 110, ""min_temperature"": -50, ""power_per_meter"": 40}, {""brand"": ""ТЛТ"", ""model"": ""ТЛТ-50"", ""source"": ""builtin"", ""voltage"": 220, ""max_temperature"": 110, ""min_temperature"": -50, ""power_per_meter"": 50}, {""brand"": ""ТЛТ"", ""model"": ""ТЛТ-60"", ""source"": ""builtin"", ""voltage"": 220, ""max_temperature"": 120, ""min_temperature"": -55, ""power_per_meter"": 60}, {""brand"": ""ТЛТ"", ""model"": ""ТЛТ-75"", ""source"": ""builtin"", ""voltage"": 220, ""max_temperature"": 120, ""min_temperature"": -55, ""power_per_meter"": 75}, {""brand"": ""ТЛТ"", ""model"": ""ТЛТ-100"", ""source"": ""builtin"", ""voltage"": 220, ""max_temperature"": 150, ""min_temperature"": -60, ""power_per_meter"": 100}], ""safety_factor"": 1.1, ""supply_voltage"": 220.0, ""ambient_temperature"": -10.0, ""process_temperature"": 60.0, ""required_power_per_meter"": 37.554}";"{""current"": 1.25, ""voltage"": 220.0, ""total_power"": 275.0, ""cable_length"": 5.5, ""selected_cable"": ""ТЛТ-50""}"
Прям. бак №14;2;self_regulating;ТЛТ-50;"{""cable_mark"": null, ""pipe_length"": 2.0, ""cable_catalog"": [{""brand"": ""ТЛТ"", ""model"": ""ТЛТ-10"", ""source"": ""builtin"", ""voltage"": 220, ""max_temperature"": 65, ""min_temperature"": -40, ""power_per_meter"": 10}, {""brand"": ""ТЛТ"", ""model"": ""ТЛТ-15"", ""source"": ""builtin"", ""voltage"": 220, ""max_temperature"": 65, ""min_temperature"": -40, ""power_per_meter"": 15}, {""brand"": ""ТЛТ"", ""model"": ""ТЛТ-20"", ""source"": ""builtin"", ""voltage"": 220, ""max_temperature"": 65, ""min_temperature"": -40, ""power_per_meter"": 20}, {""brand"": ""ТЛТ"", ""model"": ""ТЛТ-25"", ""source"": ""builtin"", ""voltage"": 220, ""max_temperature"": 85, ""min_temperature"": -50, ""power_per_meter"": 25}, {""brand"": ""ТЛТ"", ""model"": ""ТЛТ-30"", ""source"": ""builtin"", ""voltage"": 220, ""max_temperature"": 85, ""min_temperature"": -50, ""power_per_meter"": 30}, {""brand"": ""ТЛТ"", ""model"": ""ТЛТ-40"", ""source"": ""builtin"", ""voltage"": 220, ""max_temperature"": 110, ""min_temperature"": -50, ""power_per_meter"": 40}, {""brand"": ""ТЛТ"", ""model"": ""ТЛТ-50"", ""source"": ""builtin"", ""voltage"": 220, ""max_temperature"": 110, ""min_temperature"": -50, ""power_per_meter"": 50}, {""brand"": ""ТЛТ"", ""model"": ""ТЛТ-60"", ""source"": ""builtin"", ""voltage"": 220, ""max_temperature"": 120, ""min_temperature"": -55, ""power_per_meter"": 60}, {""brand"": ""ТЛТ"", ""model"": ""ТЛТ-75"", ""source"": ""builtin"", ""voltage"": 220, ""max_temperature"": 120, ""min_temperature"": -55, ""power_per_meter"": 75}, {""brand"": ""ТЛТ"", ""model"": ""ТЛТ-100"", ""source"": ""builtin"", ""voltage"": 220, ""max_temperature"": 150, ""min_temperature"": -60, ""power_per_meter"": 100}], ""safety_factor"": 1.1, ""supply_voltage"": 220.0, ""ambient_temperature"": -20.0, ""process_temperature"": 100.0, ""required_power_per_meter"": 36.99}";"{""current"": 0.5, ""voltage"": 220.0, ""total_power"": 110.0, ""cable_length"": 2.2, ""selected_cable"": ""ТЛТ-50""}"
Цил. бак №23;2;self_regulating;ТЛТ-50;"{""cable_mark"": null, ""pipe_length"": 3.0, ""cable_catalog"": [{""brand"": ""ТЛТ"", ""model"": ""ТЛТ-10"", ""source"": ""builtin"", ""voltage"": 220, ""max_temperature"": 65, ""min_temperature"": -40, ""power_per_meter"": 10}, {""brand"": ""ТЛТ"", ""model"": ""ТЛТ-15"", ""source"": ""builtin"", ""voltage"": 220, ""max_temperature"": 65, ""min_temperature"": -40, ""power_per_meter"": 15}, {""brand"": ""ТЛТ"", ""model"": ""ТЛТ-20"", ""source"": ""builtin"", ""voltage"": 220, ""max_temperature"": 65, ""min_temperature"": -40, ""power_per_meter"": 20}, {""brand"": ""ТЛТ"", ""model"": ""ТЛТ-25"", ""source"": ""builtin"", ""voltage"": 220, ""max_temperature"": 85, ""min_temperature"": -50, ""power_per_meter"": 25}, {""brand"": ""ТЛТ"", ""model"": ""ТЛТ-30"", ""source"": ""builtin"", ""voltage"": 220, ""max_temperature"": 85, ""min_temperature"": -50, ""power_per_meter"": 30}, {""brand"": ""ТЛТ"", ""model"": ""ТЛТ-40"", ""source"": ""builtin"", ""voltage"": 220, ""max_temperature"": 110, ""min_temperature"": -50, ""power_per_meter"": 40}, {""brand"": ""ТЛТ"", ""model"": ""ТЛТ-50"", ""source"": ""builtin"", ""voltage"": 220, ""max_temperature"": 110, ""min_temperature"": -50, ""power_per_meter"": 50}, {""brand"": ""ТЛТ"", ""model"": ""ТЛТ-60"", ""source"": ""builtin"", ""voltage"": 220, ""max_temperature"": 120, ""min_temperature"": -55, ""power_per_meter"": 60}, {""brand"": ""ТЛТ"", ""model"": ""ТЛТ-75"", ""source"": ""builtin"", ""voltage"": 220, ""max_temperature"": 120, ""min_temperature"": -55, ""power_per_meter"": 75}, {""brand"": ""ТЛТ"", ""model"": ""ТЛТ-100"", ""source"": ""builtin"", ""voltage"": 220, ""max_temperature"": 150, ""min_temperature"": -60, ""power_per_meter"": 100}], ""safety_factor"": 1.1, ""supply_voltage"": 220.0, ""ambient_temperature"": -40.0, ""process_temperature"": 40.0, ""required_power_per_meter"": 41.4}";"{""current"": 0.75, ""voltage"": 220.0, ""total_power"": 165.0, ""cable_length"": 3.3, ""selected_cable"": ""ТЛТ-50""}"
Цил. бак №29;2;self_regulating;ТЛТ-30;"{""cable_mark"": null, ""pipe_length"": 4.0, ""cable_catalog"": [{""brand"": ""ТЛТ"", ""model"": ""ТЛТ-10"", ""source"": ""builtin"", ""voltage"": 220, ""max_temperature"": 65, ""min_temperature"": -40, ""power_per_meter"": 10}, {""brand"": ""ТЛТ"", ""model"": ""ТЛТ-15"", ""source"": ""builtin"", ""voltage"": 220, ""max_temperature"": 65, ""min_temperature"": -40, ""power_per_meter"": 15}, {""brand"": ""ТЛТ"", ""model"": ""ТЛТ-20"", ""source"": ""builtin"", ""voltage"": 220, ""max_temperature"": 65, ""min_temperature"": -40, ""power_per_meter"": 20}, {""brand"": ""ТЛТ"", ""model"": ""ТЛТ-25"", ""source"": ""builtin"", ""voltage"": 220, ""max_temperature"": 85, ""min_temperature"": -50, ""power_per_meter"": 25}, {""brand"": ""ТЛТ"", ""model"": ""ТЛТ-30"", ""source"": ""builtin"", ""voltage"": 220, ""max_temperature"": 85, ""min_temperature"": -50, ""power_per_meter"": 30}, {""brand"": ""ТЛТ"", ""model"": ""ТЛТ-40"", ""source"": ""builtin"", ""voltage"": 220, ""max_temperature"": 110, ""min_temperature"": -50, ""power_per_meter"": 40}, {""brand"": ""ТЛТ"", ""model"": ""ТЛТ-50"", ""source"": ""builtin"", ""voltage"": 220, ""max_temperature"": 110, ""min_temperature"": -50, ""power_per_meter"": 50}, {""brand"": ""ТЛТ"", ""model"": ""ТЛТ-60"", ""source"": ""builtin"", ""voltage"": 220, ""max_temperature"": 120, ""min_temperature"": -55, ""power_per_meter"": 60}, {""brand"": ""ТЛТ"", ""model"": ""ТЛТ-75"", ""source"": ""builtin"", ""voltage"": 220, ""max_temperature"": 120, ""min_temperature"": -55, ""power_per_meter"": 75}, {""brand"": ""ТЛТ"", ""model"": ""ТЛТ-100"", ""source"": ""builtin"", ""voltage"": 220, ""max_temperature"": 150, ""min_temperature"": -60, ""power_per_meter"": 100}], ""safety_factor"": 1.1, ""supply_voltage"": 220.0, ""ambient_temperature"": -30.0, ""process_temperature"": 80.0, ""required_power_per_meter"": 25.161}";"{""current"": 0.6, ""voltage"": 220.0, ""total_power"": 132.0, ""cable_length"": 4.4, ""selected_cable"": ""ТЛТ-30""}"
Прям. бак №33;2;self_regulating;ТЛТ-10;"{""cable_mark"": null, ""pipe_length"": 3.0, ""cable_catalog"": [{""brand"": ""ТЛТ"", ""model"": ""ТЛТ-10"", ""source"": ""builtin"", ""voltage"": 220, ""max_temperature"": 65, ""min_temperature"": -40, ""power_per_meter"": 10}, {""brand"": ""ТЛТ"", ""model"": ""ТЛТ-15"", ""source"": ""builtin"", ""voltage"": 220, ""max_temperature"": 65, ""min_temperature"": -40, ""power_per_meter"": 15}, {""brand"": ""ТЛТ"", ""model"": ""ТЛТ-20"", ""source"": ""builtin"", ""voltage"": 220, ""max_temperature"": 65, ""min_temperature"": -40, ""power_per_meter"": 20}, {""brand"": ""ТЛТ"", ""model"": ""ТЛТ-25"", ""source"": ""builtin"", ""voltage"": 220, ""max_temperature"": 85, ""min_temperature"": -50, ""power_per_meter"": 25}, {""brand"": ""ТЛТ"", ""model"": ""ТЛТ-30"", ""source"": ""builtin"", ""voltage"": 220, ""max_temperature"": 85, ""min_temperature"": -50, ""power_per_meter"": 30}, {""brand"": ""ТЛТ"", ""model"": ""ТЛТ-40"", ""source"": ""builtin"", ""voltage"": 220, ""max_temperature"": 110, ""min_temperature"": -50, ""power_per_meter"": 40}, {""brand"": ""ТЛТ"", ""model"": ""ТЛТ-50"", ""source"": ""builtin"", ""voltage"": 220, ""max_temperature"": 110, ""min_temperature"": -50, ""power_per_meter"": 50}, {""brand"": ""ТЛТ"", ""model"": ""ТЛТ-60"", ""source"": ""builtin"", ""voltage"": 220, ""max_temperature"": 120, ""min_temperature"": -55, ""power_per_meter"": 60}, {""brand"": ""ТЛТ"", ""model"": ""ТЛТ-75"", ""source"": ""builtin"", ""voltage"": 220, ""max_temperature"": 120, ""min_temperature"": -55, ""power_per_meter"": 75}, {""brand"": ""ТЛТ"", ""model"": ""ТЛТ-100"", ""source"": ""builtin"", ""voltage"": 220, ""max_temperature"": 150, ""min_temperature"": -60, ""power_per_meter"": 100}], ""safety_factor"": 1.1, ""supply_voltage"": 220.0, ""ambient_temperature"": 10.0, ""process_temperature"": 40.0, ""required_power_per_meter"": 4.15}";"{""current"": 0.15, ""voltage"": 220.0, ""total_power"": 33.0, ""cable_length"": 3.3, ""selected_cable"": ""ТЛТ-10""}"
Труба DN108 №57;2;self_regulating;ТЛТ-50;"{""cable_mark"": null, ""pipe_length"": 26.8, ""cable_catalog"": [{""brand"": ""ТЛТ"", ""model"": ""ТЛТ-10"", ""source"": ""builtin"", ""voltage"": 220, ""max_temperature"": 65, ""min_temperature"": -40, ""power_per_meter"": 10}, {""brand"": ""ТЛТ"", ""model"": ""ТЛТ-15"", ""source"": ""builtin"", ""voltage"": 220, ""max_temperature"": 65, ""min_temperature"": -40, ""power_per_meter"": 15}, {""brand"": ""ТЛТ"", ""model"": ""ТЛТ-20"", ""source"": ""builtin"", ""voltage"": 220, ""max_temperature"": 65, ""min_temperature"": -40, ""power_per_meter"": 20}, {""brand"": ""ТЛТ"", ""model"": ""ТЛТ-25"", ""source"": ""builtin"", ""voltage"": 220, ""max_temperature"": 85, ""min_temperature"": -50, ""power_per_meter"": 25}, {""brand"": ""ТЛТ"", ""model"": ""ТЛТ-30"", ""source"": ""builtin"", ""voltage"": 220, ""max_temperature"": 85, ""min_temperature"": -50, ""power_per_meter"": 30}, {""brand"": ""ТЛТ"", ""model"": ""ТЛТ-40"", ""source"": ""builtin"", ""voltage"": 220, ""max_temperature"": 110, ""min_temperature"": -50, ""power_per_meter"": 40}, {""brand"": ""ТЛТ"", ""model"": ""ТЛТ-50"", ""source"": ""builtin"", ""voltage"": 220, ""max_temperature"": 110, ""min_temperature"": -50, ""power_per_meter"": 50}, {""brand"": ""ТЛТ"", ""model"": ""ТЛТ-60"", ""source"": ""builtin"", ""voltage"": 220, ""max_temperature"": 120, ""min_temperature"": -55, ""power_per_meter"": 60}, {""brand"": ""ТЛТ"", ""model"": ""ТЛТ-75"", ""source"": ""builtin"", ""voltage"": 220, ""max_temperature"": 120, ""min_temperature"": -55, ""power_per_meter"": 75}, {""brand"": ""ТЛТ"", ""model"": ""ТЛТ-100"", ""source"": ""builtin"", ""voltage"": 220, ""max_temperature"": 150, ""min_temperature"": -60, ""power_per_meter"": 100}], ""safety_factor"": 1.1, ""supply_voltage"": 220.0, ""ambient_temperature"": -15.0, ""process_temperature"": 60.0, ""required_power_per_meter"": 38.852}";"{""current"": 6.7, ""voltage"": 220.0, ""total_power"": 1474.0, ""cable_length"": 29.48, ""selected_cable"": ""ТЛТ-50""}"
Прям. бак №1;2;self_regulating;ТЛТ-75;"{""cable_mark"": null, ""pipe_length"": 3.0, ""cable_catalog"": [{""brand"": ""ТЛТ"", ""model"": ""ТЛТ-10"", ""source"": ""builtin"", ""voltage"": 220, ""max_temperature"": 65, ""min_temperature"": -40, ""power_per_meter"": 10}, {""brand"": ""ТЛТ"", ""model"": ""ТЛТ-15"", ""source"": ""builtin"", ""voltage"": 220, ""max_temperature"": 65, ""min_temperature"": -40, ""power_per_meter"": 15}, {""brand"": ""ТЛТ"", ""model"": ""ТЛТ-20"", ""source"": ""builtin"", ""voltage"": 220, ""max_temperature"": 65, ""min_temperature"": -40, ""power_per_meter"": 20}, {""brand"": ""ТЛТ"", ""model"": ""ТЛТ-25"", ""source"": ""builtin"", ""voltage"": 220, ""max_temperature"": 85, ""min_temperature"": -50, ""power_per_meter"": 25}, {""brand"": ""ТЛТ"", ""model"": ""ТЛТ-30"", ""source"": ""builtin"", ""voltage"": 220, ""max_temperature"": 85, ""min_temperature"": -50, ""power_per_meter"": 30}, {""brand"": ""ТЛТ"", ""model"": ""ТЛТ-40"", ""source"": ""builtin"", ""voltage"": 220, ""max_temperature"": 110, ""min_temperature"": -50, ""power_per_meter"": 40}, {""brand"": ""ТЛТ"", ""model"": ""ТЛТ-50"", ""source"": ""builtin"", ""voltage"": 220, ""max_temperature"": 110, ""min_temperature"": -50, ""power_per_meter"": 50}, {""brand"": ""ТЛТ"", ""model"": ""ТЛТ-60"", ""source"": ""builtin"", ""voltage"": 220, ""max_temperature"": 120, ""min_temperature"": -55, ""power_per_meter"": 60}, {""brand"": ""ТЛТ"", ""model"": ""ТЛТ-75"", ""source"": ""builtin"", ""voltage"": 220, ""max_temperature"": 120, ""min_temperature"": -55, ""power_per_meter"": 75}, {""brand"": ""ТЛТ"", ""model"": ""ТЛТ-100"", ""source"": ""builtin"", ""voltage"": 220, ""max_temperature"": 150, ""min_temperature"": -60, ""power_per_meter"": 100}], ""safety_factor"": 1.1, ""supply_voltage"": 220.0, ""ambient_temperature"": -20.0, ""process_temperature"": 60.0, ""required_power_per_meter"": 56.356}";"{""current"": 1.125, ""voltage"": 220.0, ""total_power"": 247.5, ""cable_length"": 3.3, ""selected_cable"": ""ТЛТ-75""}"
Прям. бак №6;2;self_regulating;ТЛТ-75;"{""cable_mark"": null, ""pipe_length"": 3.0, ""cable_catalog"": [{""brand"": ""ТЛТ"", ""model"": ""ТЛТ-10"", ""source"": ""builtin"", ""voltage"": 220, ""max_temperature"": 65, ""min_temperature"": -40, ""power_per_meter"": 10}, {""brand"": ""ТЛТ"", ""model"": ""ТЛТ-15"", ""source"": ""builtin"", ""voltage"": 220, ""max_temperature"": 65, ""min_temperature"": -40, ""power_per_meter"": 15}, {""brand"": ""ТЛТ"", ""model"": ""ТЛТ-20"", ""source"": ""builtin"", ""voltage"": 220, ""max_temperature"": 65, ""min_temperature"": -40, ""power_per_meter"": 20}, {""brand"": ""ТЛТ"", ""model"": ""ТЛТ-25"", ""source"": ""builtin"", ""voltage"": 220, ""max_temperature"": 85, ""min_temperature"": -50, ""power_per_meter"": 25}, {""brand"": ""ТЛТ"", ""model"": ""ТЛТ-30"", ""source"": ""builtin"", ""voltage"": 220, ""max_temperature"": 85, ""min_temperature"": -50, ""power_per_meter"": 30}, {""brand"": ""ТЛТ"", ""model"": ""ТЛТ-40"", ""source"": ""builtin"", ""voltage"": 220, ""max_temperature"": 110, ""min_temperature"": -50, ""power_per_meter"": 40}, {""brand"": ""ТЛТ"", ""model"": ""ТЛТ-50"", ""source"": ""builtin"", ""voltage"": 220, ""max_temperature"": 110, ""min_temperature"": -50, ""power_per_meter"": 50}, {""brand"": ""ТЛТ"", ""model"": ""ТЛТ-60"", ""source"": ""builtin"", ""voltage"": 220, ""max_temperature"": 120, ""min_temperature"": -55, ""power_per_meter"": 60}, {""brand"": ""ТЛТ"", ""model"": ""ТЛТ-75"", ""source"": ""builtin"", ""voltage"": 220, ""max_temperature"": 120, ""min_temperature"": -55, ""power_per_meter"": 75}, {""brand"": ""ТЛТ"", ""model"": ""ТЛТ-100"", ""source"": ""builtin"", ""voltage"": 220, ""max_temperature"": 150, ""min_temperature"": -60, ""power_per_meter"": 100}], ""safety_factor"": 1.1, ""supply_voltage"": 220.0, ""ambient_temperature"": -30.0, ""process_temperature"": 40.0, ""required_power_per_meter"": 62.462}";"{""current"": 1.125, ""voltage"": 220.0, ""total_power"": 247.5, ""cable_length"": 3.3, ""selected_cable"": ""ТЛТ-75""}"
Шар. бак №12;2;self_regulating;ТЛТ-10;"{""cable_mark"": null, ""pipe_length"": 1.0, ""cable_catalog"": [{""brand"": ""ТЛТ"", ""model"": ""ТЛТ-10"", ""source"": ""builtin"", ""voltage"": 220, ""max_temperature"": 65, ""min_temperature"": -40, ""power_per_meter"": 10}, {""brand"": ""ТЛТ"", ""model"": ""ТЛТ-15"", ""source"": ""builtin"", ""voltage"": 220, ""max_temperature"": 65, ""min_temperature"": -40, ""power_per_meter"": 15}, {""brand"": ""ТЛТ"", ""model"": ""ТЛТ-20"", ""source"": ""builtin"", ""voltage"": 220, ""max_temperature"": 65, ""min_temperature"": -40, ""power_per_meter"": 20}, {""brand"": ""ТЛТ"", ""model"": ""ТЛТ-25"", ""source"": ""builtin"", ""voltage"": 220, ""max_temperature"": 85, ""min_temperature"": -50, ""power_per_meter"": 25}, {""brand"": ""ТЛТ"", ""model"": ""ТЛТ-30"", ""source"": ""builtin"", ""voltage"": 220, ""max_temperature"": 85, ""min_temperature"": -50, ""power_per_meter"": 30}, {""brand"": ""ТЛТ"", ""model"": ""ТЛТ-40"", ""source"": ""builtin"", ""voltage"": 220, ""max_temperature"": 110, ""min_temperature"": -50, ""power_per_meter"": 40}, {""brand"": ""ТЛТ"", ""model"": ""ТЛТ-50"", ""source"": ""builtin"", ""voltage"": 220, ""max_temperature"": 110, ""min_temperature"": -50, ""power_per_meter"": 50}, {""brand"": ""ТЛТ"", ""model"": ""ТЛТ-60"", ""source"": ""builtin"", ""voltage"": 220, ""max_temperature"": 120, ""min_temperature"": -55, ""power_per_meter"": 60}, {""brand"": ""ТЛТ"", ""model"": ""ТЛТ-75"", ""source"": ""builtin"", ""voltage"": 220, ""max_temperature"": 120, ""min_temperature"": -55, ""power_per_meter"": 75}, {""brand"": ""ТЛТ"", ""model"": ""ТЛТ-100"", ""source"": ""builtin"", ""voltage"": 220, ""max_temperature"": 150, ""min_temperature"": -60, ""power_per_meter"": 100}], ""safety_factor"": 1.1, ""supply_voltage"": 220.0, ""ambient_temperature"": 10.0, ""process_temperature"": 60.0, ""required_power_per_meter"": 6.917}";"{""current"": 0.05, ""voltage"": 220.0, ""total_power"": 11.0, ""cable_length"": 1.1, ""selected_cable"": ""ТЛТ-10""}"
Прям. бак №15;2;self_regulating;ТЛТ-20;"{""cable_mark"": null, ""pipe_length"": 3.0, ""cable_catalog"": [{""brand"": ""ТЛТ"", ""model"": ""ТЛТ-10"", ""source"": ""builtin"", ""voltage"": 220, ""max_temperature"": 65, ""min_temperature"": -40, ""power_per_meter"": 10}, {""brand"": ""ТЛТ"", ""model"": ""ТЛТ-15"", ""source"": ""builtin"", ""voltage"": 220, ""max_temperature"": 65, ""min_temperature"": -40, ""power_per_meter"": 15}, {""brand"": ""ТЛТ"", ""model"": ""ТЛТ-20"", ""source"": ""builtin"", ""voltage"": 220, ""max_temperature"": 65, ""min_temperature"": -40, ""power_per_meter"": 20}, {""brand"": ""ТЛТ"", ""model"": ""ТЛТ-25"", ""source"": ""builtin"", ""voltage"": 220, ""max_temperature"": 85, ""min_temperature"": -50, ""power_per_meter"": 25}, {""brand"": ""ТЛТ"", ""model"": ""ТЛТ-30"", ""source"": ""builtin"", ""voltage"": 220, ""max_temperature"": 85, ""min_temperature"": -50, ""power_per_meter"": 30}, {""brand"": ""ТЛТ"", ""model"": ""ТЛТ-40"", ""source"": ""builtin"", ""voltage"": 220, ""max_temperature"": 110, ""min_temperature"": -50, ""power_per_meter"": 40}, {""brand"": ""ТЛТ"", ""model"": ""ТЛТ-50"", ""source"": ""builtin"", ""voltage"": 220, ""max_temperature"": 110, ""min_temperature"": -50, ""power_per_meter"": 50}, {""brand"": ""ТЛТ"", ""model"": ""ТЛТ-60"", ""source"": ""builtin"", ""voltage"": 220, ""max_temperature"": 120, ""min_temperature"": -55, ""power_per_meter"": 60}, {""brand"": ""ТЛТ"", ""model"": ""ТЛТ-75"", ""source"": ""builtin"", ""voltage"": 220, ""max_temperature"": 120, ""min_temperature"": -55, ""power_per_meter"": 75}, {""brand"": ""ТЛТ"", ""model"": ""ТЛТ-100"", ""source"": ""builtin"", ""voltage"": 220, ""max_temperature"": 150, ""min_temperature"": -60, ""power_per_meter"": 100}], ""safety_factor"": 1.1, ""supply_voltage"": 220.0, ""ambient_temperature"": 10.0, ""process_temperature"": 60.0, ""required_power_per_meter"": 15.413}";"{""current"": 0.3, ""voltage"": 220.0, ""total_power"": 66.0, ""cable_length"": 3.3, ""selected_cable"": ""ТЛТ-20""}"
Цил. бак №24;2;self_regulating;ТЛТ-50;"{""cable_mark"": null, ""pipe_length"": 6.0, ""cable_catalog"": [{""brand"": ""ТЛТ"", ""model"": ""ТЛТ-10"", ""source"": ""builtin"", ""voltage"": 220, ""max_temperature"": 65, ""min_temperature"": -40, ""power_per_meter"": 10}, {""brand"": ""ТЛТ"", ""model"": ""ТЛТ-15"", ""source"": ""builtin"", ""voltage"": 220, ""max_temperature"": 65, ""min_temperature"": -40, ""power_per_meter"": 15}, {""brand"": ""ТЛТ"", ""model"": ""ТЛТ-20"", ""source"": ""builtin"", ""voltage"": 220, ""max_temperature"": 65, ""min_temperature"": -40, ""power_per_meter"": 20}, {""brand"": ""ТЛТ"", ""model"": ""ТЛТ-25"", ""source"": ""builtin"", ""voltage"": 220, ""max_temperature"": 85, ""min_temperature"": -50, ""power_per_meter"": 25}, {""brand"": ""ТЛТ"", ""model"": ""ТЛТ-30"", ""source"": ""builtin"", ""voltage"": 220, ""max_temperature"": 85, ""min_temperature"": -50, ""power_per_meter"": 30}, {""brand"": ""ТЛТ"", ""model"": ""ТЛТ-40"", ""source"": ""builtin"", ""voltage"": 220, ""max_temperature"": 110, ""min_temperature"": -50, ""power_per_meter"": 40}, {""brand"": ""ТЛТ"", ""model"": ""ТЛТ-50"", ""source"": ""builtin"", ""voltage"": 220, ""max_temperature"": 110, ""min_temperature"": -50, ""power_per_meter"": 50}, {""brand"": ""ТЛТ"", ""model"": ""ТЛТ-60"", ""source"": ""builtin"", ""voltage"": 220, ""max_temperature"": 120, ""min_temperature"": -55, ""power_per_meter"": 60}, {""brand"": ""ТЛТ"", ""model"": ""ТЛТ-75"", ""source"": ""builtin"", ""voltage"": 220, ""max_temperature"": 120, ""min_temperature"": -55, ""power_per_meter"": 75}, {""brand"": ""ТЛТ"", ""model"": ""ТЛТ-100"", ""source"": ""builtin"", ""voltage"": 220, ""max_temperature"": 150, ""min_temperature"": -60, ""power_per_meter"": 100}], ""safety_factor"": 1.1, ""supply_voltage"": 220.0, ""ambient_temperature"": 0.0, ""process_temperature"": 100.0, ""required_power_per_meter"": 41.773}";"{""current"": 1.5, ""voltage"": 220.0, ""total_power"": 330.0, ""cable_length"": 6.6, ""selected_cable"": ""ТЛТ-50""}"
Прям. бак №19;2;self_regulating;ТЛТ-50;"{""cable_mark"": null, ""pipe_length"": 4.0, ""cable_catalog"": [{""brand"": ""ТЛТ"", ""model"": ""ТЛТ-10"", ""source"": ""builtin"", ""voltage"": 220, ""max_temperature"": 65, ""min_temperature"": -40, ""power_per_meter"": 10}, {""brand"": ""ТЛТ"", ""model"": ""ТЛТ-15"", ""source"": ""builtin"", ""voltage"": 220, ""max_temperature"": 65, ""min_temperature"": -40, ""power_per_meter"": 15}, {""brand"": ""ТЛТ"", ""model"": ""ТЛТ-20"", ""source"": ""builtin"", ""voltage"": 220, ""max_temperature"": 65, ""min_temperature"": -40, ""power_per_meter"": 20}, {""brand"": ""ТЛТ"", ""model"": ""ТЛТ-25"", ""source"": ""builtin"", ""voltage"": 220, ""max_temperature"": 85, ""min_temperature"": -50, ""power_per_meter"": 25}, {""brand"": ""ТЛТ"", ""model"": ""ТЛТ-30"", ""source"": ""builtin"", ""voltage"": 220, ""max_temperature"": 85, ""min_temperature"": -50, ""power_per_meter"": 30}, {""brand"": ""ТЛТ"", ""model"": ""ТЛТ-40"", ""source"": ""builtin"", ""voltage"": 220, ""max_temperature"": 110, ""min_temperature"": -50, ""power_per_meter"": 40}, {""brand"": ""ТЛТ"", ""model"": ""ТЛТ-50"", ""source"": ""builtin"", ""voltage"": 220, ""max_temperature"": 110, ""min_temperature"": -50, ""power_per_meter"": 50}, {""brand"": ""ТЛТ"", ""model"": ""ТЛТ-60"", ""source"": ""builtin"", ""voltage"": 220, ""max_temperature"": 120, ""min_temperature"": -55, ""power_per_meter"": 60}, {""brand"": ""ТЛТ"", ""model"": ""ТЛТ-75"", ""source"": ""builtin"", ""voltage"": 220, ""max_temperature"": 120, ""min_temperature"": -55, ""power_per_meter"": 75}, {""brand"": ""ТЛТ"", ""model"": ""ТЛТ-100"", ""source"": ""builtin"", ""voltage"": 220, ""max_temperature"": 150, ""min_temperature"": -60, ""power_per_meter"": 100}], ""safety_factor"": 1.1, ""supply_voltage"": 220.0, ""ambient_temperature"": 10.0, ""process_temperature"": 80.0, ""required_power_per_meter"": 43.086}";"{""current"": 1.0, ""voltage"": 220.0, ""total_power"": 220.0, ""cable_length"": 4.4, ""selected_cable"": ""ТЛТ-50""}"
Шар. бак №28;2;self_regulating;ТЛТ-100;"{""cable_mark"": null, ""pipe_length"": 1.0, ""cable_catalog"": [{""brand"": ""ТЛТ"", ""model"": ""ТЛТ-10"", ""source"": ""builtin"", ""voltage"": 220, ""max_temperature"": 65, ""min_temperature"": -40, ""power_per_meter"": 10}, {""brand"": ""ТЛТ"", ""model"": ""ТЛТ-15"", ""source"": ""builtin"", ""voltage"": 220, ""max_temperature"": 65, ""min_temperature"": -40, ""power_per_meter"": 15}, {""brand"": ""ТЛТ"", ""model"": ""ТЛТ-20"", ""source"": ""builtin"", ""voltage"": 220, ""max_temperature"": 65, ""min_temperature"": -40, ""power_per_meter"": 20}, {""brand"": ""ТЛТ"", ""model"": ""ТЛТ-25"", ""source"": ""builtin"", ""voltage"": 220, ""max_temperature"": 85, ""min_temperature"": -50, ""power_per_meter"": 25}, {""brand"": ""ТЛТ"", ""model"": ""ТЛТ-30"", ""source"": ""builtin"", ""voltage"": 220, ""max_temperature"": 85, ""min_temperature"": -50, ""power_per_meter"": 30}, {""brand"": ""ТЛТ"", ""model"": ""ТЛТ-40"", ""source"": ""builtin"", ""voltage"": 220, ""max_temperature"": 110, ""min_temperature"": -50, ""power_per_meter"": 40}, {""brand"": ""ТЛТ"", ""model"": ""ТЛТ-50"", ""source"": ""builtin"", ""voltage"": 220, ""max_temperature"": 110, ""min_temperature"": -50, ""power_per_meter"": 50}, {""brand"": ""ТЛТ"", ""model"": ""ТЛТ-60"", ""source"": ""builtin"", ""voltage"": 220, ""max_temperature"": 120, ""min_temperature"": -55, ""power_per_meter"": 60}, {""brand"": ""ТЛТ"", ""model"": ""ТЛТ-75"", ""source"": ""builtin"", ""voltage"": 220, ""max_temperature"": 120, ""min_temperature"": -55, ""power_per_meter"": 75}, {""brand"": ""ТЛТ"", ""model"": ""ТЛТ-100"", ""source"": ""builtin"", ""voltage"": 220, ""max_temperature"": 150, ""min_temperature"": -60, ""power_per_meter"": 100}], ""safety_factor"": 1.1, ""supply_voltage"": 220.0, ""ambient_temperature"": -30.0, ""process_temperature"": 80.0, ""required_power_per_meter"": 83.525}";"{""current"": 0.5, ""voltage"": 220.0, ""total_power"": 110.0, ""cable_length"": 1.1, ""selected_cable"": ""ТЛТ-100""}"
Шар. бак №37;2;self_regulating;ТЛТ-25;"{""cable_mark"": null, ""pipe_length"": 1.0, ""cable_catalog"": [{""brand"": ""ТЛТ"", ""model"": ""ТЛТ-10"", ""source"": ""builtin"", ""voltage"": 220, ""max_temperature"": 65, ""min_temperature"": -40, ""power_per_meter"": 10}, {""brand"": ""ТЛТ"", ""model"": ""ТЛТ-15"", ""source"": ""builtin"", ""voltage"": 220, ""max_temperature"": 65, ""min_temperature"": -40, ""power_per_meter"": 15}, {""brand"": ""ТЛТ"", ""model"": ""ТЛТ-20"", ""source"": ""builtin"", ""voltage"": 220, ""max_temperature"": 65, ""min_temperature"": -40, ""power_per_meter"": 20}, {""brand"": ""ТЛТ"", ""model"": ""ТЛТ-25"", ""source"": ""builtin"", ""voltage"": 220, ""max_temperature"": 85, ""min_temperature"": -50, ""power_per_meter"": 25}, {""brand"": ""ТЛТ"", ""model"": ""ТЛТ-30"", ""source"": ""builtin"", ""voltage"": 220, ""max_temperature"": 85, ""min_temperature"": -50, ""power_per_meter"": 30}, {""brand"": ""ТЛТ"", ""model"": ""ТЛТ-40"", ""source"": ""builtin"", ""voltage"": 220, ""max_temperature"": 110, ""min_temperature"": -50, ""power_per_meter"": 40}, {""brand"": ""ТЛТ"", ""model"": ""ТЛТ-50"", ""source"": ""builtin"", ""voltage"": 220, ""max_temperature"": 110, ""min_temperature"": -50, ""power_per_meter"": 50}, {""brand"": ""ТЛТ"", ""model"": ""ТЛТ-60"", ""source"": ""builtin"", ""voltage"": 220, ""max_temperature"": 120, ""min_temperature"": -55, ""power_per_meter"": 60}, {""brand"": ""ТЛТ"", ""model"": ""ТЛТ-75"", ""source"": ""builtin"", ""voltage"": 220, ""max_temperature"": 120, ""min_temperature"": -55, ""power_per_meter"": 75}, {""brand"": ""ТЛТ"", ""model"": ""ТЛТ-100"", ""source"": ""builtin"", ""voltage"": 220, ""max_temperature"": 150, ""min_temperature"": -60, ""power_per_meter"": 100}], ""safety_factor"": 1.1, ""supply_voltage"": 220.0, ""ambient_temperature"": -10.0, ""process_temperature"": 40.0, ""required_power_per_meter"": 21.66}";"{""current"": 0.125, ""voltage"": 220.0, ""total_power"": 27.5, ""cable_length"": 1.1, ""selected_cable"": ""ТЛТ-25""}"
Труба DN108 №6;3;self_regulating;ТЛТ-60;"{""cable_mark"": null, ""pipe_length"": 82.0, ""cable_catalog"": [{""brand"": ""ТЛТ"", ""model"": ""ТЛТ-10"", ""source"": ""builtin"", ""voltage"": 220, ""max_temperature"": 65, ""min_temperature"": -40, ""power_per_meter"": 10}, {""brand"": ""ТЛТ"", ""model"": ""ТЛТ-15"", ""source"": ""builtin"", ""voltage"": 220, ""max_temperature"": 65, ""min_temperature"": -40, ""power_per_meter"": 15}, {""brand"": ""ТЛТ"", ""model"": ""ТЛТ-20"", ""source"": ""builtin"", ""voltage"": 220, ""max_temperature"": 65, ""min_temperature"": -40, ""power_per_meter"": 20}, {""brand"": ""ТЛТ"", ""model"": ""ТЛТ-25"", ""source"": ""builtin"", ""voltage"": 220, ""max_temperature"": 85, ""min_temperature"": -50, ""power_per_meter"": 25}, {""brand"": ""ТЛТ"", ""model"": ""ТЛТ-30"", ""source"": ""builtin"", ""voltage"": 220, ""max_temperature"": 85, ""min_temperature"": -50, ""power_per_meter"": 30}, {""brand"": ""ТЛТ"", ""model"": ""ТЛТ-40"", ""source"": ""builtin"", ""voltage"": 220, ""max_temperature"": 110, ""min_temperature"": -50, ""power_per_meter"": 40}, {""brand"": ""ТЛТ"", ""model"": ""ТЛТ-50"", ""source"": ""builtin"", ""voltage"": 220, ""max_temperature"": 110, ""min_temperature"": -50, ""power_per_meter"": 50}, {""brand"": ""ТЛТ"", ""model"": ""ТЛТ-60"", ""source"": ""builtin"", ""voltage"": 220, ""max_temperature"": 120, ""min_temperature"": -55, ""power_per_meter"": 60}, {""brand"": ""ТЛТ"", ""model"": ""ТЛТ-75"", ""source"": ""builtin"", ""voltage"": 220, ""max_temperature"": 120, ""min_temperature"": -55, ""power_per_meter"": 75}, {""brand"": ""ТЛТ"", ""model"": ""ТЛТ-100"", ""source"": ""builtin"", ""voltage"": 220, ""max_temperature"": 150, ""min_temperature"": -60, ""power_per_meter"": 100}], ""safety_factor"": 1.1, ""supply_voltage"": 220.0, ""ambient_temperature"": -30.0, ""process_temperature"": 100.0, ""required_power_per_meter"": 53.062}";"{""current"": 24.6, ""voltage"": 220.0, ""total_power"": 5412.0, ""cable_length"": 90.2, ""selected_cable"": ""ТЛТ-60""}"
Труба DN89 №13;3;self_regulating;ТЛТ-25;"{""cable_mark"": null, ""pipe_length"": 85.9, ""cable_catalog"": [{""brand"": ""ТЛТ"", ""model"": ""ТЛТ-10"", ""source"": ""builtin"", ""voltage"": 220, ""max_temperature"": 65, ""min_temperature"": -40, ""power_per_meter"": 10}, {""brand"": ""ТЛТ"", ""model"": ""ТЛТ-15"", ""source"": ""builtin"", ""voltage"": 220, ""max_temperature"": 65, ""min_temperature"": -40, ""power_per_meter"": 15}, {""brand"": ""ТЛТ"", ""model"": ""ТЛТ-20"", ""source"": ""builtin"", ""voltage"": 220, ""max_temperature"": 65, ""min_temperature"": -40, ""power_per_meter"": 20}, {""brand"": ""ТЛТ"", ""model"": ""ТЛТ-25"", ""source"": ""builtin"", ""voltage"": 220, ""max_temperature"": 85, ""min_temperature"": -50, ""power_per_meter"": 25}, {""brand"": ""ТЛТ"", ""model"": ""ТЛТ-30"", ""source"": ""builtin"", ""voltage"": 220, ""max_temperature"": 85, ""min_temperature"": -50, ""power_per_meter"": 30}, {""brand"": ""ТЛТ"", ""model"": ""ТЛТ-40"", ""source"": ""builtin"", ""voltage"": 220, ""max_temperature"": 110, ""min_temperature"": -50, ""power_per_meter"": 40}, {""brand"": ""ТЛТ"", ""model"": ""ТЛТ-50"", ""source"": ""builtin"", ""voltage"": 220, ""max_temperature"": 110, ""min_temperature"": -50, ""power_per_meter"": 50}, {""brand"": ""ТЛТ"", ""model"": ""ТЛТ-60"", ""source"": ""builtin"", ""voltage"": 220, ""max_temperature"": 120, ""min_temperature"": -55, ""power_per_meter"": 60}, {""brand"": ""ТЛТ"", ""model"": ""ТЛТ-75"", ""source"": ""builtin"", ""voltage"": 220, ""max_temperature"": 120, ""min_temperature"": -55, ""power_per_meter"": 75}, {""brand"": ""ТЛТ"", ""model"": ""ТЛТ-100"", ""source"": ""builtin"", ""voltage"": 220, ""max_temperature"": 150, ""min_temperature"": -60, ""power_per_meter"": 100}], ""safety_factor"": 1.1, ""supply_voltage"": 220.0, ""ambient_temperature"": 10.0, ""process_temperature"": 70.0, ""required_power_per_meter"": 12.039}";"{""current"": 10.738, ""voltage"": 220.0, ""total_power"": 2362.25, ""cable_length"": 94.49, ""selected_cable"": ""ТЛТ-25""}"
Труба DN219 №18;3;self_regulating;ТЛТ-25;"{""cable_mark"": null, ""pipe_length"": 184.2, ""cable_catalog"": [{""brand"": ""ТЛТ"", ""model"": ""ТЛТ-10"", ""source"": ""builtin"", ""voltage"": 220, ""max_temperature"": 65, ""min_temperature"": -40, ""power_per_meter"": 10}, {""brand"": ""ТЛТ"", ""model"": ""ТЛТ-15"", ""source"": ""builtin"", ""voltage"": 220, ""max_temperature"": 65, ""min_temperature"": -40, ""power_per_meter"": 15}, {""brand"": ""ТЛТ"", ""model"": ""ТЛТ-20"", ""source"": ""builtin"", ""voltage"": 220, ""max_temperature"": 65, ""min_temperature"": -40, ""power_per_meter"": 20}, {""brand"": ""ТЛТ"", ""model"": ""ТЛТ-25"", ""source"": ""builtin"", ""voltage"": 220, ""max_temperature"": 85, ""min_temperature"": -50, ""power_per_meter"": 25}, {""brand"": ""ТЛТ"", ""model"": ""ТЛТ-30"", ""source"": ""builtin"", ""voltage"": 220, ""max_temperature"": 85, ""min_temperature"": -50, ""power_per_meter"": 30}, {""brand"": ""ТЛТ"", ""model"": ""ТЛТ-40"", ""source"": ""builtin"", ""voltage"": 220, ""max_temperature"": 110, ""min_temperature"": -50, ""power_per_meter"": 40}, {""brand"": ""ТЛТ"", ""model"": ""ТЛТ-50"", ""source"": ""builtin"", ""voltage"": 220, ""max_temperature"": 110, ""min_temperature"": -50, ""power_per_meter"": 50}, {""brand"": ""ТЛТ"", ""model"": ""ТЛТ-60"", ""source"": ""builtin"", ""voltage"": 220, ""max_temperature"": 120, ""min_temperature"": -55, ""power_per_meter"": 60}, {""brand"": ""ТЛТ"", ""model"": ""ТЛТ-75"", ""source"": ""builtin"", ""voltage"": 220, ""max_temperature"": 120, ""min_temperature"": -55, ""power_per_meter"": 75}, {""brand"": ""ТЛТ"", ""model"": ""ТЛТ-100"", ""source"": ""builtin"", ""voltage"": 220, ""max_temperature"": 150, ""min_temperature"": -60, ""power_per_meter"": 100}], ""safety_factor"": 1.1, ""supply_voltage"": 220.0, ""ambient_temperature"": 5.0, ""process_temperature"": 50.0, ""required_power_per_meter"": 18.355}";"{""current"": 23.025, ""voltage"": 220.0, ""total_power"": 5065.5, ""cable_length"": 202.62, ""selected_cable"": ""ТЛТ-25""}"
Труба DN42 №1;3;self_regulating;ТЛТ-25;"{""cable_mark"": null, ""pipe_length"": 17.4, ""cable_catalog"": [{""brand"": ""ТЛТ"", ""model"": ""ТЛТ-10"", ""source"": ""builtin"", ""voltage"": 220, ""max_temperature"": 65, ""min_temperature"": -40, ""power_per_meter"": 10}, {""brand"": ""ТЛТ"", ""model"": ""ТЛТ-15"", ""source"": ""builtin"", ""voltage"": 220, ""max_temperature"": 65, ""min_temperature"": -40, ""power_per_meter"": 15}, {""brand"": ""ТЛТ"", ""model"": ""ТЛТ-20"", ""source"": ""builtin"", ""voltage"": 220, ""max_temperature"": 65, ""min_temperature"": -40, ""power_per_meter"": 20}, {""brand"": ""ТЛТ"", ""model"": ""ТЛТ-25"", ""source"": ""builtin"", ""voltage"": 220, ""max_temperature"": 85, ""min_temperature"": -50, ""power_per_meter"": 25}, {""brand"": ""ТЛТ"", ""model"": ""ТЛТ-30"", ""source"": ""builtin"", ""voltage"": 220, ""max_temperature"": 85, ""min_temperature"": -50, ""power_per_meter"": 30}, {""brand"": ""ТЛТ"", ""model"": ""ТЛТ-40"", ""source"": ""builtin"", ""voltage"": 220, ""max_temperature"": 110, ""min_temperature"": -50, ""power_per_meter"": 40}, {""brand"": ""ТЛТ"", ""model"": ""ТЛТ-50"", ""source"": ""builtin"", ""voltage"": 220, ""max_temperature"": 110, ""min_temperature"": -50, ""power_per_meter"": 50}, {""brand"": ""ТЛТ"", ""model"": ""ТЛТ-60"", ""source"": ""builtin"", ""voltage"": 220, ""max_temperature"": 120, ""min_temperature"": -55, ""power_per_meter"": 60}, {""brand"": ""ТЛТ"", ""model"": ""ТЛТ-75"", ""source"": ""builtin"", ""voltage"": 220, ""max_temperature"": 120, ""min_temperature"": -55, ""power_per_meter"": 75}, {""brand"": ""ТЛТ"", ""model"": ""ТЛТ-100"", ""source"": ""builtin"", ""voltage"": 220, ""max_temperature"": 150, ""min_temperature"": -60, ""power_per_meter"": 100}], ""safety_factor"": 1.1, ""supply_voltage"": 220.0, ""ambient_temperature"": -20.0, ""process_temperature"": 60.0, ""required_power_per_meter"": 22.625}";"{""current"": 2.175, ""voltage"": 220.0, ""total_power"": 478.5, ""cable_length"": 19.14, ""selected_cable"": ""ТЛТ-25""}"
Труба DN42 №7;3;self_regulating;ТЛТ-10;"{""cable_mark"": null, ""pipe_length"": 182.7, ""cable_catalog"": [{""brand"": ""ТЛТ"", ""model"": ""ТЛТ-10"", ""source"": ""builtin"", ""voltage"": 220, ""max_temperature"": 65, ""min_temperature"": -40, ""power_per_meter"": 10}, {""brand"": ""ТЛТ"", ""model"": ""ТЛТ-15"", ""source"": ""builtin"", ""voltage"": 220, ""max_temperature"": 65, ""min_temperature"": -40, ""power_per_meter"": 15}, {""brand"": ""ТЛТ"", ""model"": ""ТЛТ-20"", ""source"": ""builtin"", ""voltage"": 220, ""max_temperature"": 65, ""min_temperature"": -40, ""power_per_meter"": 20}, {""brand"": ""ТЛТ"", ""model"": ""ТЛТ-25"", ""source"": ""builtin"", ""voltage"": 220, ""max_temperature"": 85, ""min_temperature"": -50, ""power_per_meter"": 25}, {""brand"": ""ТЛТ"", ""model"": ""ТЛТ-30"", ""source"": ""builtin"", ""voltage"": 220, ""max_temperature"": 85, ""min_temperature"": -50, ""power_per_meter"": 30}, {""brand"": ""ТЛТ"", ""model"": ""ТЛТ-40"", ""source"": ""builtin"", ""voltage"": 220, ""max_temperature"": 110, ""min_temperature"": -50, ""power_per_meter"": 40}, {""brand"": ""ТЛТ"", ""model"": ""ТЛТ-50"", ""source"": ""builtin"", ""voltage"": 220, ""max_temperature"": 110, ""min_temperature"": -50, ""power_per_meter"": 50}, {""brand"": ""ТЛТ"", ""model"": ""ТЛТ-60"", ""source"": ""builtin"", ""voltage"": 220, ""max_temperature"": 120, ""min_temperature"": -55, ""power_per_meter"": 60}, {""brand"": ""ТЛТ"", ""model"": ""ТЛТ-75"", ""source"": ""builtin"", ""voltage"": 220, ""max_temperature"": 120, ""min_temperature"": -55, ""power_per_meter"": 75}, {""brand"": ""ТЛТ"", ""model"": ""ТЛТ-100"", ""source"": ""builtin"", ""voltage"": 220, ""max_temperature"": 150, ""min_temperature"": -60, ""power_per_meter"": 100}], ""safety_factor"": 1.1, ""supply_voltage"": 220.0, ""ambient_temperature"": -15.0, ""process_temperature"": 40.0, ""required_power_per_meter"": 5.835}";"{""current"": 9.135, ""voltage"": 220.0, ""total_power"": 2009.7, ""cable_length"": 200.97, ""selected_cable"": ""ТЛТ-10""}"
Труба DN27 №19;3;self_regulating;ТЛТ-40;"{""cable_mark"": null, ""pipe_length"": 431.2, ""cable_catalog"": [{""brand"": ""ТЛТ"", ""model"": ""ТЛТ-10"", ""source"": ""builtin"", ""voltage"": 220, ""max_temperature"": 65, ""min_temperature"": -40, ""power_per_meter"": 10}, {""brand"": ""ТЛТ"", ""model"": ""ТЛТ-15"", ""source"": ""builtin"", ""voltage"": 220, ""max_temperature"": 65, ""min_temperature"": -40, ""power_per_meter"": 15}, {""brand"": ""ТЛТ"", ""model"": ""ТЛТ-20"", ""source"": ""builtin"", ""voltage"": 220, ""max_temperature"": 65, ""min_temperature"": -40, ""power_per_meter"": 20}, {""brand"": ""ТЛТ"", ""model"": ""ТЛТ-25"", ""source"": ""builtin"", ""voltage"": 220, ""max_temperature"": 85, ""min_temperature"": -50, ""power_per_meter"": 25}, {""brand"": ""ТЛТ"", ""model"": ""ТЛТ-30"", ""source"": ""builtin"", ""voltage"": 220, ""max_temperature"": 85, ""min_temperature"": -50, ""power_per_meter"": 30}, {""brand"": ""ТЛТ"", ""model"": ""ТЛТ-40"", ""source"": ""builtin"", ""voltage"": 220, ""max_temperature"": 110, ""min_temperature"": -50, ""power_per_meter"": 40}, {""brand"": ""ТЛТ"", ""model"": ""ТЛТ-50"", ""source"": ""builtin"", ""voltage"": 220, ""max_temperature"": 110, ""min_temperature"": -50, ""power_per_meter"": 50}, {""brand"": ""ТЛТ"", ""model"": ""ТЛТ-60"", ""source"": ""builtin"", ""voltage"": 220, ""max_temperature"": 120, ""min_temperature"": -55, ""power_per_meter"": 60}, {""brand"": ""ТЛТ"", ""model"": ""ТЛТ-75"", ""source"": ""builtin"", ""voltage"": 220, ""max_temperature"": 120, ""min_temperature"": -55, ""power_per_meter"": 75}, {""brand"": ""ТЛТ"", ""model"": ""ТЛТ-100"", ""source"": ""builtin"", ""voltage"": 220, ""max_temperature"": 150, ""min_temperature"": -60, ""power_per_meter"": 100}], ""safety_factor"": 1.1, ""supply_voltage"": 220.0, ""ambient_temperature"": -25.0, ""process_temperature"": 100.0, ""required_power_per_meter"": 34.454}";"{""current"": 86.24, ""voltage"": 220.0, ""total_power"": 18972.8, ""cable_length"": 474.32, ""selected_cable"": ""ТЛТ-40""}"
Шар. бак №21;2;self_regulating;ТЛТ-40;"{""cable_mark"": null, ""pipe_length"": 1.0, ""cable_catalog"": [{""brand"": ""ТЛТ"", ""model"": ""ТЛТ-10"", ""source"": ""builtin"", ""voltage"": 220, ""max_temperature"": 65, ""min_temperature"": -40, ""power_per_meter"": 10}, {""brand"": ""ТЛТ"", ""model"": ""ТЛТ-15"", ""source"": ""builtin"", ""voltage"": 220, ""max_temperature"": 65, ""min_temperature"": -40, ""power_per_meter"": 15}, {""brand"": ""ТЛТ"", ""model"": ""ТЛТ-20"", ""source"": ""builtin"", ""voltage"": 220, ""max_temperature"": 65, ""min_temperature"": -40, ""power_per_meter"": 20}, {""brand"": ""ТЛТ"", ""model"": ""ТЛТ-25"", ""source"": ""builtin"", ""voltage"": 220, ""max_temperature"": 85, ""min_temperature"": -50, ""power_per_meter"": 25}, {""brand"": ""ТЛТ"", ""model"": ""ТЛТ-30"", ""source"": ""builtin"", ""voltage"": 220, ""max_temperature"": 85, ""min_temperature"": -50, ""power_per_meter"": 30}, {""brand"": ""ТЛТ"", ""model"": ""ТЛТ-40"", ""source"": ""builtin"", ""voltage"": 220, ""max_temperature"": 110, ""min_temperature"": -50, ""power_per_meter"": 40}, {""brand"": ""ТЛТ"", ""model"": ""ТЛТ-50"", ""source"": ""builtin"", ""voltage"": 220, ""max_temperature"": 110, ""min_temperature"": -50, ""power_per_meter"": 50}, {""brand"": ""ТЛТ"", ""model"": ""ТЛТ-60"", ""source"": ""builtin"", ""voltage"": 220, ""max_temperature"": 120, ""min_temperature"": -55, ""power_per_meter"": 60}, {""brand"": ""ТЛТ"", ""model"": ""ТЛТ-75"", ""source"": ""builtin"", ""voltage"": 220, ""max_temperature"": 120, ""min_temperature"": -55, ""power_per_meter"": 75}, {""brand"": ""ТЛТ"", ""model"": ""ТЛТ-100"", ""source"": ""builtin"", ""voltage"": 220, ""max_temperature"": 150, ""min_temperature"": -60, ""power_per_meter"": 100}], ""safety_factor"": 1.1, ""supply_voltage"": 220.0, ""ambient_temperature"": -10.0, ""process_temperature"": 100.0, ""required_power_per_meter"": 32.168}";"{""current"": 0.2, ""voltage"": 220.0, ""total_power"": 44.0, ""cable_length"": 1.1, ""selected_cable"": ""ТЛТ-40""}"
Шар. бак №16;2;self_regulating;ТЛТ-40;"{""cable_mark"": null, ""pipe_length"": 1.0, ""cable_catalog"": [{""brand"": ""ТЛТ"", ""model"": ""ТЛТ-10"", ""source"": ""builtin"", ""voltage"": 220, ""max_temperature"": 65, ""min_temperature"": -40, ""power_per_meter"": 10}, {""brand"": ""ТЛТ"", ""model"": ""ТЛТ-15"", ""source"": ""builtin"", ""voltage"": 220, ""max_temperature"": 65, ""min_temperature"": -40, ""power_per_meter"": 15}, {""brand"": ""ТЛТ"", ""model"": ""ТЛТ-20"", ""source"": ""builtin"", ""voltage"": 220, ""max_temperature"": 65, ""min_temperature"": -40, ""power_per_meter"": 20}, {""brand"": ""ТЛТ"", ""model"": ""ТЛТ-25"", ""source"": ""builtin"", ""voltage"": 220, ""max_temperature"": 85, ""min_temperature"": -50, ""power_per_meter"": 25}, {""brand"": ""ТЛТ"", ""model"": ""ТЛТ-30"", ""source"": ""builtin"", ""voltage"": 220, ""max_temperature"": 85, ""min_temperature"": -50, ""power_per_meter"": 30}, {""brand"": ""ТЛТ"", ""model"": ""ТЛТ-40"", ""source"": ""builtin"", ""voltage"": 220, ""max_temperature"": 110, ""min_temperature"": -50, ""power_per_meter"": 40}, {""brand"": ""ТЛТ"", ""model"": ""ТЛТ-50"", ""source"": ""builtin"", ""voltage"": 220, ""max_temperature"": 110, ""min_temperature"": -50, ""power_per_meter"": 50}, {""brand"": ""ТЛТ"", ""model"": ""ТЛТ-60"", ""source"": ""builtin"", ""voltage"": 220, ""max_temperature"": 120, ""min_temperature"": -55, ""power_per_meter"": 60}, {""brand"": ""ТЛТ"", ""model"": ""ТЛТ-75"", ""source"": ""builtin"", ""voltage"": 220, ""max_temperature"": 120, ""min_temperature"": -55, ""power_per_meter"": 75}, {""brand"": ""ТЛТ"", ""model"": ""ТЛТ-100"", ""source"": ""builtin"", ""voltage"": 220, ""max_temperature"": 150, ""min_temperature"": -60, ""power_per_meter"": 100}], ""safety_factor"": 1.1, ""supply_voltage"": 220.0, ""ambient_temperature"": -20.0, ""process_temperature"": 80.0, ""required_power_per_meter"": 29.244}";"{""current"": 0.2, ""voltage"": 220.0, ""total_power"": 44.0, ""cable_length"": 1.1, ""selected_cable"": ""ТЛТ-40""}"
Цил. бак №25;2;self_regulating;ТЛТ-25;"{""cable_mark"": null, ""pipe_length"": 6.0, ""cable_catalog"": [{""brand"": ""ТЛТ"", ""model"": ""ТЛТ-10"", ""source"": ""builtin"", ""voltage"": 220, ""max_temperature"": 65, ""min_temperature"": -40, ""power_per_meter"": 10}, {""brand"": ""ТЛТ"", ""model"": ""ТЛТ-15"", ""source"": ""builtin"", ""voltage"": 220, ""max_temperature"": 65, ""min_temperature"": -40, ""power_per_meter"": 15}, {""brand"": ""ТЛТ"", ""model"": ""ТЛТ-20"", ""source"": ""builtin"", ""voltage"": 220, ""max_temperature"": 65, ""min_temperature"": -40, ""power_per_meter"": 20}, {""brand"": ""ТЛТ"", ""model"": ""ТЛТ-25"", ""source"": ""builtin"", ""voltage"": 220, ""max_temperature"": 85, ""min_temperature"": -50, ""power_per_meter"": 25}, {""brand"": ""ТЛТ"", ""model"": ""ТЛТ-30"", ""source"": ""builtin"", ""voltage"": 220, ""max_temperature"": 85, ""min_temperature"": -50, ""power_per_meter"": 30}, {""brand"": ""ТЛТ"", ""model"": ""ТЛТ-40"", ""source"": ""builtin"", ""voltage"": 220, ""max_temperature"": 110, ""min_temperature"": -50, ""power_per_meter"": 40}, {""brand"": ""ТЛТ"", ""model"": ""ТЛТ-50"", ""source"": ""builtin"", ""voltage"": 220, ""max_temperature"": 110, ""min_temperature"": -50, ""power_per_meter"": 50}, {""brand"": ""ТЛТ"", ""model"": ""ТЛТ-60"", ""source"": ""builtin"", ""voltage"": 220, ""max_temperature"": 120, ""min_temperature"": -55, ""power_per_meter"": 60}, {""brand"": ""ТЛТ"", ""model"": ""ТЛТ-75"", ""source"": ""builtin"", ""voltage"": 220, ""max_temperature"": 120, ""min_temperature"": -55, ""power_per_meter"": 75}, {""brand"": ""ТЛТ"", ""model"": ""ТЛТ-100"", ""source"": ""builtin"", ""voltage"": 220, ""max_temperature"": 150, ""min_temperature"": -60, ""power_per_meter"": 100}], ""safety_factor"": 1.1, ""supply_voltage"": 220.0, ""ambient_temperature"": -10.0, ""process_temperature"": 60.0, ""required_power_per_meter"": 20.471}";"{""current"": 0.75, ""voltage"": 220.0, ""total_power"": 165.0, ""cable_length"": 6.6, ""selected_cable"": ""ТЛТ-25""}"
Цил. бак №34;2;self_regulating;ТЛТ-60;"{""cable_mark"": null, ""pipe_length"": 6.0, ""cable_catalog"": [{""brand"": ""ТЛТ"", ""model"": ""ТЛТ-10"", ""source"": ""builtin"", ""voltage"": 220, ""max_temperature"": 65, ""min_temperature"": -40, ""power_per_meter"": 10}, {""brand"": ""ТЛТ"", ""model"": ""ТЛТ-15"", ""source"": ""builtin"", ""voltage"": 220, ""max_temperature"": 65, ""min_temperature"": -40, ""power_per_meter"": 15}, {""brand"": ""ТЛТ"", ""model"": ""ТЛТ-20"", ""source"": ""builtin"", ""voltage"": 220, ""max_temperature"": 65, ""min_temperature"": -40, ""power_per_meter"": 20}, {""brand"": ""ТЛТ"", ""model"": ""ТЛТ-25"", ""source"": ""builtin"", ""voltage"": 220, ""max_temperature"": 85, ""min_temperature"": -50, ""power_per_meter"": 25}, {""brand"": ""ТЛТ"", ""model"": ""ТЛТ-30"", ""source"": ""builtin"", ""voltage"": 220, ""max_temperature"": 85, ""min_temperature"": -50, ""power_per_meter"": 30}, {""brand"": ""ТЛТ"", ""model"": ""ТЛТ-40"", ""source"": ""builtin"", ""voltage"": 220, ""max_temperature"": 110, ""min_temperature"": -50, ""power_per_meter"": 40}, {""brand"": ""ТЛТ"", ""model"": ""ТЛТ-50"", ""source"": ""builtin"", ""voltage"": 220, ""max_temperature"": 110, ""min_temperature"": -50, ""power_per_meter"": 50}, {""brand"": ""ТЛТ"", ""model"": ""ТЛТ-60"", ""source"": ""builtin"", ""voltage"": 220, ""max_temperature"": 120, ""min_temperature"": -55, ""power_per_meter"": 60}, {""brand"": ""ТЛТ"", ""model"": ""ТЛТ-75"", ""source"": ""builtin"", ""voltage"": 220, ""max_temperature"": 120, ""min_temperature"": -55, ""power_per_meter"": 75}, {""brand"": ""ТЛТ"", ""model"": ""ТЛТ-100"", ""source"": ""builtin"", ""voltage"": 220, ""max_temperature"": 150, ""min_temperature"": -60, ""power_per_meter"": 100}], ""safety_factor"": 1.1, ""supply_voltage"": 220.0, ""ambient_temperature"": -10.0, ""process_temperature"": 100.0, ""required_power_per_meter"": 49.348}";"{""current"": 1.8, ""voltage"": 220.0, ""total_power"": 396.0, ""cable_length"": 6.6, ""selected_cable"": ""ТЛТ-60""}"
Шар. бак №35;2;self_regulating;ТЛТ-100;"{""cable_mark"": null, ""pipe_length"": 1.0, ""cable_catalog"": [{""brand"": ""ТЛТ"", ""model"": ""ТЛТ-10"", ""source"": ""builtin"", ""voltage"": 220, ""max_temperature"": 65, ""min_temperature"": -40, ""power_per_meter"": 10}, {""brand"": ""ТЛТ"", ""model"": ""ТЛТ-15"", ""source"": ""builtin"", ""voltage"": 220, ""max_temperature"": 65, ""min_temperature"": -40, ""power_per_meter"": 15}, {""brand"": ""ТЛТ"", ""model"": ""ТЛТ-20"", ""source"": ""builtin"", ""voltage"": 220, ""max_temperature"": 65, ""min_temperature"": -40, ""power_per_meter"": 20}, {""brand"": ""ТЛТ"", ""model"": ""ТЛТ-25"", ""source"": ""builtin"", ""voltage"": 220, ""max_temperature"": 85, ""min_temperature"": -50, ""power_per_meter"": 25}, {""brand"": ""ТЛТ"", ""model"": ""ТЛТ-30"", ""source"": ""builtin"", ""voltage"": 220, ""max_temperature"": 85, ""min_temperature"": -50, ""power_per_meter"": 30}, {""brand"": ""ТЛТ"", ""model"": ""ТЛТ-40"", ""source"": ""builtin"", ""voltage"": 220, ""max_temperature"": 110, ""min_temperature"": -50, ""power_per_meter"": 40}, {""brand"": ""ТЛТ"", ""model"": ""ТЛТ-50"", ""source"": ""builtin"", ""voltage"": 220, ""max_temperature"": 110, ""min_temperature"": -50, ""power_per_meter"": 50}, {""brand"": ""ТЛТ"", ""model"": ""ТЛТ-60"", ""source"": ""builtin"", ""voltage"": 220, ""max_temperature"": 120, ""min_temperature"": -55, ""power_per_meter"": 60}, {""brand"": ""ТЛТ"", ""model"": ""ТЛТ-75"", ""source"": ""builtin"", ""voltage"": 220, ""max_temperature"": 120, ""min_temperature"": -55, ""power_per_meter"": 75}, {""brand"": ""ТЛТ"", ""model"": ""ТЛТ-100"", ""source"": ""builtin"", ""voltage"": 220, ""max_temperature"": 150, ""min_temperature"": -60, ""power_per_meter"": 100}], ""safety_factor"": 1.1, ""supply_voltage"": 220.0, ""ambient_temperature"": -30.0, ""process_temperature"": 80.0, ""required_power_per_meter"": 78.46}";"{""current"": 0.5, ""voltage"": 220.0, ""total_power"": 110.0, ""cable_length"": 1.1, ""selected_cable"": ""ТЛТ-100""}"
Прям. бак №39;2;self_regulating;ТЛТ-50;"{""cable_mark"": null, ""pipe_length"": 3.0, ""cable_catalog"": [{""brand"": ""ТЛТ"", ""model"": ""ТЛТ-10"", ""source"": ""builtin"", ""voltage"": 220, ""max_temperature"": 65, ""min_temperature"": -40, ""power_per_meter"": 10}, {""brand"": ""ТЛТ"", ""model"": ""ТЛТ-15"", ""source"": ""builtin"", ""voltage"": 220, ""max_temperature"": 65, ""min_temperature"": -40, ""power_per_meter"": 15}, {""brand"": ""ТЛТ"", ""model"": ""ТЛТ-20"", ""source"": ""builtin"", ""voltage"": 220, ""max_temperature"": 65, ""min_temperature"": -40, ""power_per_meter"": 20}, {""brand"": ""ТЛТ"", ""model"": ""ТЛТ-25"", ""source"": ""builtin"", ""voltage"": 220, ""max_temperature"": 85, ""min_temperature"": -50, ""power_per_meter"": 25}, {""brand"": ""ТЛТ"", ""model"": ""ТЛТ-30"", ""source"": ""builtin"", ""voltage"": 220, ""max_temperature"": 85, ""min_temperature"": -50, ""power_per_meter"": 30}, {""brand"": ""ТЛТ"", ""model"": ""ТЛТ-40"", ""source"": ""builtin"", ""voltage"": 220, ""max_temperature"": 110, ""min_temperature"": -50, ""power_per_meter"": 40}, {""brand"": ""ТЛТ"", ""model"": ""ТЛТ-50"", ""source"": ""builtin"", ""voltage"": 220, ""max_temperature"": 110, ""min_temperature"": -50, ""power_per_meter"": 50}, {""brand"": ""ТЛТ"", ""model"": ""ТЛТ-60"", ""source"": ""builtin"", ""voltage"": 220, ""max_temperature"": 120, ""min_temperature"": -55, ""power_per_meter"": 60}, {""brand"": ""ТЛТ"", ""model"": ""ТЛТ-75"", ""source"": ""builtin"", ""voltage"": 220, ""max_temperature"": 120, ""min_temperature"": -55, ""power_per_meter"": 75}, {""brand"": ""ТЛТ"", ""model"": ""ТЛТ-100"", ""source"": ""builtin"", ""voltage"": 220, ""max_temperature"": 150, ""min_temperature"": -60, ""power_per_meter"": 100}], ""safety_factor"": 1.1, ""supply_voltage"": 220.0, ""ambient_temperature"": -30.0, ""process_temperature"": 100.0, ""required_power_per_meter"": 44.167}";"{""current"": 0.75, ""voltage"": 220.0, ""total_power"": 165.0, ""cable_length"": 3.3, ""selected_cable"": ""ТЛТ-50""}"
Труба DN76 №12;3;self_regulating;ТЛТ-40;"{""cable_mark"": null, ""pipe_length"": 336.7, ""cable_catalog"": [{""brand"": ""ТЛТ"", ""model"": ""ТЛТ-10"", ""source"": ""builtin"", ""voltage"": 220, ""max_temperature"": 65, ""min_temperature"": -40, ""power_per_meter"": 10}, {""brand"": ""ТЛТ"", ""model"": ""ТЛТ-15"", ""source"": ""builtin"", ""voltage"": 220, ""max_temperature"": 65, ""min_temperature"": -40, ""power_per_meter"": 15}, {""brand"": ""ТЛТ"", ""model"": ""ТЛТ-20"", ""source"": ""builtin"", ""voltage"": 220, ""max_temperature"": 65, ""min_temperature"": -40, ""power_per_meter"": 20}, {""brand"": ""ТЛТ"", ""model"": ""ТЛТ-25"", ""source"": ""builtin"", ""voltage"": 220, ""max_temperature"": 85, ""min_temperature"": -50, ""power_per_meter"": 25}, {""brand"": ""ТЛТ"", ""model"": ""ТЛТ-30"", ""source"": ""builtin"", ""voltage"": 220, ""max_temperature"": 85, ""min_temperature"": -50, ""power_per_meter"": 30}, {""brand"": ""ТЛТ"", ""model"": ""ТЛТ-40"", ""source"": ""builtin"", ""voltage"": 220, ""max_temperature"": 110, ""min_temperature"": -50, ""power_per_meter"": 40}, {""brand"": ""ТЛТ"", ""model"": ""ТЛТ-50"", ""source"": ""builtin"", ""voltage"": 220, ""max_temperature"": 110, ""min_temperature"": -50, ""power_per_meter"": 50}, {""brand"": ""ТЛТ"", ""model"": ""ТЛТ-60"", ""source"": ""builtin"", ""voltage"": 220, ""max_temperature"": 120, ""min_temperature"": -55, ""power_per_meter"": 60}, {""brand"": ""ТЛТ"", ""model"": ""ТЛТ-75"", ""source"": ""builtin"", ""voltage"": 220, ""max_temperature"": 120, ""min_temperature"": -55, ""power_per_meter"": 75}, {""brand"": ""ТЛТ"", ""model"": ""ТЛТ-100"", ""source"": ""builtin"", ""voltage"": 220, ""max_temperature"": 150, ""min_temperature"": -60, ""power_per_meter"": 100}], ""safety_factor"": 1.1, ""supply_voltage"": 220.0, ""ambient_temperature"": -30.0, ""process_temperature"": 60.0, ""required_power_per_meter"": 27.631}";"{""current"": 67.34, ""voltage"": 220.0, ""total_power"": 14814.8, ""cable_length"": 370.37, ""selected_cable"": ""ТЛТ-40""}"
Труба DN219 №15;3;self_regulating;ТЛТ-40;"{""cable_mark"": null, ""pipe_length"": 137.5, ""cable_catalog"": [{""brand"": ""ТЛТ"", ""model"": ""ТЛТ-10"", ""source"": ""builtin"", ""voltage"": 220, ""max_temperature"": 65, ""min_temperature"": -40, ""power_per_meter"": 10}, {""brand"": ""ТЛТ"", ""model"": ""ТЛТ-15"", ""source"": ""builtin"", ""voltage"": 220, ""max_temperature"": 65, ""min_temperature"": -40, ""power_per_meter"": 15}, {""brand"": ""ТЛТ"", ""model"": ""ТЛТ-20"", ""source"": ""builtin"", ""voltage"": 220, ""max_temperature"": 65, ""min_temperature"": -40, ""power_per_meter"": 20}, {""brand"": ""ТЛТ"", ""model"": ""ТЛТ-25"", ""source"": ""builtin"", ""voltage"": 220, ""max_temperature"": 85, ""min_temperature"": -50, ""power_per_meter"": 25}, {""brand"": ""ТЛТ"", ""model"": ""ТЛТ-30"", ""source"": ""builtin"", ""voltage"": 220, ""max_temperature"": 85, ""min_temperature"": -50, ""power_per_meter"": 30}, {""brand"": ""ТЛТ"", ""model"": ""ТЛТ-40"", ""source"": ""builtin"", ""voltage"": 220, ""max_temperature"": 110, ""min_temperature"": -50, ""power_per_meter"": 40}, {""brand"": ""ТЛТ"", ""model"": ""ТЛТ-50"", ""source"": ""builtin"", ""voltage"": 220, ""max_temperature"": 110, ""min_temperature"": -50, ""power_per_meter"": 50}, {""brand"": ""ТЛТ"", ""model"": ""ТЛТ-60"", ""source"": ""builtin"", ""voltage"": 220, ""max_temperature"": 120, ""min_temperature"": -55, ""power_per_meter"": 60}, {""brand"": ""ТЛТ"", ""model"": ""ТЛТ-75"", ""source"": ""builtin"", ""voltage"": 220, ""max_temperature"": 120, ""min_temperature"": -55, ""power_per_meter"": 75}, {""brand"": ""ТЛТ"", ""model"": ""ТЛТ-100"", ""source"": ""builtin"", ""voltage"": 220, ""max_temperature"": 150, ""min_temperature"": -60, ""power_per_meter"": 100}], ""safety_factor"": 1.1, ""supply_voltage"": 220.0, ""ambient_temperature"": -10.0, ""process_temperature"": 70.0, ""required_power_per_meter"": 32.632}";"{""current"": 27.5, ""voltage"": 220.0, ""total_power"": 6050.0, ""cable_length"": 151.25, ""selected_cable"": ""ТЛТ-40""}"
Труба DN89 №31;3;self_regulating;ТЛТ-75;"{""cable_mark"": null, ""pipe_length"": 296.3, ""cable_catalog"": [{""brand"": ""ТЛТ"", ""model"": ""ТЛТ-10"", ""source"": ""builtin"", ""voltage"": 220, ""max_temperature"": 65, ""min_temperature"": -40, ""power_per_meter"": 10}, {""brand"": ""ТЛТ"", ""model"": ""ТЛТ-15"", ""source"": ""builtin"", ""voltage"": 220, ""max_temperature"": 65, ""min_temperature"": -40, ""power_per_meter"": 15}, {""brand"": ""ТЛТ"", ""model"": ""ТЛТ-20"", ""source"": ""builtin"", ""voltage"": 220, ""max_temperature"": 65, ""min_temperature"": -40, ""power_per_meter"": 20}, {""brand"": ""ТЛТ"", ""model"": ""ТЛТ-25"", ""source"": ""builtin"", ""voltage"": 220, ""max_temperature"": 85, ""min_temperature"": -50, ""power_per_meter"": 25}, {""brand"": ""ТЛТ"", ""model"": ""ТЛТ-30"", ""source"": ""builtin"", ""voltage"": 220, ""max_temperature"": 85, ""min_temperature"": -50, ""power_per_meter"": 30}, {""brand"": ""ТЛТ"", ""model"": ""ТЛТ-40"", ""source"": ""builtin"", ""voltage"": 220, ""max_temperature"": 110, ""min_temperature"": -50, ""power_per_meter"": 40}, {""brand"": ""ТЛТ"", ""model"": ""ТЛТ-50"", ""source"": ""builtin"", ""voltage"": 220, ""max_temperature"": 110, ""min_temperature"": -50, ""power_per_meter"": 50}, {""brand"": ""ТЛТ"", ""model"": ""ТЛТ-60"", ""source"": ""builtin"", ""voltage"": 220, ""max_temperature"": 120, ""min_temperature"": -55, ""power_per_meter"": 60}, {""brand"": ""ТЛТ"", ""model"": ""ТЛТ-75"", ""source"": ""builtin"", ""voltage"": 220, ""max_temperature"": 120, ""min_temperature"": -55, ""power_per_meter"": 75}, {""brand"": ""ТЛТ"", ""model"": ""ТЛТ-100"", ""source"": ""builtin"", ""voltage"": 220, ""max_temperature"": 150, ""min_temperature"": -60, ""power_per_meter"": 100}], ""safety_factor"": 1.1, ""supply_voltage"": 220.0, ""ambient_temperature"": -40.0, ""process_temperature"": 70.0, ""required_power_per_meter"": 54.816}";"{""current"": 111.113, ""voltage"": 220.0, ""total_power"": 24444.75, ""cable_length"": 325.93, ""selected_cable"": ""ТЛТ-75""}"
Труба DN114 №10;3;self_regulating;ТЛТ-50;"{""cable_mark"": null, ""pipe_length"": 492.7, ""cable_catalog"": [{""brand"": ""ТЛТ"", ""model"": ""ТЛТ-10"", ""source"": ""builtin"", ""voltage"": 220, ""max_temperature"": 65, ""min_temperature"": -40, ""power_per_meter"": 10}, {""brand"": ""ТЛТ"", ""model"": ""ТЛТ-15"", ""source"": ""builtin"", ""voltage"": 220, ""max_temperature"": 65, ""min_temperature"": -40, ""power_per_meter"": 15}, {""brand"": ""ТЛТ"", ""model"": ""ТЛТ-20"", ""source"": ""builtin"", ""voltage"": 220, ""max_temperature"": 65, ""min_temperature"": -40, ""power_per_meter"": 20}, {""brand"": ""ТЛТ"", ""model"": ""ТЛТ-25"", ""source"": ""builtin"", ""voltage"": 220, ""max_temperature"": 85, ""min_temperature"": -50, ""power_per_meter"": 25}, {""brand"": ""ТЛТ"", ""model"": ""ТЛТ-30"", ""source"": ""builtin"", ""voltage"": 220, ""max_temperature"": 85, ""min_temperature"": -50, ""power_per_meter"": 30}, {""brand"": ""ТЛТ"", ""model"": ""ТЛТ-40"", ""source"": ""builtin"", ""voltage"": 220, ""max_temperature"": 110, ""min_temperature"": -50, ""power_per_meter"": 40}, {""brand"": ""ТЛТ"", ""model"": ""ТЛТ-50"", ""source"": ""builtin"", ""voltage"": 220, ""max_temperature"": 110, ""min_temperature"": -50, ""power_per_meter"": 50}, {""brand"": ""ТЛТ"", ""model"": ""ТЛТ-60"", ""source"": ""builtin"", ""voltage"": 220, ""max_temperature"": 120, ""min_temperature"": -55, ""power_per_meter"": 60}, {""brand"": ""ТЛТ"", ""model"": ""ТЛТ-75"", ""source"": ""builtin"", ""voltage"": 220, ""max_temperature"": 120, ""min_temperature"": -55, ""power_per_meter"": 75}, {""brand"": ""ТЛТ"", ""model"": ""ТЛТ-100"", ""source"": ""builtin"", ""voltage"": 220, ""max_temperature"": 150, ""min_temperature"": -60, ""power_per_meter"": 100}], ""safety_factor"": 1.1, ""supply_voltage"": 220.0, ""ambient_temperature"": 0.0, ""process_temperature"": 80.0, ""required_power_per_meter"": 39.569}";"{""current"": 123.175, ""voltage"": 220.0, ""total_power"": 27098.5, ""cable_length"": 541.97, ""selected_cable"": ""ТЛТ-50""}"
Труба DN76 №24;3;self_regulating;ТЛТ-10;"{""cable_mark"": null, ""pipe_length"": 80.7, ""cable_catalog"": [{""brand"": ""ТЛТ"", ""model"": ""ТЛТ-10"", ""source"": ""builtin"", ""voltage"": 220, ""max_temperature"": 65, ""min_temperature"": -40, ""power_per_meter"": 10}, {""brand"": ""ТЛТ"", ""model"": ""ТЛТ-15"", ""source"": ""builtin"", ""voltage"": 220, ""max_temperature"": 65, ""min_temperature"": -40, ""power_per_meter"": 15}, {""brand"": ""ТЛТ"", ""model"": ""ТЛТ-20"", ""source"": ""builtin"", ""voltage"": 220, ""max_temperature"": 65, ""min_temperature"": -40, ""power_per_meter"": 20}, {""brand"": ""ТЛТ"", ""model"": ""ТЛТ-25"", ""source"": ""builtin"", ""voltage"": 220, ""max_temperature"": 85, ""min_temperature"": -50, ""power_per_meter"": 25}, {""brand"": ""ТЛТ"", ""model"": ""ТЛТ-30"", ""source"": ""builtin"", ""voltage"": 220, ""max_temperature"": 85, ""min_temperature"": -50, ""power_per_meter"": 30}, {""brand"": ""ТЛТ"", ""model"": ""ТЛТ-40"", ""source"": ""builtin"", ""voltage"": 220, ""max_temperature"": 110, ""min_temperature"": -50, ""power_per_meter"": 40}, {""brand"": ""ТЛТ"", ""model"": ""ТЛТ-50"", ""source"": ""builtin"", ""voltage"": 220, ""max_temperature"": 110, ""min_temperature"": -50, ""power_per_meter"": 50}, {""brand"": ""ТЛТ"", ""model"": ""ТЛТ-60"", ""source"": ""builtin"", ""voltage"": 220, ""max_temperature"": 120, ""min_temperature"": -55, ""power_per_meter"": 60}, {""brand"": ""ТЛТ"", ""model"": ""ТЛТ-75"", ""source"": ""builtin"", ""voltage"": 220, ""max_temperature"": 120, ""min_temperature"": -55, ""power_per_meter"": 75}, {""brand"": ""ТЛТ"", ""model"": ""ТЛТ-100"", ""source"": ""builtin"", ""voltage"": 220, ""max_temperature"": 150, ""min_temperature"": -60, ""power_per_meter"": 100}], ""safety_factor"": 1.1, ""supply_voltage"": 220.0, ""ambient_temperature"": 10.0, ""process_temperature"": 40.0, ""required_power_per_meter"": 5.332}";"{""current"": 4.035, ""voltage"": 220.0, ""total_power"": 887.7, ""cable_length"": 88.77, ""selected_cable"": ""ТЛТ-10""}"
Шар. бак №22;2;self_regulating;ТЛТ-40;"{""cable_mark"": null, ""pipe_length"": 1.0, ""cable_catalog"": [{""brand"": ""ТЛТ"", ""model"": ""ТЛТ-10"", ""source"": ""builtin"", ""voltage"": 220, ""max_temperature"": 65, ""min_temperature"": -40, ""power_per_meter"": 10}, {""brand"": ""ТЛТ"", ""model"": ""ТЛТ-15"", ""source"": ""builtin"", ""voltage"": 220, ""max_temperature"": 65, ""min_temperature"": -40, ""power_per_meter"": 15}, {""brand"": ""ТЛТ"", ""model"": ""ТЛТ-20"", ""source"": ""builtin"", ""voltage"": 220, ""max_temperature"": 65, ""min_temperature"": -40, ""power_per_meter"": 20}, {""brand"": ""ТЛТ"", ""model"": ""ТЛТ-25"", ""source"": ""builtin"", ""voltage"": 220, ""max_temperature"": 85, ""min_temperature"": -50, ""power_per_meter"": 25}, {""brand"": ""ТЛТ"", ""model"": ""ТЛТ-30"", ""source"": ""builtin"", ""voltage"": 220, ""max_temperature"": 85, ""min_temperature"": -50, ""power_per_meter"": 30}, {""brand"": ""ТЛТ"", ""model"": ""ТЛТ-40"", ""source"": ""builtin"", ""voltage"": 220, ""max_temperature"": 110, ""min_temperature"": -50, ""power_per_meter"": 40}, {""brand"": ""ТЛТ"", ""model"": ""ТЛТ-50"", ""source"": ""builtin"", ""voltage"": 220, ""max_temperature"": 110, ""min_temperature"": -50, ""power_per_meter"": 50}, {""brand"": ""ТЛТ"", ""model"": ""ТЛТ-60"", ""source"": ""builtin"", ""voltage"": 220, ""max_temperature"": 120, ""min_temperature"": -55, ""power_per_meter"": 60}, {""brand"": ""ТЛТ"", ""model"": ""ТЛТ-75"", ""source"": ""builtin"", ""voltage"": 220, ""max_temperature"": 120, ""min_temperature"": -55, ""power_per_meter"": 75}, {""brand"": ""ТЛТ"", ""model"": ""ТЛТ-100"", ""source"": ""builtin"", ""voltage"": 220, ""max_temperature"": 150, ""min_temperature"": -60, ""power_per_meter"": 100}], ""safety_factor"": 1.1, ""supply_voltage"": 220.0, ""ambient_temperature"": -10.0, ""process_temperature"": 100.0, ""required_power_per_meter"": 33.908}";"{""current"": 0.2, ""voltage"": 220.0, ""total_power"": 44.0, ""cable_length"": 1.1, ""selected_cable"": ""ТЛТ-40""}"
Шар. бак №31;2;self_regulating;ТЛТ-100;"{""cable_mark"": null, ""pipe_length"": 1.0, ""cable_catalog"": [{""brand"": ""ТЛТ"", ""model"": ""ТЛТ-10"", ""source"": ""builtin"", ""voltage"": 220, ""max_temperature"": 65, ""min_temperature"": -40, ""power_per_meter"": 10}, {""brand"": ""ТЛТ"", ""model"": ""ТЛТ-15"", ""source"": ""builtin"", ""voltage"": 220, ""max_temperature"": 65, ""min_temperature"": -40, ""power_per_meter"": 15}, {""brand"": ""ТЛТ"", ""model"": ""ТЛТ-20"", ""source"": ""builtin"", ""voltage"": 220, ""max_temperature"": 65, ""min_temperature"": -40, ""power_per_meter"": 20}, {""brand"": ""ТЛТ"", ""model"": ""ТЛТ-25"", ""source"": ""builtin"", ""voltage"": 220, ""max_temperature"": 85, ""min_temperature"": -50, ""power_per_meter"": 25}, {""brand"": ""ТЛТ"", ""model"": ""ТЛТ-30"", ""source"": ""builtin"", ""voltage"": 220, ""max_temperature"": 85, ""min_temperature"": -50, ""power_per_meter"": 30}, {""brand"": ""ТЛТ"", ""model"": ""ТЛТ-40"", ""source"": ""builtin"", ""voltage"": 220, ""max_temperature"": 110, ""min_temperature"": -50, ""power_per_meter"": 40}, {""brand"": ""ТЛТ"", ""model"": ""ТЛТ-50"", ""source"": ""builtin"", ""voltage"": 220, ""max_temperature"": 110, ""min_temperature"": -50, ""power_per_meter"": 50}, {""brand"": ""ТЛТ"", ""model"": ""ТЛТ-60"", ""source"": ""builtin"", ""voltage"": 220, ""max_temperature"": 120, ""min_temperature"": -55, ""power_per_meter"": 60}, {""brand"": ""ТЛТ"", ""model"": ""ТЛТ-75"", ""source"": ""builtin"", ""voltage"": 220, ""max_temperature"": 120, ""min_temperature"": -55, ""power_per_meter"": 75}, {""brand"": ""ТЛТ"", ""model"": ""ТЛТ-100"", ""source"": ""builtin"", ""voltage"": 220, ""max_temperature"": 150, ""min_temperature"": -60, ""power_per_meter"": 100}], ""safety_factor"": 1.1, ""supply_voltage"": 220.0, ""ambient_temperature"": -30.0, ""process_temperature"": 40.0, ""required_power_per_meter"": 81.829}";"{""current"": 0.5, ""voltage"": 220.0, ""total_power"": 110.0, ""cable_length"": 1.1, ""selected_cable"": ""ТЛТ-100""}"
Прям. бак №40;2;self_regulating;ТЛТ-20;"{""cable_mark"": null, ""pipe_length"": 4.0, ""cable_catalog"": [{""brand"": ""ТЛТ"", ""model"": ""ТЛТ-10"", ""source"": ""builtin"", ""voltage"": 220, ""max_temperature"": 65, ""min_temperature"": -40, ""power_per_meter"": 10}, {""brand"": ""ТЛТ"", ""model"": ""ТЛТ-15"", ""source"": ""builtin"", ""voltage"": 220, ""max_temperature"": 65, ""min_temperature"": -40, ""power_per_meter"": 15}, {""brand"": ""ТЛТ"", ""model"": ""ТЛТ-20"", ""source"": ""builtin"", ""voltage"": 220, ""max_temperature"": 65, ""min_temperature"": -40, ""power_per_meter"": 20}, {""brand"": ""ТЛТ"", ""model"": ""ТЛТ-25"", ""source"": ""builtin"", ""voltage"": 220, ""max_temperature"": 85, ""min_temperature"": -50, ""power_per_meter"": 25}, {""brand"": ""ТЛТ"", ""model"": ""ТЛТ-30"", ""source"": ""builtin"", ""voltage"": 220, ""max_temperature"": 85, ""min_temperature"": -50, ""power_per_meter"": 30}, {""brand"": ""ТЛТ"", ""model"": ""ТЛТ-40"", ""source"": ""builtin"", ""voltage"": 220, ""max_temperature"": 110, ""min_temperature"": -50, ""power_per_meter"": 40}, {""brand"": ""ТЛТ"", ""model"": ""ТЛТ-50"", ""source"": ""builtin"", ""voltage"": 220, ""max_temperature"": 110, ""min_temperature"": -50, ""power_per_meter"": 50}, {""brand"": ""ТЛТ"", ""model"": ""ТЛТ-60"", ""source"": ""builtin"", ""voltage"": 220, ""max_temperature"": 120, ""min_temperature"": -55, ""power_per_meter"": 60}, {""brand"": ""ТЛТ"", ""model"": ""ТЛТ-75"", ""source"": ""builtin"", ""voltage"": 220, ""max_temperature"": 120, ""min_temperature"": -55, ""power_per_meter"": 75}, {""brand"": ""ТЛТ"", ""model"": ""ТЛТ-100"", ""source"": ""builtin"", ""voltage"": 220, ""max_temperature"": 150, ""min_temperature"": -60, ""power_per_meter"": 100}], ""safety_factor"": 1.1, ""supply_voltage"": 220.0, ""ambient_temperature"": -20.0, ""process_temperature"": 40.0, ""required_power_per_meter"": 14.875}";"{""current"": 0.4, ""voltage"": 220.0, ""total_power"": 88.0, ""cable_length"": 4.4, ""selected_cable"": ""ТЛТ-20""}"
Шар. бак №38;2;self_regulating;ТЛТ-60;"{""cable_mark"": null, ""pipe_length"": 1.0, ""cable_catalog"": [{""brand"": ""ТЛТ"", ""model"": ""ТЛТ-10"", ""source"": ""builtin"", ""voltage"": 220, ""max_temperature"": 65, ""min_temperature"": -40, ""power_per_meter"": 10}, {""brand"": ""ТЛТ"", ""model"": ""ТЛТ-15"", ""source"": ""builtin"", ""voltage"": 220, ""max_temperature"": 65, ""min_temperature"": -40, ""power_per_meter"": 15}, {""brand"": ""ТЛТ"", ""model"": ""ТЛТ-20"", ""source"": ""builtin"", ""voltage"": 220, ""max_temperature"": 65, ""min_temperature"": -40, ""power_per_meter"": 20}, {""brand"": ""ТЛТ"", ""model"": ""ТЛТ-25"", ""source"": ""builtin"", ""voltage"": 220, ""max_temperature"": 85, ""min_temperature"": -50, ""power_per_meter"": 25}, {""brand"": ""ТЛТ"", ""model"": ""ТЛТ-30"", ""source"": ""builtin"", ""voltage"": 220, ""max_temperature"": 85, ""min_temperature"": -50, ""power_per_meter"": 30}, {""brand"": ""ТЛТ"", ""model"": ""ТЛТ-40"", ""source"": ""builtin"", ""voltage"": 220, ""max_temperature"": 110, ""min_temperature"": -50, ""power_per_meter"": 40}, {""brand"": ""ТЛТ"", ""model"": ""ТЛТ-50"", ""source"": ""builtin"", ""voltage"": 220, ""max_temperature"": 110, ""min_temperature"": -50, ""power_per_meter"": 50}, {""brand"": ""ТЛТ"", ""model"": ""ТЛТ-60"", ""source"": ""builtin"", ""voltage"": 220, ""max_temperature"": 120, ""min_temperature"": -55, ""power_per_meter"": 60}, {""brand"": ""ТЛТ"", ""model"": ""ТЛТ-75"", ""source"": ""builtin"", ""voltage"": 220, ""max_temperature"": 120, ""min_temperature"": -55, ""power_per_meter"": 75}, {""brand"": ""ТЛТ"", ""model"": ""ТЛТ-100"", ""source"": ""builtin"", ""voltage"": 220, ""max_temperature"": 150, ""min_temperature"": -60, ""power_per_meter"": 100}], ""safety_factor"": 1.1, ""supply_voltage"": 220.0, ""ambient_temperature"": -10.0, ""process_temperature"": 60.0, ""required_power_per_meter"": 47.765}";"{""current"": 0.3, ""voltage"": 220.0, ""total_power"": 66.0, ""cable_length"": 1.1, ""selected_cable"": ""ТЛТ-60""}"
Труба DN159 №9;3;self_regulating;ТЛТ-50;"{""cable_mark"": null, ""pipe_length"": 290.8, ""cable_catalog"": [{""brand"": ""ТЛТ"", ""model"": ""ТЛТ-10"", ""source"": ""builtin"", ""voltage"": 220, ""max_temperature"": 65, ""min_temperature"": -40, ""power_per_meter"": 10}, {""brand"": ""ТЛТ"", ""model"": ""ТЛТ-15"", ""source"": ""builtin"", ""voltage"": 220, ""max_temperature"": 65, ""min_temperature"": -40, ""power_per_meter"": 15}, {""brand"": ""ТЛТ"", ""model"": ""ТЛТ-20"", ""source"": ""builtin"", ""voltage"": 220, ""max_temperature"": 65, ""min_temperature"": -40, ""power_per_meter"": 20}, {""brand"": ""ТЛТ"", ""model"": ""ТЛТ-25"", ""source"": ""builtin"", ""voltage"": 220, ""max_temperature"": 85, ""min_temperature"": -50, ""power_per_meter"": 25}, {""brand"": ""ТЛТ"", ""model"": ""ТЛТ-30"", ""source"": ""builtin"", ""voltage"": 220, ""max_temperature"": 85, ""min_temperature"": -50, ""power_per_meter"": 30}, {""brand"": ""ТЛТ"", ""model"": ""ТЛТ-40"", ""source"": ""builtin"", ""voltage"": 220, ""max_temperature"": 110, ""min_temperature"": -50, ""power_per_meter"": 40}, {""brand"": ""ТЛТ"", ""model"": ""ТЛТ-50"", ""source"": ""builtin"", ""voltage"": 220, ""max_temperature"": 110, ""min_temperature"": -50, ""power_per_meter"": 50}, {""brand"": ""ТЛТ"", ""model"": ""ТЛТ-60"", ""source"": ""builtin"", ""voltage"": 220, ""max_temperature"": 120, ""min_temperature"": -55, ""power_per_meter"": 60}, {""brand"": ""ТЛТ"", ""model"": ""ТЛТ-75"", ""source"": ""builtin"", ""voltage"": 220, ""max_temperature"": 120, ""min_temperature"": -55, ""power_per_meter"": 75}, {""brand"": ""ТЛТ"", ""model"": ""ТЛТ-100"", ""source"": ""builtin"", ""voltage"": 220, ""max_temperature"": 150, ""min_temperature"": -60, ""power_per_meter"": 100}], ""safety_factor"": 1.1, ""supply_voltage"": 220.0, ""ambient_temperature"": -40.0, ""process_temperature"": 70.0, ""required_power_per_meter"": 37.202}";"{""current"": 72.7, ""voltage"": 220.0, ""total_power"": 15994.0, ""cable_length"": 319.88, ""selected_cable"": ""ТЛТ-50""}"
Труба DN21 №3;3;self_regulating;ТЛТ-60;"{""cable_mark"": null, ""pipe_length"": 51.4, ""cable_catalog"": [{""brand"": ""ТЛТ"", ""model"": ""ТЛТ-10"", ""source"": ""builtin"", ""voltage"": 220, ""max_temperature"": 65, ""min_temperature"": -40, ""power_per_meter"": 10}, {""brand"": ""ТЛТ"", ""model"": ""ТЛТ-15"", ""source"": ""builtin"", ""voltage"": 220, ""max_temperature"": 65, ""min_temperature"": -40, ""power_per_meter"": 15}, {""brand"": ""ТЛТ"", ""model"": ""ТЛТ-20"", ""source"": ""builtin"", ""voltage"": 220, ""max_temperature"": 65, ""min_temperature"": -40, ""power_per_meter"": 20}, {""brand"": ""ТЛТ"", ""model"": ""ТЛТ-25"", ""source"": ""builtin"", ""voltage"": 220, ""max_temperature"": 85, ""min_temperature"": -50, ""power_per_meter"": 25}, {""brand"": ""ТЛТ"", ""model"": ""ТЛТ-30"", ""source"": ""builtin"", ""voltage"": 220, ""max_temperature"": 85, ""min_temperature"": -50, ""power_per_meter"": 30}, {""brand"": ""ТЛТ"", ""model"": ""ТЛТ-40"", ""source"": ""builtin"", ""voltage"": 220, ""max_temperature"": 110, ""min_temperature"": -50, ""power_per_meter"": 40}, {""brand"": ""ТЛТ"", ""model"": ""ТЛТ-50"", ""source"": ""builtin"", ""voltage"": 220, ""max_temperature"": 110, ""min_temperature"": -50, ""power_per_meter"": 50}, {""brand"": ""ТЛТ"", ""model"": ""ТЛТ-60"", ""source"": ""builtin"", ""voltage"": 220, ""max_temperature"": 120, ""min_temperature"": -55, ""power_per_meter"": 60}, {""brand"": ""ТЛТ"", ""model"": ""ТЛТ-75"", ""source"": ""builtin"", ""voltage"": 220, ""max_temperature"": 120, ""min_temperature"": -55, ""power_per_meter"": 75}, {""brand"": ""ТЛТ"", ""model"": ""ТЛТ-100"", ""source"": ""builtin"", ""voltage"": 220, ""max_temperature"": 150, ""min_temperature"": -60, ""power_per_meter"": 100}], ""safety_factor"": 1.1, ""supply_voltage"": 220.0, ""ambient_temperature"": -40.0, ""process_temperature"": 120.0, ""required_power_per_meter"": 13.142}";"{""current"": 15.42, ""voltage"": 220.0, ""total_power"": 3392.4, ""cable_length"": 56.54, ""selected_cable"": ""ТЛТ-60""}"
Труба DN21 №21;3;self_regulating;ТЛТ-25;"{""cable_mark"": null, ""pipe_length"": 341.7, ""cable_catalog"": [{""brand"": ""ТЛТ"", ""model"": ""ТЛТ-10"", ""source"": ""builtin"", ""voltage"": 220, ""max_temperature"": 65, ""min_temperature"": -40, ""power_per_meter"": 10}, {""brand"": ""ТЛТ"", ""model"": ""ТЛТ-15"", ""source"": ""builtin"", ""voltage"": 220, ""max_temperature"": 65, ""min_temperature"": -40, ""power_per_meter"": 15}, {""brand"": ""ТЛТ"", ""model"": ""ТЛТ-20"", ""source"": ""builtin"", ""voltage"": 220, ""max_temperature"": 65, ""min_temperature"": -40, ""power_per_meter"": 20}, {""brand"": ""ТЛТ"", ""model"": ""ТЛТ-25"", ""source"": ""builtin"", ""voltage"": 220, ""max_temperature"": 85, ""min_temperature"": -50, ""power_per_meter"": 25}, {""brand"": ""ТЛТ"", ""model"": ""ТЛТ-30"", ""source"": ""builtin"", ""voltage"": 220, ""max_temperature"": 85, ""min_temperature"": -50, ""power_per_meter"": 30}, {""brand"": ""ТЛТ"", ""model"": ""ТЛТ-40"", ""source"": ""builtin"", ""voltage"": 220, ""max_temperature"": 110, ""min_temperature"": -50, ""power_per_meter"": 40}, {""brand"": ""ТЛТ"", ""model"": ""ТЛТ-50"", ""source"": ""builtin"", ""voltage"": 220, ""max_temperature"": 110, ""min_temperature"": -50, ""power_per_meter"": 50}, {""brand"": ""ТЛТ"", ""model"": ""ТЛТ-60"", ""source"": ""builtin"", ""voltage"": 220, ""max_temperature"": 120, ""min_temperature"": -55, ""power_per_meter"": 60}, {""brand"": ""ТЛТ"", ""model"": ""ТЛТ-75"", ""source"": ""builtin"", ""voltage"": 220, ""max_temperature"": 120, ""min_temperature"": -55, ""power_per_meter"": 75}, {""brand"": ""ТЛТ"", ""model"": ""ТЛТ-100"", ""source"": ""builtin"", ""voltage"": 220, ""max_temperature"": 150, ""min_temperature"": -60, ""power_per_meter"": 100}], ""safety_factor"": 1.1, ""supply_voltage"": 220.0, ""ambient_temperature"": 10.0, ""process_temperature"": 80.0, ""required_power_per_meter"": 19.209}";"{""current"": 42.712, ""voltage"": 220.0, ""total_power"": 9396.75, ""cable_length"": 375.87, ""selected_cable"": ""ТЛТ-25""}"
Труба DN76 №4;3;self_regulating;ТЛТ-25;"{""cable_mark"": null, ""pipe_length"": 359.4, ""cable_catalog"": [{""brand"": ""ТЛТ"", ""model"": ""ТЛТ-10"", ""source"": ""builtin"", ""voltage"": 220, ""max_temperature"": 65, ""min_temperature"": -40, ""power_per_meter"": 10}, {""brand"": ""ТЛТ"", ""model"": ""ТЛТ-15"", ""source"": ""builtin"", ""voltage"": 220, ""max_temperature"": 65, ""min_temperature"": -40, ""power_per_meter"": 15}, {""brand"": ""ТЛТ"", ""model"": ""ТЛТ-20"", ""source"": ""builtin"", ""voltage"": 220, ""max_temperature"": 65, ""min_temperature"": -40, ""power_per_meter"": 20}, {""brand"": ""ТЛТ"", ""model"": ""ТЛТ-25"", ""source"": ""builtin"", ""voltage"": 220, ""max_temperature"": 85, ""min_temperature"": -50, ""power_per_meter"": 25}, {""brand"": ""ТЛТ"", ""model"": ""ТЛТ-30"", ""source"": ""builtin"", ""voltage"": 220, ""max_temperature"": 85, ""min_temperature"": -50, ""power_per_meter"": 30}, {""brand"": ""ТЛТ"", ""model"": ""ТЛТ-40"", ""source"": ""builtin"", ""voltage"": 220, ""max_temperature"": 110, ""min_temperature"": -50, ""power_per_meter"": 40}, {""brand"": ""ТЛТ"", ""model"": ""ТЛТ-50"", ""source"": ""builtin"", ""voltage"": 220, ""max_temperature"": 110, ""min_temperature"": -50, ""power_per_meter"": 50}, {""brand"": ""ТЛТ"", ""model"": ""ТЛТ-60"", ""source"": ""builtin"", ""voltage"": 220, ""max_temperature"": 120, ""min_temperature"": -55, ""power_per_meter"": 60}, {""brand"": ""ТЛТ"", ""model"": ""ТЛТ-75"", ""source"": ""builtin"", ""voltage"": 220, ""max_temperature"": 120, ""min_temperature"": -55, ""power_per_meter"": 75}, {""brand"": ""ТЛТ"", ""model"": ""ТЛТ-100"", ""source"": ""builtin"", ""voltage"": 220, ""max_temperature"": 150, ""min_temperature"": -60, ""power_per_meter"": 100}], ""safety_factor"": 1.1, ""supply_voltage"": 220.0, ""ambient_temperature"": 0.0, ""process_temperature"": 70.0, ""required_power_per_meter"": 7.09}";"{""current"": 44.925, ""voltage"": 220.0, ""total_power"": 9883.5, ""cable_length"": 395.34, ""selected_cable"": ""ТЛТ-25""}"
Труба DN325 №8;3;self_regulating;ТЛТ-75;"{""cable_mark"": null, ""pipe_length"": 270.4, ""cable_catalog"": [{""brand"": ""ТЛТ"", ""model"": ""ТЛТ-10"", ""source"": ""builtin"", ""voltage"": 220, ""max_temperature"": 65, ""min_temperature"": -40, ""power_per_meter"": 10}, {""brand"": ""ТЛТ"", ""model"": ""ТЛТ-15"", ""source"": ""builtin"", ""voltage"": 220, ""max_temperature"": 65, ""min_temperature"": -40, ""power_per_meter"": 15}, {""brand"": ""ТЛТ"", ""model"": ""ТЛТ-20"", ""source"": ""builtin"", ""voltage"": 220, ""max_temperature"": 65, ""min_temperature"": -40, ""power_per_meter"": 20}, {""brand"": ""ТЛТ"", ""model"": ""ТЛТ-25"", ""source"": ""builtin"", ""voltage"": 220, ""max_temperature"": 85, ""min_temperature"": -50, ""power_per_meter"": 25}, {""brand"": ""ТЛТ"", ""model"": ""ТЛТ-30"", ""source"": ""builtin"", ""voltage"": 220, ""max_temperature"": 85, ""min_temperature"": -50, ""power_per_meter"": 30}, {""brand"": ""ТЛТ"", ""model"": ""ТЛТ-40"", ""source"": ""builtin"", ""voltage"": 220, ""max_temperature"": 110, ""min_temperature"": -50, ""power_per_meter"": 40}, {""brand"": ""ТЛТ"", ""model"": ""ТЛТ-50"", ""source"": ""builtin"", ""voltage"": 220, ""max_temperature"": 110, ""min_temperature"": -50, ""power_per_meter"": 50}, {""brand"": ""ТЛТ"", ""model"": ""ТЛТ-60"", ""source"": ""builtin"", ""voltage"": 220, ""max_temperature"": 120, ""min_temperature"": -55, ""power_per_meter"": 60}, {""brand"": ""ТЛТ"", ""model"": ""ТЛТ-75"", ""source"": ""builtin"", ""voltage"": 220, ""max_temperature"": 120, ""min_temperature"": -55, ""power_per_meter"": 75}, {""brand"": ""ТЛТ"", ""model"": ""ТЛТ-100"", ""source"": ""builtin"", ""voltage"": 220, ""max_temperature"": 150, ""min_temperature"": -60, ""power_per_meter"": 100}], ""safety_factor"": 1.1, ""supply_voltage"": 220.0, ""ambient_temperature"": 10.0, ""process_temperature"": 80.0, ""required_power_per_meter"": 59.671}";"{""current"": 101.4, ""voltage"": 220.0, ""total_power"": 22308.0, ""cable_length"": 297.44, ""selected_cable"": ""ТЛТ-75""}"
Труба DN42 №2;3;self_regulating;ТЛТ-10;"{""cable_mark"": null, ""pipe_length"": 340.0, ""cable_catalog"": [{""brand"": ""ТЛТ"", ""model"": ""ТЛТ-10"", ""source"": ""builtin"", ""voltage"": 220, ""max_temperature"": 65, ""min_temperature"": -40, ""power_per_meter"": 10}, {""brand"": ""ТЛТ"", ""model"": ""ТЛТ-15"", ""source"": ""builtin"", ""voltage"": 220, ""max_temperature"": 65, ""min_temperature"": -40, ""power_per_meter"": 15}, {""brand"": ""ТЛТ"", ""model"": ""ТЛТ-20"", ""source"": ""builtin"", ""voltage"": 220, ""max_temperature"": 65, ""min_temperature"": -40, ""power_per_meter"": 20}, {""brand"": ""ТЛТ"", ""model"": ""ТЛТ-25"", ""source"": ""builtin"", ""voltage"": 220, ""max_temperature"": 85, ""min_temperature"": -50, ""power_per_meter"": 25}, {""brand"": ""ТЛТ"", ""model"": ""ТЛТ-30"", ""source"": ""builtin"", ""voltage"": 220, ""max_temperature"": 85, ""min_temperature"": -50, ""power_per_meter"": 30}, {""brand"": ""ТЛТ"", ""model"": ""ТЛТ-40"", ""source"": ""builtin"", ""voltage"": 220, ""max_temperature"": 110, ""min_temperature"": -50, ""power_per_meter"": 40}, {""brand"": ""ТЛТ"", ""model"": ""ТЛТ-50"", ""source"": ""builtin"", ""voltage"": 220, ""max_temperature"": 110, ""min_temperature"": -50, ""power_per_meter"": 50}, {""brand"": ""ТЛТ"", ""model"": ""ТЛТ-60"", ""source"": ""builtin"", ""voltage"": 220, ""max_temperature"": 120, ""min_temperature"": -55, ""power_per_meter"": 60}, {""brand"": ""ТЛТ"", ""model"": ""ТЛТ-75"", ""source"": ""builtin"", ""voltage"": 220, ""max_temperature"": 120, ""min_temperature"": -55, ""power_per_meter"": 75}, {""brand"": ""ТЛТ"", ""model"": ""ТЛТ-100"", ""source"": ""builtin"", ""voltage"": 220, ""max_temperature"": 150, ""min_temperature"": -60, ""power_per_meter"": 100}], ""safety_factor"": 1.1, ""supply_voltage"": 220.0, ""ambient_temperature"": 0.0, ""process_temperature"": 40.0, ""required_power_per_meter"": 7.029}";"{""current"": 17.0, ""voltage"": 220.0, ""total_power"": 3740.0, ""cable_length"": 374.0, ""selected_cable"": ""ТЛТ-10""}"
Труба DN426 №16;3;self_regulating;ТЛТ-75;"{""cable_mark"": null, ""pipe_length"": 200.8, ""cable_catalog"": [{""brand"": ""ТЛТ"", ""model"": ""ТЛТ-10"", ""source"": ""builtin"", ""voltage"": 220, ""max_temperature"": 65, ""min_temperature"": -40, ""power_per_meter"": 10}, {""brand"": ""ТЛТ"", ""model"": ""ТЛТ-15"", ""source"": ""builtin"", ""voltage"": 220, ""max_temperature"": 65, ""min_temperature"": -40, ""power_per_meter"": 15}, {""brand"": ""ТЛТ"", ""model"": ""ТЛТ-20"", ""source"": ""builtin"", ""voltage"": 220, ""max_temperature"": 65, ""min_temperature"": -40, ""power_per_meter"": 20}, {""brand"": ""ТЛТ"", ""model"": ""ТЛТ-25"", ""source"": ""builtin"", ""voltage"": 220, ""max_temperature"": 85, ""min_temperature"": -50, ""power_per_meter"": 25}, {""brand"": ""ТЛТ"", ""model"": ""ТЛТ-30"", ""source"": ""builtin"", ""voltage"": 220, ""max_temperature"": 85, ""min_temperature"": -50, ""power_per_meter"": 30}, {""brand"": ""ТЛТ"", ""model"": ""ТЛТ-40"", ""source"": ""builtin"", ""voltage"": 220, ""max_temperature"": 110, ""min_temperature"": -50, ""power_per_meter"": 40}, {""brand"": ""ТЛТ"", ""model"": ""ТЛТ-50"", ""source"": ""builtin"", ""voltage"": 220, ""max_temperature"": 110, ""min_temperature"": -50, ""power_per_meter"": 50}, {""brand"": ""ТЛТ"", ""model"": ""ТЛТ-60"", ""source"": ""builtin"", ""voltage"": 220, ""max_temperature"": 120, ""min_temperature"": -55, ""power_per_meter"": 60}, {""brand"": ""ТЛТ"", ""model"": ""ТЛТ-75"", ""source"": ""builtin"", ""voltage"": 220, ""max_temperature"": 120, ""min_temperature"": -55, ""power_per_meter"": 75}, {""brand"": ""ТЛТ"", ""model"": ""ТЛТ-100"", ""source"": ""builtin"", ""voltage"": 220, ""max_temperature"": 150, ""min_temperature"": -60, ""power_per_meter"": 100}], ""safety_factor"": 1.1, ""supply_voltage"": 220.0, ""ambient_temperature"": -25.0, ""process_temperature"": 80.0, ""required_power_per_meter"": 63.408}";"{""current"": 75.3, ""voltage"": 220.0, ""total_power"": 16566.0, ""cable_length"": 220.88, ""selected_cable"": ""ТЛТ-75""}"
Труба DN48 №17;3;self_regulating;ТЛТ-40;"{""cable_mark"": null, ""pipe_length"": 127.1, ""cable_catalog"": [{""brand"": ""ТЛТ"", ""model"": ""ТЛТ-10"", ""source"": ""builtin"", ""voltage"": 220, ""max_temperature"": 65, ""min_temperature"": -40, ""power_per_meter"": 10}, {""brand"": ""ТЛТ"", ""model"": ""ТЛТ-15"", ""source"": ""builtin"", ""voltage"": 220, ""max_temperature"": 65, ""min_temperature"": -40, ""power_per_meter"": 15}, {""brand"": ""ТЛТ"", ""model"": ""ТЛТ-20"", ""source"": ""builtin"", ""voltage"": 220, ""max_temperature"": 65, ""min_temperature"": -40, ""power_per_meter"": 20}, {""brand"": ""ТЛТ"", ""model"": ""ТЛТ-25"", ""source"": ""builtin"", ""voltage"": 220, ""max_temperature"": 85, ""min_temperature"": -50, ""power_per_meter"": 25}, {""brand"": ""ТЛТ"", ""model"": ""ТЛТ-30"", ""source"": ""builtin"", ""voltage"": 220, ""max_temperature"": 85, ""min_temperature"": -50, ""power_per_meter"": 30}, {""brand"": ""ТЛТ"", ""model"": ""ТЛТ-40"", ""source"": ""builtin"", ""voltage"": 220, ""max_temperature"": 110, ""min_temperature"": -50, ""power_per_meter"": 40}, {""brand"": ""ТЛТ"", ""model"": ""ТЛТ-50"", ""source"": ""builtin"", ""voltage"": 220, ""max_temperature"": 110, ""min_temperature"": -50, ""power_per_meter"": 50}, {""brand"": ""ТЛТ"", ""model"": ""ТЛТ-60"", ""source"": ""builtin"", ""voltage"": 220, ""max_temperature"": 120, ""min_temperature"": -55, ""power_per_meter"": 60}, {""brand"": ""ТЛТ"", ""model"": ""ТЛТ-75"", ""source"": ""builtin"", ""voltage"": 220, ""max_temperature"": 120, ""min_temperature"": -55, ""power_per_meter"": 75}, {""brand"": ""ТЛТ"", ""model"": ""ТЛТ-100"", ""source"": ""builtin"", ""voltage"": 220, ""max_temperature"": 150, ""min_temperature"": -60, ""power_per_meter"": 100}], ""safety_factor"": 1.1, ""supply_voltage"": 220.0, ""ambient_temperature"": -15.0, ""process_temperature"": 100.0, ""required_power_per_meter"": 10.227}";"{""current"": 25.42, ""voltage"": 220.0, ""total_power"": 5592.4, ""cable_length"": 139.81, ""selected_cable"": ""ТЛТ-40""}"
Труба DN133 №22;3;self_regulating;ТЛТ-25;"{""cable_mark"": null, ""pipe_length"": 60.2, ""cable_catalog"": [{""brand"": ""ТЛТ"", ""model"": ""ТЛТ-10"", ""source"": ""builtin"", ""voltage"": 220, ""max_temperature"": 65, ""min_temperature"": -40, ""power_per_meter"": 10}, {""brand"": ""ТЛТ"", ""model"": ""ТЛТ-15"", ""source"": ""builtin"", ""voltage"": 220, ""max_temperature"": 65, ""min_temperature"": -40, ""power_per_meter"": 15}, {""brand"": ""ТЛТ"", ""model"": ""ТЛТ-20"", ""source"": ""builtin"", ""voltage"": 220, ""max_temperature"": 65, ""min_temperature"": -40, ""power_per_meter"": 20}, {""brand"": ""ТЛТ"", ""model"": ""ТЛТ-25"", ""source"": ""builtin"", ""voltage"": 220, ""max_temperature"": 85, ""min_temperature"": -50, ""power_per_meter"": 25}, {""brand"": ""ТЛТ"", ""model"": ""ТЛТ-30"", ""source"": ""builtin"", ""voltage"": 220, ""max_temperature"": 85, ""min_temperature"": -50, ""power_per_meter"": 30}, {""brand"": ""ТЛТ"", ""model"": ""ТЛТ-40"", ""source"": ""builtin"", ""voltage"": 220, ""max_temperature"": 110, ""min_temperature"": -50, ""power_per_meter"": 40}, {""brand"": ""ТЛТ"", ""model"": ""ТЛТ-50"", ""source"": ""builtin"", ""voltage"": 220, ""max_temperature"": 110, ""min_temperature"": -50, ""power_per_meter"": 50}, {""brand"": ""ТЛТ"", ""model"": ""ТЛТ-60"", ""source"": ""builtin"", ""voltage"": 220, ""max_temperature"": 120, ""min_temperature"": -55, ""power_per_meter"": 60}, {""brand"": ""ТЛТ"", ""model"": ""ТЛТ-75"", ""source"": ""builtin"", ""voltage"": 220, ""max_temperature"": 120, ""min_temperature"": -55, ""power_per_meter"": 75}, {""brand"": ""ТЛТ"", ""model"": ""ТЛТ-100"", ""source"": ""builtin"", ""voltage"": 220, ""max_temperature"": 150, ""min_temperature"": -60, ""power_per_meter"": 100}], ""safety_factor"": 1.1, ""supply_voltage"": 220.0, ""ambient_temperature"": 5.0, ""process_temperature"": 40.0, ""required_power_per_meter"": 18.687}";"{""current"": 7.525, ""voltage"": 220.0, ""total_power"": 1655.5, ""cable_length"": 66.22, ""selected_cable"": ""ТЛТ-25""}"
Труба DN27 №26;3;self_regulating;ТЛТ-40;"{""cable_mark"": null, ""pipe_length"": 124.2, ""cable_catalog"": [{""brand"": ""ТЛТ"", ""model"": ""ТЛТ-10"", ""source"": ""builtin"", ""voltage"": 220, ""max_temperature"": 65, ""min_temperature"": -40, ""power_per_meter"": 10}, {""brand"": ""ТЛТ"", ""model"": ""ТЛТ-15"", ""source"": ""builtin"", ""voltage"": 220, ""max_temperature"": 65, ""min_temperature"": -40, ""power_per_meter"": 15}, {""brand"": ""ТЛТ"", ""model"": ""ТЛТ-20"", ""source"": ""builtin"", ""voltage"": 220, ""max_temperature"": 65, ""min_temperature"": -40, ""power_per_meter"": 20}, {""brand"": ""ТЛТ"", ""model"": ""ТЛТ-25"", ""source"": ""builtin"", ""voltage"": 220, ""max_temperature"": 85, ""min_temperature"": -50, ""power_per_meter"": 25}, {""brand"": ""ТЛТ"", ""model"": ""ТЛТ-30"", ""source"": ""builtin"", ""voltage"": 220, ""max_temperature"": 85, ""min_temperature"": -50, ""power_per_meter"": 30}, {""brand"": ""ТЛТ"", ""model"": ""ТЛТ-40"", ""source"": ""builtin"", ""voltage"": 220, ""max_temperature"": 110, ""min_temperature"": -50, ""power_per_meter"": 40}, {""brand"": ""ТЛТ"", ""model"": ""ТЛТ-50"", ""source"": ""builtin"", ""voltage"": 220, ""max_temperature"": 110, ""min_temperature"": -50, ""power_per_meter"": 50}, {""brand"": ""ТЛТ"", ""model"": ""ТЛТ-60"", ""source"": ""builtin"", ""voltage"": 220, ""max_temperature"": 120, ""min_temperature"": -55, ""power_per_meter"": 60}, {""brand"": ""ТЛТ"", ""model"": ""ТЛТ-75"", ""source"": ""builtin"", ""voltage"": 220, ""max_temperature"": 120, ""min_temperature"": -55, ""power_per_meter"": 75}, {""brand"": ""ТЛТ"", ""model"": ""ТЛТ-100"", ""source"": ""builtin"", ""voltage"": 220, ""max_temperature"": 150, ""min_temperature"": -60, ""power_per_meter"": 100}], ""safety_factor"": 1.1, ""supply_voltage"": 220.0, ""ambient_temperature"": -30.0, ""process_temperature"": 110.0, ""required_power_per_meter"": 20.025}";"{""current"": 24.84, ""voltage"": 220.0, ""total_power"": 5464.8, ""cable_length"": 136.62, ""selected_cable"": ""ТЛТ-40""}"
Труба DN34 №27;3;self_regulating;ТЛТ-40;"{""cable_mark"": null, ""pipe_length"": 489.1, ""cable_catalog"": [{""brand"": ""ТЛТ"", ""model"": ""ТЛТ-10"", ""source"": ""builtin"", ""voltage"": 220, ""max_temperature"": 65, ""min_temperature"": -40, ""power_per_meter"": 10}, {""brand"": ""ТЛТ"", ""model"": ""ТЛТ-15"", ""source"": ""builtin"", ""voltage"": 220, ""max_temperature"": 65, ""min_temperature"": -40, ""power_per_meter"": 15}, {""brand"": ""ТЛТ"", ""model"": ""ТЛТ-20"", ""source"": ""builtin"", ""voltage"": 220, ""max_temperature"": 65, ""min_temperature"": -40, ""power_per_meter"": 20}, {""brand"": ""ТЛТ"", ""model"": ""ТЛТ-25"", ""source"": ""builtin"", ""voltage"": 220, ""max_temperature"": 85, ""min_temperature"": -50, ""power_per_meter"": 25}, {""brand"": ""ТЛТ"", ""model"": ""ТЛТ-30"", ""source"": ""builtin"", ""voltage"": 220, ""max_temperature"": 85, ""min_temperature"": -50, ""power_per_meter"": 30}, {""brand"": ""ТЛТ"", ""model"": ""ТЛТ-40"", ""source"": ""builtin"", ""voltage"": 220, ""max_temperature"": 110, ""min_temperature"": -50, ""power_per_meter"": 40}, {""brand"": ""ТЛТ"", ""model"": ""ТЛТ-50"", ""source"": ""builtin"", ""voltage"": 220, ""max_temperature"": 110, ""min_temperature"": -50, ""power_per_meter"": 50}, {""brand"": ""ТЛТ"", ""model"": ""ТЛТ-60"", ""source"": ""builtin"", ""voltage"": 220, ""max_temperature"": 120, ""min_temperature"": -55, ""power_per_meter"": 60}, {""brand"": ""ТЛТ"", ""model"": ""ТЛТ-75"", ""source"": ""builtin"", ""voltage"": 220, ""max_temperature"": 120, ""min_temperature"": -55, ""power_per_meter"": 75}, {""brand"": ""ТЛТ"", ""model"": ""ТЛТ-100"", ""source"": ""builtin"", ""voltage"": 220, ""max_temperature"": 150, ""min_temperature"": -60, ""power_per_meter"": 100}], ""safety_factor"": 1.1, ""supply_voltage"": 220.0, ""ambient_temperature"": -25.0, ""process_temperature"": 110.0, ""required_power_per_meter"": 27.438}";"{""current"": 97.82, ""voltage"": 220.0, ""total_power"": 21520.4, ""cable_length"": 538.01, ""selected_cable"": ""ТЛТ-40""}"
Труба DN34 №32;3;self_regulating;ТЛТ-25;"{""cable_mark"": null, ""pipe_length"": 453.2, ""cable_catalog"": [{""brand"": ""ТЛТ"", ""model"": ""ТЛТ-10"", ""source"": ""builtin"", ""voltage"": 220, ""max_temperature"": 65, ""min_temperature"": -40, ""power_per_meter"": 10}, {""brand"": ""ТЛТ"", ""model"": ""ТЛТ-15"", ""source"": ""builtin"", ""voltage"": 220, ""max_temperature"": 65, ""min_temperature"": -40, ""power_per_meter"": 15}, {""brand"": ""ТЛТ"", ""model"": ""ТЛТ-20"", ""source"": ""builtin"", ""voltage"": 220, ""max_temperature"": 65, ""min_temperature"": -40, ""power_per_meter"": 20}, {""brand"": ""ТЛТ"", ""model"": ""ТЛТ-25"", ""source"": ""builtin"", ""voltage"": 220, ""max_temperature"": 85, ""min_temperature"": -50, ""power_per_meter"": 25}, {""brand"": ""ТЛТ"", ""model"": ""ТЛТ-30"", ""source"": ""builtin"", ""voltage"": 220, ""max_temperature"": 85, ""min_temperature"": -50, ""power_per_meter"": 30}, {""brand"": ""ТЛТ"", ""model"": ""ТЛТ-40"", ""source"": ""builtin"", ""voltage"": 220, ""max_temperature"": 110, ""min_temperature"": -50, ""power_per_meter"": 40}, {""brand"": ""ТЛТ"", ""model"": ""ТЛТ-50"", ""source"": ""builtin"", ""voltage"": 220, ""max_temperature"": 110, ""min_temperature"": -50, ""power_per_meter"": 50}, {""brand"": ""ТЛТ"", ""model"": ""ТЛТ-60"", ""source"": ""builtin"", ""voltage"": 220, ""max_temperature"": 120, ""min_temperature"": -55, ""power_per_meter"": 60}, {""brand"": ""ТЛТ"", ""model"": ""ТЛТ-75"", ""source"": ""builtin"", ""voltage"": 220, ""max_temperature"": 120, ""min_temperature"": -55, ""power_per_meter"": 75}, {""brand"": ""ТЛТ"", ""model"": ""ТЛТ-100"", ""source"": ""builtin"", ""voltage"": 220, ""max_temperature"": 150, ""min_temperature"": -60, ""power_per_meter"": 100}], ""safety_factor"": 1.1, ""supply_voltage"": 220.0, ""ambient_temperature"": 10.0, ""process_temperature"": 70.0, ""required_power_per_meter"": 11.869}";"{""current"": 56.65, ""voltage"": 220.0, ""total_power"": 12463.0, ""cable_length"": 498.52, ""selected_cable"": ""ТЛТ-25""}"
Труба DN325 №38;3;self_regulating;ТЛТ-60;"{""cable_mark"": null, ""pipe_length"": 128.7, ""cable_catalog"": [{""brand"": ""ТЛТ"", ""model"": ""ТЛТ-10"", ""source"": ""builtin"", ""voltage"": 220, ""max_temperature"": 65, ""min_temperature"": -40, ""power_per_meter"": 10}, {""brand"": ""ТЛТ"", ""model"": ""ТЛТ-15"", ""source"": ""builtin"", ""voltage"": 220, ""max_temperature"": 65, ""min_temperature"": -40, ""power_per_meter"": 15}, {""brand"": ""ТЛТ"", ""model"": ""ТЛТ-20"", ""source"": ""builtin"", ""voltage"": 220, ""max_temperature"": 65, ""min_temperature"": -40, ""power_per_meter"": 20}, {""brand"": ""ТЛТ"", ""model"": ""ТЛТ-25"", ""source"": ""builtin"", ""voltage"": 220, ""max_temperature"": 85, ""min_temperature"": -50, ""power_per_meter"": 25}, {""brand"": ""ТЛТ"", ""model"": ""ТЛТ-30"", ""source"": ""builtin"", ""voltage"": 220, ""max_temperature"": 85, ""min_temperature"": -50, ""power_per_meter"": 30}, {""brand"": ""ТЛТ"", ""model"": ""ТЛТ-40"", ""source"": ""builtin"", ""voltage"": 220, ""max_temperature"": 110, ""min_temperature"": -50, ""power_per_meter"": 40}, {""brand"": ""ТЛТ"", ""model"": ""ТЛТ-50"", ""source"": ""builtin"", ""voltage"": 220, ""max_temperature"": 110, ""min_temperature"": -50, ""power_per_meter"": 50}, {""brand"": ""ТЛТ"", ""model"": ""ТЛТ-60"", ""source"": ""builtin"", ""voltage"": 220, ""max_temperature"": 120, ""min_temperature"": -55, ""power_per_meter"": 60}, {""brand"": ""ТЛТ"", ""model"": ""ТЛТ-75"", ""source"": ""builtin"", ""voltage"": 220, ""max_temperature"": 120, ""min_temperature"": -55, ""power_per_meter"": 75}, {""brand"": ""ТЛТ"", ""model"": ""ТЛТ-100"", ""source"": ""builtin"", ""voltage"": 220, ""max_temperature"": 150, ""min_temperature"": -60, ""power_per_meter"": 100}], ""safety_factor"": 1.1, ""supply_voltage"": 220.0, ""ambient_temperature"": 10.0, ""process_temperature"": 50.0, ""required_power_per_meter"": 51.226}";"{""current"": 38.61, ""voltage"": 220.0, ""total_power"": 8494.2, ""cable_length"": 141.57, ""selected_cable"": ""ТЛТ-60""}"
Труба DN89 №34;3;self_regulating;ТЛТ-40;"{""cable_mark"": null, ""pipe_length"": 393.4, ""cable_catalog"": [{""brand"": ""ТЛТ"", ""model"": ""ТЛТ-10"", ""source"": ""builtin"", ""voltage"": 220, ""max_temperature"": 65, ""min_temperature"": -40, ""power_per_meter"": 10}, {""brand"": ""ТЛТ"", ""model"": ""ТЛТ-15"", ""source"": ""builtin"", ""voltage"": 220, ""max_temperature"": 65, ""min_temperature"": -40, ""power_per_meter"": 15}, {""brand"": ""ТЛТ"", ""model"": ""ТЛТ-20"", ""source"": ""builtin"", ""voltage"": 220, ""max_temperature"": 65, ""min_temperature"": -40, ""power_per_meter"": 20}, {""brand"": ""ТЛТ"", ""model"": ""ТЛТ-25"", ""source"": ""builtin"", ""voltage"": 220, ""max_temperature"": 85, ""min_temperature"": -50, ""power_per_meter"": 25}, {""brand"": ""ТЛТ"", ""model"": ""ТЛТ-30"", ""source"": ""builtin"", ""voltage"": 220, ""max_temperature"": 85, ""min_temperature"": -50, ""power_per_meter"": 30}, {""brand"": ""ТЛТ"", ""model"": ""ТЛТ-40"", ""source"": ""builtin"", ""voltage"": 220, ""max_temperature"": 110, ""min_temperature"": -50, ""power_per_meter"": 40}, {""brand"": ""ТЛТ"", ""model"": ""ТЛТ-50"", ""source"": ""builtin"", ""voltage"": 220, ""max_temperature"": 110, ""min_temperature"": -50, ""power_per_meter"": 50}, {""brand"": ""ТЛТ"", ""model"": ""ТЛТ-60"", ""source"": ""builtin"", ""voltage"": 220, ""max_temperature"": 120, ""min_temperature"": -55, ""power_per_meter"": 60}, {""brand"": ""ТЛТ"", ""model"": ""ТЛТ-75"", ""source"": ""builtin"", ""voltage"": 220, ""max_temperature"": 120, ""min_temperature"": -55, ""power_per_meter"": 75}, {""brand"": ""ТЛТ"", ""model"": ""ТЛТ-100"", ""source"": ""builtin"", ""voltage"": 220, ""max_temperature"": 150, ""min_temperature"": -60, ""power_per_meter"": 100}], ""safety_factor"": 1.1, ""supply_voltage"": 220.0, ""ambient_temperature"": -30.0, ""process_temperature"": 50.0, ""required_power_per_meter"": 32.338}";"{""current"": 78.68, ""voltage"": 220.0, ""total_power"": 17309.6, ""cable_length"": 432.74, ""selected_cable"": ""ТЛТ-40""}"
Труба DN57 №40;3;self_regulating;ТЛТ-15;"{""cable_mark"": null, ""pipe_length"": 206.2, ""cable_catalog"": [{""brand"": ""ТЛТ"", ""model"": ""ТЛТ-10"", ""source"": ""builtin"", ""voltage"": 220, ""max_temperature"": 65, ""min_temperature"": -40, ""power_per_meter"": 10}, {""brand"": ""ТЛТ"", ""model"": ""ТЛТ-15"", ""source"": ""builtin"", ""voltage"": 220, ""max_temperature"": 65, ""min_temperature"": -40, ""power_per_meter"": 15}, {""brand"": ""ТЛТ"", ""model"": ""ТЛТ-20"", ""source"": ""builtin"", ""voltage"": 220, ""max_temperature"": 65, ""min_temperature"": -40, ""power_per_meter"": 20}, {""brand"": ""ТЛТ"", ""model"": ""ТЛТ-25"", ""source"": ""builtin"", ""voltage"": 220, ""max_temperature"": 85, ""min_temperature"": -50, ""power_per_meter"": 25}, {""brand"": ""ТЛТ"", ""model"": ""ТЛТ-30"", ""source"": ""builtin"", ""voltage"": 220, ""max_temperature"": 85, ""min_temperature"": -50, ""power_per_meter"": 30}, {""brand"": ""ТЛТ"", ""model"": ""ТЛТ-40"", ""source"": ""builtin"", ""voltage"": 220, ""max_temperature"": 110, ""min_temperature"": -50, ""power_per_meter"": 40}, {""brand"": ""ТЛТ"", ""model"": ""ТЛТ-50"", ""source"": ""builtin"", ""voltage"": 220, ""max_temperature"": 110, ""min_temperature"": -50, ""power_per_meter"": 50}, {""brand"": ""ТЛТ"", ""model"": ""ТЛТ-60"", ""source"": ""builtin"", ""voltage"": 220, ""max_temperature"": 120, ""min_temperature"": -55, ""power_per_meter"": 60}, {""brand"": ""ТЛТ"", ""model"": ""ТЛТ-75"", ""source"": ""builtin"", ""voltage"": 220, ""max_temperature"": 120, ""min_temperature"": -55, ""power_per_meter"": 75}, {""brand"": ""ТЛТ"", ""model"": ""ТЛТ-100"", ""source"": ""builtin"", ""voltage"": 220, ""max_temperature"": 150, ""min_temperature"": -60, ""power_per_meter"": 100}], ""safety_factor"": 1.1, ""supply_voltage"": 220.0, ""ambient_temperature"": 0.0, ""process_temperature"": 40.0, ""required_power_per_meter"": 12.254}";"{""current"": 15.465, ""voltage"": 220.0, ""total_power"": 3402.3, ""cable_length"": 226.82, ""selected_cable"": ""ТЛТ-15""}"
Труба DN108 №48;3;self_regulating;ТЛТ-25;"{""cable_mark"": null, ""pipe_length"": 106.1, ""cable_catalog"": [{""brand"": ""ТЛТ"", ""model"": ""ТЛТ-10"", ""source"": ""builtin"", ""voltage"": 220, ""max_temperature"": 65, ""min_temperature"": -40, ""power_per_meter"": 10}, {""brand"": ""ТЛТ"", ""model"": ""ТЛТ-15"", ""source"": ""builtin"", ""voltage"": 220, ""max_temperature"": 65, ""min_temperature"": -40, ""power_per_meter"": 15}, {""brand"": ""ТЛТ"", ""model"": ""ТЛТ-20"", ""source"": ""builtin"", ""voltage"": 220, ""max_temperature"": 65, ""min_temperature"": -40, ""power_per_meter"": 20}, {""brand"": ""ТЛТ"", ""model"": ""ТЛТ-25"", ""source"": ""builtin"", ""voltage"": 220, ""max_temperature"": 85, ""min_temperature"": -50, ""power_per_meter"": 25}, {""brand"": ""ТЛТ"", ""model"": ""ТЛТ-30"", ""source"": ""builtin"", ""voltage"": 220, ""max_temperature"": 85, ""min_temperature"": -50, ""power_per_meter"": 30}, {""brand"": ""ТЛТ"", ""model"": ""ТЛТ-40"", ""source"": ""builtin"", ""voltage"": 220, ""max_temperature"": 110, ""min_temperature"": -50, ""power_per_meter"": 40}, {""brand"": ""ТЛТ"", ""model"": ""ТЛТ-50"", ""source"": ""builtin"", ""voltage"": 220, ""max_temperature"": 110, ""min_temperature"": -50, ""power_per_meter"": 50}, {""brand"": ""ТЛТ"", ""model"": ""ТЛТ-60"", ""source"": ""builtin"", ""voltage"": 220, ""max_temperature"": 120, ""min_temperature"": -55, ""power_per_meter"": 60}, {""brand"": ""ТЛТ"", ""model"": ""ТЛТ-75"", ""source"": ""builtin"", ""voltage"": 220, ""max_temperature"": 120, ""min_temperature"": -55, ""power_per_meter"": 75}, {""brand"": ""ТЛТ"", ""model"": ""ТЛТ-100"", ""source"": ""builtin"", ""voltage"": 220, ""max_temperature"": 150, ""min_temperature"": -60, ""power_per_meter"": 100}], ""safety_factor"": 1.1, ""supply_voltage"": 220.0, ""ambient_temperature"": -20.0, ""process_temperature"": 80.0, ""required_power_per_meter"": 16.54}";"{""current"": 13.262, ""voltage"": 220.0, ""total_power"": 2917.75, ""cable_length"": 116.71, ""selected_cable"": ""ТЛТ-25""}"
Труба DN34 №46;3;self_regulating;ТЛТ-25;"{""cable_mark"": null, ""pipe_length"": 339.2, ""cable_catalog"": [{""brand"": ""ТЛТ"", ""model"": ""ТЛТ-10"", ""source"": ""builtin"", ""voltage"": 220, ""max_temperature"": 65, ""min_temperature"": -40, ""power_per_meter"": 10}, {""brand"": ""ТЛТ"", ""model"": ""ТЛТ-15"", ""source"": ""builtin"", ""voltage"": 220, ""max_temperature"": 65, ""min_temperature"": -40, ""power_per_meter"": 15}, {""brand"": ""ТЛТ"", ""model"": ""ТЛТ-20"", ""source"": ""builtin"", ""voltage"": 220, ""max_temperature"": 65, ""min_temperature"": -40, ""power_per_meter"": 20}, {""brand"": ""ТЛТ"", ""model"": ""ТЛТ-25"", ""source"": ""builtin"", ""voltage"": 220, ""max_temperature"": 85, ""min_temperature"": -50, ""power_per_meter"": 25}, {""brand"": ""ТЛТ"", ""model"": ""ТЛТ-30"", ""source"": ""builtin"", ""voltage"": 220, ""max_temperature"": 85, ""min_temperature"": -50, ""power_per_meter"": 30}, {""brand"": ""ТЛТ"", ""model"": ""ТЛТ-40"", ""source"": ""builtin"", ""voltage"": 220, ""max_temperature"": 110, ""min_temperature"": -50, ""power_per_meter"": 40}, {""brand"": ""ТЛТ"", ""model"": ""ТЛТ-50"", ""source"": ""builtin"", ""voltage"": 220, ""max_temperature"": 110, ""min_temperature"": -50, ""power_per_meter"": 50}, {""brand"": ""ТЛТ"", ""model"": ""ТЛТ-60"", ""source"": ""builtin"", ""voltage"": 220, ""max_temperature"": 120, ""min_temperature"": -55, ""power_per_meter"": 60}, {""brand"": ""ТЛТ"", ""model"": ""ТЛТ-75"", ""source"": ""builtin"", ""voltage"": 220, ""max_temperature"": 120, ""min_temperature"": -55, ""power_per_meter"": 75}, {""brand"": ""ТЛТ"", ""model"": ""ТЛТ-100"", ""source"": ""builtin"", ""voltage"": 220, ""max_temperature"": 150, ""min_temperature"": -60, ""power_per_meter"": 100}], ""safety_factor"": 1.1, ""supply_voltage"": 220.0, ""ambient_temperature"": -30.0, ""process_temperature"": 70.0, ""required_power_per_meter"": 18.84}";"{""current"": 42.4, ""voltage"": 220.0, ""total_power"": 9328.0, ""cable_length"": 373.12, ""selected_cable"": ""ТЛТ-25""}"
Труба DN34 №50;3;self_regulating;ТЛТ-10;"{""cable_mark"": null, ""pipe_length"": 9.6, ""cable_catalog"": [{""brand"": ""ТЛТ"", ""model"": ""ТЛТ-10"", ""source"": ""builtin"", ""voltage"": 220, ""max_temperature"": 65, ""min_temperature"": -40, ""power_per_meter"": 10}, {""brand"": ""ТЛТ"", ""model"": ""ТЛТ-15"", ""source"": ""builtin"", ""voltage"": 220, ""max_temperature"": 65, ""min_temperature"": -40, ""power_per_meter"": 15}, {""brand"": ""ТЛТ"", ""model"": ""ТЛТ-20"", ""source"": ""builtin"", ""voltage"": 220, ""max_temperature"": 65, ""min_temperature"": -40, ""power_per_meter"": 20}, {""brand"": ""ТЛТ"", ""model"": ""ТЛТ-25"", ""source"": ""builtin"", ""voltage"": 220, ""max_temperature"": 85, ""min_temperature"": -50, ""power_per_meter"": 25}, {""brand"": ""ТЛТ"", ""model"": ""ТЛТ-30"", ""source"": ""builtin"", ""voltage"": 220, ""max_temperature"": 85, ""min_temperature"": -50, ""power_per_meter"": 30}, {""brand"": ""ТЛТ"", ""model"": ""ТЛТ-40"", ""source"": ""builtin"", ""voltage"": 220, ""max_temperature"": 110, ""min_temperature"": -50, ""power_per_meter"": 40}, {""brand"": ""ТЛТ"", ""model"": ""ТЛТ-50"", ""source"": ""builtin"", ""voltage"": 220, ""max_temperature"": 110, ""min_temperature"": -50, ""power_per_meter"": 50}, {""brand"": ""ТЛТ"", ""model"": ""ТЛТ-60"", ""source"": ""builtin"", ""voltage"": 220, ""max_temperature"": 120, ""min_temperature"": -55, ""power_per_meter"": 60}, {""brand"": ""ТЛТ"", ""model"": ""ТЛТ-75"", ""source"": ""builtin"", ""voltage"": 220, ""max_temperature"": 120, ""min_temperature"": -55, ""power_per_meter"": 75}, {""brand"": ""ТЛТ"", ""model"": ""ТЛТ-100"", ""source"": ""builtin"", ""voltage"": 220, ""max_temperature"": 150, ""min_temperature"": -60, ""power_per_meter"": 100}], ""safety_factor"": 1.1, ""supply_voltage"": 220.0, ""ambient_temperature"": -30.0, ""process_temperature"": 50.0, ""required_power_per_meter"": 5.997}";"{""current"": 0.48, ""voltage"": 220.0, ""total_power"": 105.6, ""cable_length"": 10.56, ""selected_cable"": ""ТЛТ-10""}"
Труба DN34 №20;3;self_regulating;ТЛТ-25;"{""cable_mark"": null, ""pipe_length"": 195.5, ""cable_catalog"": [{""brand"": ""ТЛТ"", ""model"": ""ТЛТ-10"", ""source"": ""builtin"", ""voltage"": 220, ""max_temperature"": 65, ""min_temperature"": -40, ""power_per_meter"": 10}, {""brand"": ""ТЛТ"", ""model"": ""ТЛТ-15"", ""source"": ""builtin"", ""voltage"": 220, ""max_temperature"": 65, ""min_temperature"": -40, ""power_per_meter"": 15}, {""brand"": ""ТЛТ"", ""model"": ""ТЛТ-20"", ""source"": ""builtin"", ""voltage"": 220, ""max_temperature"": 65, ""min_temperature"": -40, ""power_per_meter"": 20}, {""brand"": ""ТЛТ"", ""model"": ""ТЛТ-25"", ""source"": ""builtin"", ""voltage"": 220, ""max_temperature"": 85, ""min_temperature"": -50, ""power_per_meter"": 25}, {""brand"": ""ТЛТ"", ""model"": ""ТЛТ-30"", ""source"": ""builtin"", ""voltage"": 220, ""max_temperature"": 85, ""min_temperature"": -50, ""power_per_meter"": 30}, {""brand"": ""ТЛТ"", ""model"": ""ТЛТ-40"", ""source"": ""builtin"", ""voltage"": 220, ""max_temperature"": 110, ""min_temperature"": -50, ""power_per_meter"": 40}, {""brand"": ""ТЛТ"", ""model"": ""ТЛТ-50"", ""source"": ""builtin"", ""voltage"": 220, ""max_temperature"": 110, ""min_temperature"": -50, ""power_per_meter"": 50}, {""brand"": ""ТЛТ"", ""model"": ""ТЛТ-60"", ""source"": ""builtin"", ""voltage"": 220, ""max_temperature"": 120, ""min_temperature"": -55, ""power_per_meter"": 60}, {""brand"": ""ТЛТ"", ""model"": ""ТЛТ-75"", ""source"": ""builtin"", ""voltage"": 220, ""max_temperature"": 120, ""min_temperature"": -55, ""power_per_meter"": 75}, {""brand"": ""ТЛТ"", ""model"": ""ТЛТ-100"", ""source"": ""builtin"", ""voltage"": 220, ""max_temperature"": 150, ""min_temperature"": -60, ""power_per_meter"": 100}], ""safety_factor"": 1.1, ""supply_voltage"": 220.0, ""ambient_temperature"": 10.0, ""process_temperature"": 80.0, ""required_power_per_meter"": 9.414}";"{""current"": 24.438, ""voltage"": 220.0, ""total_power"": 5376.25, ""cable_length"": 215.05, ""selected_cable"": ""ТЛТ-25""}"
Труба DN133 №25;3;self_regulating;ТЛТ-50;"{""cable_mark"": null, ""pipe_length"": 246.9, ""cable_catalog"": [{""brand"": ""ТЛТ"", ""model"": ""ТЛТ-10"", ""source"": ""builtin"", ""voltage"": 220, ""max_temperature"": 65, ""min_temperature"": -40, ""power_per_meter"": 10}, {""brand"": ""ТЛТ"", ""model"": ""ТЛТ-15"", ""source"": ""builtin"", ""voltage"": 220, ""max_temperature"": 65, ""min_temperature"": -40, ""power_per_meter"": 15}, {""brand"": ""ТЛТ"", ""model"": ""ТЛТ-20"", ""source"": ""builtin"", ""voltage"": 220, ""max_temperature"": 65, ""min_temperature"": -40, ""power_per_meter"": 20}, {""brand"": ""ТЛТ"", ""model"": ""ТЛТ-25"", ""source"": ""builtin"", ""voltage"": 220, ""max_temperature"": 85, ""min_temperature"": -50, ""power_per_meter"": 25}, {""brand"": ""ТЛТ"", ""model"": ""ТЛТ-30"", ""source"": ""builtin"", ""voltage"": 220, ""max_temperature"": 85, ""min_temperature"": -50, ""power_per_meter"": 30}, {""brand"": ""ТЛТ"", ""model"": ""ТЛТ-40"", ""source"": ""builtin"", ""voltage"": 220, ""max_temperature"": 110, ""min_temperature"": -50, ""power_per_meter"": 40}, {""brand"": ""ТЛТ"", ""model"": ""ТЛТ-50"", ""source"": ""builtin"", ""voltage"": 220, ""max_temperature"": 110, ""min_temperature"": -50, ""power_per_meter"": 50}, {""brand"": ""ТЛТ"", ""model"": ""ТЛТ-60"", ""source"": ""builtin"", ""voltage"": 220, ""max_temperature"": 120, ""min_temperature"": -55, ""power_per_meter"": 60}, {""brand"": ""ТЛТ"", ""model"": ""ТЛТ-75"", ""source"": ""builtin"", ""voltage"": 220, ""max_temperature"": 120, ""min_temperature"": -55, ""power_per_meter"": 75}, {""brand"": ""ТЛТ"", ""model"": ""ТЛТ-100"", ""source"": ""builtin"", ""voltage"": 220, ""max_temperature"": 150, ""min_temperature"": -60, ""power_per_meter"": 100}], ""safety_factor"": 1.1, ""supply_voltage"": 220.0, ""ambient_temperature"": -15.0, ""process_temperature"": 70.0, ""required_power_per_meter"": 37.634}";"{""current"": 61.725, ""voltage"": 220.0, ""total_power"": 13579.5, ""cable_length"": 271.59, ""selected_cable"": ""ТЛТ-50""}"
Труба DN57 №41;3;self_regulating;ТЛТ-25;"{""cable_mark"": null, ""pipe_length"": 192.6, ""cable_catalog"": [{""brand"": ""ТЛТ"", ""model"": ""ТЛТ-10"", ""source"": ""builtin"", ""voltage"": 220, ""max_temperature"": 65, ""min_temperature"": -40, ""power_per_meter"": 10}, {""brand"": ""ТЛТ"", ""model"": ""ТЛТ-15"", ""source"": ""builtin"", ""voltage"": 220, ""max_temperature"": 65, ""min_temperature"": -40, ""power_per_meter"": 15}, {""brand"": ""ТЛТ"", ""model"": ""ТЛТ-20"", ""source"": ""builtin"", ""voltage"": 220, ""max_temperature"": 65, ""min_temperature"": -40, ""power_per_meter"": 20}, {""brand"": ""ТЛТ"", ""model"": ""ТЛТ-25"", ""source"": ""builtin"", ""voltage"": 220, ""max_temperature"": 85, ""min_temperature"": -50, ""power_per_meter"": 25}, {""brand"": ""ТЛТ"", ""model"": ""ТЛТ-30"", ""source"": ""builtin"", ""voltage"": 220, ""max_temperature"": 85, ""min_temperature"": -50, ""power_per_meter"": 30}, {""brand"": ""ТЛТ"", ""model"": ""ТЛТ-40"", ""source"": ""builtin"", ""voltage"": 220, ""max_temperature"": 110, ""min_temperature"": -50, ""power_per_meter"": 40}, {""brand"": ""ТЛТ"", ""model"": ""ТЛТ-50"", ""source"": ""builtin"", ""voltage"": 220, ""max_temperature"": 110, ""min_temperature"": -50, ""power_per_meter"": 50}, {""brand"": ""ТЛТ"", ""model"": ""ТЛТ-60"", ""source"": ""builtin"", ""voltage"": 220, ""max_temperature"": 120, ""min_temperature"": -55, ""power_per_meter"": 60}, {""brand"": ""ТЛТ"", ""model"": ""ТЛТ-75"", ""source"": ""builtin"", ""voltage"": 220, ""max_temperature"": 120, ""min_temperature"": -55, ""power_per_meter"": 75}, {""brand"": ""ТЛТ"", ""model"": ""ТЛТ-100"", ""source"": ""builtin"", ""voltage"": 220, ""max_temperature"": 150, ""min_temperature"": -60, ""power_per_meter"": 100}], ""safety_factor"": 1.1, ""supply_voltage"": 220.0, ""ambient_temperature"": 5.0, ""process_temperature"": 80.0, ""required_power_per_meter"": 11.371}";"{""current"": 24.075, ""voltage"": 220.0, ""total_power"": 5296.5, ""cable_length"": 211.86, ""selected_cable"": ""ТЛТ-25""}"
Труба DN325 №30;3;self_regulating;ТЛТ-75;"{""cable_mark"": null, ""pipe_length"": 64.9, ""cable_catalog"": [{""brand"": ""ТЛТ"", ""model"": ""ТЛТ-10"", ""source"": ""builtin"", ""voltage"": 220, ""max_temperature"": 65, ""min_temperature"": -40, ""power_per_meter"": 10}, {""brand"": ""ТЛТ"", ""model"": ""ТЛТ-15"", ""source"": ""builtin"", ""voltage"": 220, ""max_temperature"": 65, ""min_temperature"": -40, ""power_per_meter"": 15}, {""brand"": ""ТЛТ"", ""model"": ""ТЛТ-20"", ""source"": ""builtin"", ""voltage"": 220, ""max_temperature"": 65, ""min_temperature"": -40, ""power_per_meter"": 20}, {""brand"": ""ТЛТ"", ""model"": ""ТЛТ-25"", ""source"": ""builtin"", ""voltage"": 220, ""max_temperature"": 85, ""min_temperature"": -50, ""power_per_meter"": 25}, {""brand"": ""ТЛТ"", ""model"": ""ТЛТ-30"", ""source"": ""builtin"", ""voltage"": 220, ""max_temperature"": 85, ""min_temperature"": -50, ""power_per_meter"": 30}, {""brand"": ""ТЛТ"", ""model"": ""ТЛТ-40"", ""source"": ""builtin"", ""voltage"": 220, ""max_temperature"": 110, ""min_temperature"": -50, ""power_per_meter"": 40}, {""brand"": ""ТЛТ"", ""model"": ""ТЛТ-50"", ""source"": ""builtin"", ""voltage"": 220, ""max_temperature"": 110, ""min_temperature"": -50, ""power_per_meter"": 50}, {""brand"": ""ТЛТ"", ""model"": ""ТЛТ-60"", ""source"": ""builtin"", ""voltage"": 220, ""max_temperature"": 120, ""min_temperature"": -55, ""power_per_meter"": 60}, {""brand"": ""ТЛТ"", ""model"": ""ТЛТ-75"", ""source"": ""builtin"", ""voltage"": 220, ""max_temperature"": 120, ""min_temperature"": -55, ""power_per_meter"": 75}, {""brand"": ""ТЛТ"", ""model"": ""ТЛТ-100"", ""source"": ""builtin"", ""voltage"": 220, ""max_temperature"": 150, ""min_temperature"": -60, ""power_per_meter"": 100}], ""safety_factor"": 1.1, ""supply_voltage"": 220.0, ""ambient_temperature"": -10.0, ""process_temperature"": 40.0, ""required_power_per_meter"": 59.097}";"{""current"": 24.338, ""voltage"": 220.0, ""total_power"": 5354.25, ""cable_length"": 71.39, ""selected_cable"": ""ТЛТ-75""}"
Труба DN27 №36;3;self_regulating;ТЛТ-25;"{""cable_mark"": null, ""pipe_length"": 204.3, ""cable_catalog"": [{""brand"": ""ТЛТ"", ""model"": ""ТЛТ-10"", ""source"": ""builtin"", ""voltage"": 220, ""max_temperature"": 65, ""min_temperature"": -40, ""power_per_meter"": 10}, {""brand"": ""ТЛТ"", ""model"": ""ТЛТ-15"", ""source"": ""builtin"", ""voltage"": 220, ""max_temperature"": 65, ""min_temperature"": -40, ""power_per_meter"": 15}, {""brand"": ""ТЛТ"", ""model"": ""ТЛТ-20"", ""source"": ""builtin"", ""voltage"": 220, ""max_temperature"": 65, ""min_temperature"": -40, ""power_per_meter"": 20}, {""brand"": ""ТЛТ"", ""model"": ""ТЛТ-25"", ""source"": ""builtin"", ""voltage"": 220, ""max_temperature"": 85, ""min_temperature"": -50, ""power_per_meter"": 25}, {""brand"": ""ТЛТ"", ""model"": ""ТЛТ-30"", ""source"": ""builtin"", ""voltage"": 220, ""max_temperature"": 85, ""min_temperature"": -50, ""power_per_meter"": 30}, {""brand"": ""ТЛТ"", ""model"": ""ТЛТ-40"", ""source"": ""builtin"", ""voltage"": 220, ""max_temperature"": 110, ""min_temperature"": -50, ""power_per_meter"": 40}, {""brand"": ""ТЛТ"", ""model"": ""ТЛТ-50"", ""source"": ""builtin"", ""voltage"": 220, ""max_temperature"": 110, ""min_temperature"": -50, ""power_per_meter"": 50}, {""brand"": ""ТЛТ"", ""model"": ""ТЛТ-60"", ""source"": ""builtin"", ""voltage"": 220, ""max_temperature"": 120, ""min_temperature"": -55, ""power_per_meter"": 60}, {""brand"": ""ТЛТ"", ""model"": ""ТЛТ-75"", ""source"": ""builtin"", ""voltage"": 220, ""max_temperature"": 120, ""min_temperature"": -55, ""power_per_meter"": 75}, {""brand"": ""ТЛТ"", ""model"": ""ТЛТ-100"", ""source"": ""builtin"", ""voltage"": 220, ""max_temperature"": 150, ""min_temperature"": -60, ""power_per_meter"": 100}], ""safety_factor"": 1.1, ""supply_voltage"": 220.0, ""ambient_temperature"": -20.0, ""process_temperature"": 70.0, ""required_power_per_meter"": 15.811}";"{""current"": 25.538, ""voltage"": 220.0, ""total_power"": 5618.25, ""cable_length"": 224.73, ""selected_cable"": ""ТЛТ-25""}"
Труба DN108 №33;3;self_regulating;ТЛТ-40;"{""cable_mark"": null, ""pipe_length"": 336.1, ""cable_catalog"": [{""brand"": ""ТЛТ"", ""model"": ""ТЛТ-10"", ""source"": ""builtin"", ""voltage"": 220, ""max_temperature"": 65, ""min_temperature"": -40, ""power_per_meter"": 10}, {""brand"": ""ТЛТ"", ""model"": ""ТЛТ-15"", ""source"": ""builtin"", ""voltage"": 220, ""max_temperature"": 65, ""min_temperature"": -40, ""power_per_meter"": 15}, {""brand"": ""ТЛТ"", ""model"": ""ТЛТ-20"", ""source"": ""builtin"", ""voltage"": 220, ""max_temperature"": 65, ""min_temperature"": -40, ""power_per_meter"": 20}, {""brand"": ""ТЛТ"", ""model"": ""ТЛТ-25"", ""source"": ""builtin"", ""voltage"": 220, ""max_temperature"": 85, ""min_temperature"": -50, ""power_per_meter"": 25}, {""brand"": ""ТЛТ"", ""model"": ""ТЛТ-30"", ""source"": ""builtin"", ""voltage"": 220, ""max_temperature"": 85, ""min_temperature"": -50, ""power_per_meter"": 30}, {""brand"": ""ТЛТ"", ""model"": ""ТЛТ-40"", ""source"": ""builtin"", ""voltage"": 220, ""max_temperature"": 110, ""min_temperature"": -50, ""power_per_meter"": 40}, {""brand"": ""ТЛТ"", ""model"": ""ТЛТ-50"", ""source"": ""builtin"", ""voltage"": 220, ""max_temperature"": 110, ""min_temperature"": -50, ""power_per_meter"": 50}, {""brand"": ""ТЛТ"", ""model"": ""ТЛТ-60"", ""source"": ""builtin"", ""voltage"": 220, ""max_temperature"": 120, ""min_temperature"": -55, ""power_per_meter"": 60}, {""brand"": ""ТЛТ"", ""model"": ""ТЛТ-75"", ""source"": ""builtin"", ""voltage"": 220, ""max_temperature"": 120, ""min_temperature"": -55, ""power_per_meter"": 75}, {""brand"": ""ТЛТ"", ""model"": ""ТЛТ-100"", ""source"": ""builtin"", ""voltage"": 220, ""max_temperature"": 150, ""min_temperature"": -60, ""power_per_meter"": 100}], ""safety_factor"": 1.1, ""supply_voltage"": 220.0, ""ambient_temperature"": -25.0, ""process_temperature"": 110.0, ""required_power_per_meter"": 31.056}";"{""current"": 67.22, ""voltage"": 220.0, ""total_power"": 14788.4, ""cable_length"": 369.71, ""selected_cable"": ""ТЛТ-40""}"
Труба DN27 №39;3;self_regulating;ТЛТ-25;"{""cable_mark"": null, ""pipe_length"": 327.8, ""cable_catalog"": [{""brand"": ""ТЛТ"", ""model"": ""ТЛТ-10"", ""source"": ""builtin"", ""voltage"": 220, ""max_temperature"": 65, ""min_temperature"": -40, ""power_per_meter"": 10}, {""brand"": ""ТЛТ"", ""model"": ""ТЛТ-15"", ""source"": ""builtin"", ""voltage"": 220, ""max_temperature"": 65, ""min_temperature"": -40, ""power_per_meter"": 15}, {""brand"": ""ТЛТ"", ""model"": ""ТЛТ-20"", ""source"": ""builtin"", ""voltage"": 220, ""max_temperature"": 65, ""min_temperature"": -40, ""power_per_meter"": 20}, {""brand"": ""ТЛТ"", ""model"": ""ТЛТ-25"", ""source"": ""builtin"", ""voltage"": 220, ""max_temperature"": 85, ""min_temperature"": -50, ""power_per_meter"": 25}, {""brand"": ""ТЛТ"", ""model"": ""ТЛТ-30"", ""source"": ""builtin"", ""voltage"": 220, ""max_temperature"": 85, ""min_temperature"": -50, ""power_per_meter"": 30}, {""brand"": ""ТЛТ"", ""model"": ""ТЛТ-40"", ""source"": ""builtin"", ""voltage"": 220, ""max_temperature"": 110, ""min_temperature"": -50, ""power_per_meter"": 40}, {""brand"": ""ТЛТ"", ""model"": ""ТЛТ-50"", ""source"": ""builtin"", ""voltage"": 220, ""max_temperature"": 110, ""min_temperature"": -50, ""power_per_meter"": 50}, {""brand"": ""ТЛТ"", ""model"": ""ТЛТ-60"", ""source"": ""builtin"", ""voltage"": 220, ""max_temperature"": 120, ""min_temperature"": -55, ""power_per_meter"": 60}, {""brand"": ""ТЛТ"", ""model"": ""ТЛТ-75"", ""source"": ""builtin"", ""voltage"": 220, ""max_temperature"": 120, ""min_temperature"": -55, ""power_per_meter"": 75}, {""brand"": ""ТЛТ"", ""model"": ""ТЛТ-100"", ""source"": ""builtin"", ""voltage"": 220, ""max_temperature"": 150, ""min_temperature"": -60, ""power_per_meter"": 100}], ""safety_factor"": 1.1, ""supply_voltage"": 220.0, ""ambient_temperature"": -30.0, ""process_temperature"": 70.0, ""required_power_per_meter"": 14.303}";"{""current"": 40.975, ""voltage"": 220.0, ""total_power"": 9014.5, ""cable_length"": 360.58, ""selected_cable"": ""ТЛТ-25""}"
Труба DN57 №45;3;self_regulating;ТЛТ-20;"{""cable_mark"": null, ""pipe_length"": 33.2, ""cable_catalog"": [{""brand"": ""ТЛТ"", ""model"": ""ТЛТ-10"", ""source"": ""builtin"", ""voltage"": 220, ""max_temperature"": 65, ""min_temperature"": -40, ""power_per_meter"": 10}, {""brand"": ""ТЛТ"", ""model"": ""ТЛТ-15"", ""source"": ""builtin"", ""voltage"": 220, ""max_temperature"": 65, ""min_temperature"": -40, ""power_per_meter"": 15}, {""brand"": ""ТЛТ"", ""model"": ""ТЛТ-20"", ""source"": ""builtin"", ""voltage"": 220, ""max_temperature"": 65, ""min_temperature"": -40, ""power_per_meter"": 20}, {""brand"": ""ТЛТ"", ""model"": ""ТЛТ-25"", ""source"": ""builtin"", ""voltage"": 220, ""max_temperature"": 85, ""min_temperature"": -50, ""power_per_meter"": 25}, {""brand"": ""ТЛТ"", ""model"": ""ТЛТ-30"", ""source"": ""builtin"", ""voltage"": 220, ""max_temperature"": 85, ""min_temperature"": -50, ""power_per_meter"": 30}, {""brand"": ""ТЛТ"", ""model"": ""ТЛТ-40"", ""source"": ""builtin"", ""voltage"": 220, ""max_temperature"": 110, ""min_temperature"": -50, ""power_per_meter"": 40}, {""brand"": ""ТЛТ"", ""model"": ""ТЛТ-50"", ""source"": ""builtin"", ""voltage"": 220, ""max_temperature"": 110, ""min_temperature"": -50, ""power_per_meter"": 50}, {""brand"": ""ТЛТ"", ""model"": ""ТЛТ-60"", ""source"": ""builtin"", ""voltage"": 220, ""max_temperature"": 120, ""min_temperature"": -55, ""power_per_meter"": 60}, {""brand"": ""ТЛТ"", ""model"": ""ТЛТ-75"", ""source"": ""builtin"", ""voltage"": 220, ""max_temperature"": 120, ""min_temperature"": -55, ""power_per_meter"": 75}, {""brand"": ""ТЛТ"", ""model"": ""ТЛТ-100"", ""source"": ""builtin"", ""voltage"": 220, ""max_temperature"": 150, ""min_temperature"": -60, ""power_per_meter"": 100}], ""safety_factor"": 1.1, ""supply_voltage"": 220.0, ""ambient_temperature"": -25.0, ""process_temperature"": 50.0, ""required_power_per_meter"": 15.449}";"{""current"": 3.32, ""voltage"": 220.0, ""total_power"": 730.4, ""cable_length"": 36.52, ""selected_cable"": ""ТЛТ-20""}"
Труба DN133 №44;3;self_regulating;ТЛТ-60;"{""cable_mark"": null, ""pipe_length"": 33.3, ""cable_catalog"": [{""brand"": ""ТЛТ"", ""model"": ""ТЛТ-10"", ""source"": ""builtin"", ""voltage"": 220, ""max_temperature"": 65, ""min_temperature"": -40, ""power_per_meter"": 10}, {""brand"": ""ТЛТ"", ""model"": ""ТЛТ-15"", ""source"": ""builtin"", ""voltage"": 220, ""max_temperature"": 65, ""min_temperature"": -40, ""power_per_meter"": 15}, {""brand"": ""ТЛТ"", ""model"": ""ТЛТ-20"", ""source"": ""builtin"", ""voltage"": 220, ""max_temperature"": 65, ""min_temperature"": -40, ""power_per_meter"": 20}, {""brand"": ""ТЛТ"", ""model"": ""ТЛТ-25"", ""source"": ""builtin"", ""voltage"": 220, ""max_temperature"": 85, ""min_temperature"": -50, ""power_per_meter"": 25}, {""brand"": ""ТЛТ"", ""model"": ""ТЛТ-30"", ""source"": ""builtin"", ""voltage"": 220, ""max_temperature"": 85, ""min_temperature"": -50, ""power_per_meter"": 30}, {""brand"": ""ТЛТ"", ""model"": ""ТЛТ-40"", ""source"": ""builtin"", ""voltage"": 220, ""max_temperature"": 110, ""min_temperature"": -50, ""power_per_meter"": 40}, {""brand"": ""ТЛТ"", ""model"": ""ТЛТ-50"", ""source"": ""builtin"", ""voltage"": 220, ""max_temperature"": 110, ""min_temperature"": -50, ""power_per_meter"": 50}, {""brand"": ""ТЛТ"", ""model"": ""ТЛТ-60"", ""source"": ""builtin"", ""voltage"": 220, ""max_temperature"": 120, ""min_temperature"": -55, ""power_per_meter"": 60}, {""brand"": ""ТЛТ"", ""model"": ""ТЛТ-75"", ""source"": ""builtin"", ""voltage"": 220, ""max_temperature"": 120, ""min_temperature"": -55, ""power_per_meter"": 75}, {""brand"": ""ТЛТ"", ""model"": ""ТЛТ-100"", ""source"": ""builtin"", ""voltage"": 220, ""max_temperature"": 150, ""min_temperature"": -60, ""power_per_meter"": 100}], ""safety_factor"": 1.1, ""supply_voltage"": 220.0, ""ambient_temperature"": 10.0, ""process_temperature"": 120.0, ""required_power_per_meter"": 32.337}";"{""current"": 9.99, ""voltage"": 220.0, ""total_power"": 2197.8, ""cable_length"": 36.63, ""selected_cable"": ""ТЛТ-60""}"
Труба DN219 №49;3;self_regulating;ТЛТ-40;"{""cable_mark"": null, ""pipe_length"": 69.8, ""cable_catalog"": [{""brand"": ""ТЛТ"", ""model"": ""ТЛТ-10"", ""source"": ""builtin"", ""voltage"": 220, ""max_temperature"": 65, ""min_temperature"": -40, ""power_per_meter"": 10}, {""brand"": ""ТЛТ"", ""model"": ""ТЛТ-15"", ""source"": ""builtin"", ""voltage"": 220, ""max_temperature"": 65, ""min_temperature"": -40, ""power_per_meter"": 15}, {""brand"": ""ТЛТ"", ""model"": ""ТЛТ-20"", ""source"": ""builtin"", ""voltage"": 220, ""max_temperature"": 65, ""min_temperature"": -40, ""power_per_meter"": 20}, {""brand"": ""ТЛТ"", ""model"": ""ТЛТ-25"", ""source"": ""builtin"", ""voltage"": 220, ""max_temperature"": 85, ""min_temperature"": -50, ""power_per_meter"": 25}, {""brand"": ""ТЛТ"", ""model"": ""ТЛТ-30"", ""source"": ""builtin"", ""voltage"": 220, ""max_temperature"": 85, ""min_temperature"": -50, ""power_per_meter"": 30}, {""brand"": ""ТЛТ"", ""model"": ""ТЛТ-40"", ""source"": ""builtin"", ""voltage"": 220, ""max_temperature"": 110, ""min_temperature"": -50, ""power_per_meter"": 40}, {""brand"": ""ТЛТ"", ""model"": ""ТЛТ-50"", ""source"": ""builtin"", ""voltage"": 220, ""max_temperature"": 110, ""min_temperature"": -50, ""power_per_meter"": 50}, {""brand"": ""ТЛТ"", ""model"": ""ТЛТ-60"", ""source"": ""builtin"", ""voltage"": 220, ""max_temperature"": 120, ""min_temperature"": -55, ""power_per_meter"": 60}, {""brand"": ""ТЛТ"", ""model"": ""ТЛТ-75"", ""source"": ""builtin"", ""voltage"": 220, ""max_temperature"": 120, ""min_temperature"": -55, ""power_per_meter"": 75}, {""brand"": ""ТЛТ"", ""model"": ""ТЛТ-100"", ""source"": ""builtin"", ""voltage"": 220, ""max_temperature"": 150, ""min_temperature"": -60, ""power_per_meter"": 100}], ""safety_factor"": 1.1, ""supply_voltage"": 220.0, ""ambient_temperature"": 5.0, ""process_temperature"": 90.0, ""required_power_per_meter"": 22.647}";"{""current"": 13.96, ""voltage"": 220.0, ""total_power"": 3071.2, ""cable_length"": 76.78, ""selected_cable"": ""ТЛТ-40""}"
Труба DN159 №52;3;self_regulating;ТЛТ-60;"{""cable_mark"": null, ""pipe_length"": 146.1, ""cable_catalog"": [{""brand"": ""ТЛТ"", ""model"": ""ТЛТ-10"", ""source"": ""builtin"", ""voltage"": 220, ""max_temperature"": 65, ""min_temperature"": -40, ""power_per_meter"": 10}, {""brand"": ""ТЛТ"", ""model"": ""ТЛТ-15"", ""source"": ""builtin"", ""voltage"": 220, ""max_temperature"": 65, ""min_temperature"": -40, ""power_per_meter"": 15}, {""brand"": ""ТЛТ"", ""model"": ""ТЛТ-20"", ""source"": ""builtin"", ""voltage"": 220, ""max_temperature"": 65, ""min_temperature"": -40, ""power_per_meter"": 20}, {""brand"": ""ТЛТ"", ""model"": ""ТЛТ-25"", ""source"": ""builtin"", ""voltage"": 220, ""max_temperature"": 85, ""min_temperature"": -50, ""power_per_meter"": 25}, {""brand"": ""ТЛТ"", ""model"": ""ТЛТ-30"", ""source"": ""builtin"", ""voltage"": 220, ""max_temperature"": 85, ""min_temperature"": -50, ""power_per_meter"": 30}, {""brand"": ""ТЛТ"", ""model"": ""ТЛТ-40"", ""source"": ""builtin"", ""voltage"": 220, ""max_temperature"": 110, ""min_temperature"": -50, ""power_per_meter"": 40}, {""brand"": ""ТЛТ"", ""model"": ""ТЛТ-50"", ""source"": ""builtin"", ""voltage"": 220, ""max_temperature"": 110, ""min_temperature"": -50, ""power_per_meter"": 50}, {""brand"": ""ТЛТ"", ""model"": ""ТЛТ-60"", ""source"": ""builtin"", ""voltage"": 220, ""max_temperature"": 120, ""min_temperature"": -55, ""power_per_meter"": 60}, {""brand"": ""ТЛТ"", ""model"": ""ТЛТ-75"", ""source"": ""builtin"", ""voltage"": 220, ""max_temperature"": 120, ""min_temperature"": -55, ""power_per_meter"": 75}, {""brand"": ""ТЛТ"", ""model"": ""ТЛТ-100"", ""source"": ""builtin"", ""voltage"": 220, ""max_temperature"": 150, ""min_temperature"": -60, ""power_per_meter"": 100}], ""safety_factor"": 1.1, ""supply_voltage"": 220.0, ""ambient_temperature"": -15.0, ""process_temperature"": 120.0, ""required_power_per_meter"": 30.963}";"{""current"": 43.83, ""voltage"": 220.0, ""total_power"": 9642.6, ""cable_length"": 160.71, ""selected_cable"": ""ТЛТ-60""}"
Труба DN108 №23;3;self_regulating;ТЛТ-30;"{""cable_mark"": null, ""pipe_length"": 486.1, ""cable_catalog"": [{""brand"": ""ТЛТ"", ""model"": ""ТЛТ-10"", ""source"": ""builtin"", ""voltage"": 220, ""max_temperature"": 65, ""min_temperature"": -40, ""power_per_meter"": 10}, {""brand"": ""ТЛТ"", ""model"": ""ТЛТ-15"", ""source"": ""builtin"", ""voltage"": 220, ""max_temperature"": 65, ""min_temperature"": -40, ""power_per_meter"": 15}, {""brand"": ""ТЛТ"", ""model"": ""ТЛТ-20"", ""source"": ""builtin"", ""voltage"": 220, ""max_temperature"": 65, ""min_temperature"": -40, ""power_per_meter"": 20}, {""brand"": ""ТЛТ"", ""model"": ""ТЛТ-25"", ""source"": ""builtin"", ""voltage"": 220, ""max_temperature"": 85, ""min_temperature"": -50, ""power_per_meter"": 25}, {""brand"": ""ТЛТ"", ""model"": ""ТЛТ-30"", ""source"": ""builtin"", ""voltage"": 220, ""max_temperature"": 85, ""min_temperature"": -50, ""power_per_meter"": 30}, {""brand"": ""ТЛТ"", ""model"": ""ТЛТ-40"", ""source"": ""builtin"", ""voltage"": 220, ""max_temperature"": 110, ""min_temperature"": -50, ""power_per_meter"": 40}, {""brand"": ""ТЛТ"", ""model"": ""ТЛТ-50"", ""source"": ""builtin"", ""voltage"": 220, ""max_temperature"": 110, ""min_temperature"": -50, ""power_per_meter"": 50}, {""brand"": ""ТЛТ"", ""model"": ""ТЛТ-60"", ""source"": ""builtin"", ""voltage"": 220, ""max_temperature"": 120, ""min_temperature"": -55, ""power_per_meter"": 60}, {""brand"": ""ТЛТ"", ""model"": ""ТЛТ-75"", ""source"": ""builtin"", ""voltage"": 220, ""max_temperature"": 120, ""min_temperature"": -55, ""power_per_meter"": 75}, {""brand"": ""ТЛТ"", ""model"": ""ТЛТ-100"", ""source"": ""builtin"", ""voltage"": 220, ""max_temperature"": 150, ""min_temperature"": -60, ""power_per_meter"": 100}], ""safety_factor"": 1.1, ""supply_voltage"": 220.0, ""ambient_temperature"": -30.0, ""process_temperature"": 80.0, ""required_power_per_meter"": 25.305}";"{""current"": 72.915, ""voltage"": 220.0, ""total_power"": 16041.3, ""cable_length"": 534.71, ""selected_cable"": ""ТЛТ-30""}"
Труба DN57 №28;3;self_regulating;ТЛТ-60;"{""cable_mark"": null, ""pipe_length"": 136.2, ""cable_catalog"": [{""brand"": ""ТЛТ"", ""model"": ""ТЛТ-10"", ""source"": ""builtin"", ""voltage"": 220, ""max_temperature"": 65, ""min_temperature"": -40, ""power_per_meter"": 10}, {""brand"": ""ТЛТ"", ""model"": ""ТЛТ-15"", ""source"": ""builtin"", ""voltage"": 220, ""max_temperature"": 65, ""min_temperature"": -40, ""power_per_meter"": 15}, {""brand"": ""ТЛТ"", ""model"": ""ТЛТ-20"", ""source"": ""builtin"", ""voltage"": 220, ""max_temperature"": 65, ""min_temperature"": -40, ""power_per_meter"": 20}, {""brand"": ""ТЛТ"", ""model"": ""ТЛТ-25"", ""source"": ""builtin"", ""voltage"": 220, ""max_temperature"": 85, ""min_temperature"": -50, ""power_per_meter"": 25}, {""brand"": ""ТЛТ"", ""model"": ""ТЛТ-30"", ""source"": ""builtin"", ""voltage"": 220, ""max_temperature"": 85, ""min_temperature"": -50, ""power_per_meter"": 30}, {""brand"": ""ТЛТ"", ""model"": ""ТЛТ-40"", ""source"": ""builtin"", ""voltage"": 220, ""max_temperature"": 110, ""min_temperature"": -50, ""power_per_meter"": 40}, {""brand"": ""ТЛТ"", ""model"": ""ТЛТ-50"", ""source"": ""builtin"", ""voltage"": 220, ""max_temperature"": 110, ""min_temperature"": -50, ""power_per_meter"": 50}, {""brand"": ""ТЛТ"", ""model"": ""ТЛТ-60"", ""source"": ""builtin"", ""voltage"": 220, ""max_temperature"": 120, ""min_temperature"": -55, ""power_per_meter"": 60}, {""brand"": ""ТЛТ"", ""model"": ""ТЛТ-75"", ""source"": ""builtin"", ""voltage"": 220, ""max_temperature"": 120, ""min_temperature"": -55, ""power_per_meter"": 75}, {""brand"": ""ТЛТ"", ""model"": ""ТЛТ-100"", ""source"": ""builtin"", ""voltage"": 220, ""max_temperature"": 150, ""min_temperature"": -60, ""power_per_meter"": 100}], ""safety_factor"": 1.1, ""supply_voltage"": 220.0, ""ambient_temperature"": -20.0, ""process_temperature"": 120.0, ""required_power_per_meter"": 24.452}";"{""current"": 40.86, ""voltage"": 220.0, ""total_power"": 8989.2, ""cable_length"": 149.82, ""selected_cable"": ""ТЛТ-60""}"
Труба DN76 №29;3;self_regulating;ТЛТ-60;"{""cable_mark"": null, ""pipe_length"": 357.9, ""cable_catalog"": [{""brand"": ""ТЛТ"", ""model"": ""ТЛТ-10"", ""source"": ""builtin"", ""voltage"": 220, ""max_temperature"": 65, ""min_temperature"": -40, ""power_per_meter"": 10}, {""brand"": ""ТЛТ"", ""model"": ""ТЛТ-15"", ""source"": ""builtin"", ""voltage"": 220, ""max_temperature"": 65, ""min_temperature"": -40, ""power_per_meter"": 15}, {""brand"": ""ТЛТ"", ""model"": ""ТЛТ-20"", ""source"": ""builtin"", ""voltage"": 220, ""max_temperature"": 65, ""min_temperature"": -40, ""power_per_meter"": 20}, {""brand"": ""ТЛТ"", ""model"": ""ТЛТ-25"", ""source"": ""builtin"", ""voltage"": 220, ""max_temperature"": 85, ""min_temperature"": -50, ""power_per_meter"": 25}, {""brand"": ""ТЛТ"", ""model"": ""ТЛТ-30"", ""source"": ""builtin"", ""voltage"": 220, ""max_temperature"": 85, ""min_temperature"": -50, ""power_per_meter"": 30}, {""brand"": ""ТЛТ"", ""model"": ""ТЛТ-40"", ""source"": ""builtin"", ""voltage"": 220, ""max_temperature"": 110, ""min_temperature"": -50, ""power_per_meter"": 40}, {""brand"": ""ТЛТ"", ""model"": ""ТЛТ-50"", ""source"": ""builtin"", ""voltage"": 220, ""max_temperature"": 110, ""min_temperature"": -50, ""power_per_meter"": 50}, {""brand"": ""ТЛТ"", ""model"": ""ТЛТ-60"", ""source"": ""builtin"", ""voltage"": 220, ""max_temperature"": 120, ""min_temperature"": -55, ""power_per_meter"": 60}, {""brand"": ""ТЛТ"", ""model"": ""ТЛТ-75"", ""source"": ""builtin"", ""voltage"": 220, ""max_temperature"": 120, ""min_temperature"": -55, ""power_per_meter"": 75}, {""brand"": ""ТЛТ"", ""model"": ""ТЛТ-100"", ""source"": ""builtin"", ""voltage"": 220, ""max_temperature"": 150, ""min_temperature"": -60, ""power_per_meter"": 100}], ""safety_factor"": 1.1, ""supply_voltage"": 220.0, ""ambient_temperature"": -10.0, ""process_temperature"": 110.0, ""required_power_per_meter"": 48.786}";"{""current"": 107.37, ""voltage"": 220.0, ""total_power"": 23621.4, ""cable_length"": 393.69, ""selected_cable"": ""ТЛТ-60""}"
Труба DN273 №35;3;self_regulating;ТЛТ-75;"{""cable_mark"": null, ""pipe_length"": 180.4, ""cable_catalog"": [{""brand"": ""ТЛТ"", ""model"": ""ТЛТ-10"", ""source"": ""builtin"", ""voltage"": 220, ""max_temperature"": 65, ""min_temperature"": -40, ""power_per_meter"": 10}, {""brand"": ""ТЛТ"", ""model"": ""ТЛТ-15"", ""source"": ""builtin"", ""voltage"": 220, ""max_temperature"": 65, ""min_temperature"": -40, ""power_per_meter"": 15}, {""brand"": ""ТЛТ"", ""model"": ""ТЛТ-20"", ""source"": ""builtin"", ""voltage"": 220, ""max_temperature"": 65, ""min_temperature"": -40, ""power_per_meter"": 20}, {""brand"": ""ТЛТ"", ""model"": ""ТЛТ-25"", ""source"": ""builtin"", ""voltage"": 220, ""max_temperature"": 85, ""min_temperature"": -50, ""power_per_meter"": 25}, {""brand"": ""ТЛТ"", ""model"": ""ТЛТ-30"", ""source"": ""builtin"", ""voltage"": 220, ""max_temperature"": 85, ""min_temperature"": -50, ""power_per_meter"": 30}, {""brand"": ""ТЛТ"", ""model"": ""ТЛТ-40"", ""source"": ""builtin"", ""voltage"": 220, ""max_temperature"": 110, ""min_temperature"": -50, ""power_per_meter"": 40}, {""brand"": ""ТЛТ"", ""model"": ""ТЛТ-50"", ""source"": ""builtin"", ""voltage"": 220, ""max_temperature"": 110, ""min_temperature"": -50, ""power_per_meter"": 50}, {""brand"": ""ТЛТ"", ""model"": ""ТЛТ-60"", ""source"": ""builtin"", ""voltage"": 220, ""max_temperature"": 120, ""min_temperature"": -55, ""power_per_meter"": 60}, {""brand"": ""ТЛТ"", ""model"": ""ТЛТ-75"", ""source"": ""builtin"", ""voltage"": 220, ""max_temperature"": 120, ""min_temperature"": -55, ""power_per_meter"": 75}, {""brand"": ""ТЛТ"", ""model"": ""ТЛТ-100"", ""source"": ""builtin"", ""voltage"": 220, ""max_temperature"": 150, ""min_temperature"": -60, ""power_per_meter"": 100}], ""safety_factor"": 1.1, ""supply_voltage"": 220.0, ""ambient_temperature"": -40.0, ""process_temperature"": 50.0, ""required_power_per_meter"": 56.399}";"{""current"": 67.65, ""voltage"": 220.0, ""total_power"": 14883.0, ""cable_length"": 198.44, ""selected_cable"": ""ТЛТ-75""}"
Труба DN76 №51;3;self_regulating;ТЛТ-30;"{""cable_mark"": null, ""pipe_length"": 255.4, ""cable_catalog"": [{""brand"": ""ТЛТ"", ""model"": ""ТЛТ-10"", ""source"": ""builtin"", ""voltage"": 220, ""max_temperature"": 65, ""min_temperature"": -40, ""power_per_meter"": 10}, {""brand"": ""ТЛТ"", ""model"": ""ТЛТ-15"", ""source"": ""builtin"", ""voltage"": 220, ""max_temperature"": 65, ""min_temperature"": -40, ""power_per_meter"": 15}, {""brand"": ""ТЛТ"", ""model"": ""ТЛТ-20"", ""source"": ""builtin"", ""voltage"": 220, ""max_temperature"": 65, ""min_temperature"": -40, ""power_per_meter"": 20}, {""brand"": ""ТЛТ"", ""model"": ""ТЛТ-25"", ""source"": ""builtin"", ""voltage"": 220, ""max_temperature"": 85, ""min_temperature"": -50, ""power_per_meter"": 25}, {""brand"": ""ТЛТ"", ""model"": ""ТЛТ-30"", ""source"": ""builtin"", ""voltage"": 220, ""max_temperature"": 85, ""min_temperature"": -50, ""power_per_meter"": 30}, {""brand"": ""ТЛТ"", ""model"": ""ТЛТ-40"", ""source"": ""builtin"", ""voltage"": 220, ""max_temperature"": 110, ""min_temperature"": -50, ""power_per_meter"": 40}, {""brand"": ""ТЛТ"", ""model"": ""ТЛТ-50"", ""source"": ""builtin"", ""voltage"": 220, ""max_temperature"": 110, ""min_temperature"": -50, ""power_per_meter"": 50}, {""brand"": ""ТЛТ"", ""model"": ""ТЛТ-60"", ""source"": ""builtin"", ""voltage"": 220, ""max_temperature"": 120, ""min_temperature"": -55, ""power_per_meter"": 60}, {""brand"": ""ТЛТ"", ""model"": ""ТЛТ-75"", ""source"": ""builtin"", ""voltage"": 220, ""max_temperature"": 120, ""min_temperature"": -55, ""power_per_meter"": 75}, {""brand"": ""ТЛТ"", ""model"": ""ТЛТ-100"", ""source"": ""builtin"", ""voltage"": 220, ""max_temperature"": 150, ""min_temperature"": -60, ""power_per_meter"": 100}], ""safety_factor"": 1.1, ""supply_voltage"": 220.0, ""ambient_temperature"": -30.0, ""process_temperature"": 70.0, ""required_power_per_meter"": 23.455}";"{""current"": 38.31, ""voltage"": 220.0, ""total_power"": 8428.2, ""cable_length"": 280.94, ""selected_cable"": ""ТЛТ-30""}"
Труба DN76 №37;3;self_regulating;ТЛТ-40;"{""cable_mark"": null, ""pipe_length"": 270.5, ""cable_catalog"": [{""brand"": ""ТЛТ"", ""model"": ""ТЛТ-10"", ""source"": ""builtin"", ""voltage"": 220, ""max_temperature"": 65, ""min_temperature"": -40, ""power_per_meter"": 10}, {""brand"": ""ТЛТ"", ""model"": ""ТЛТ-15"", ""source"": ""builtin"", ""voltage"": 220, ""max_temperature"": 65, ""min_temperature"": -40, ""power_per_meter"": 15}, {""brand"": ""ТЛТ"", ""model"": ""ТЛТ-20"", ""source"": ""builtin"", ""voltage"": 220, ""max_temperature"": 65, ""min_temperature"": -40, ""power_per_meter"": 20}, {""brand"": ""ТЛТ"", ""model"": ""ТЛТ-25"", ""source"": ""builtin"", ""voltage"": 220, ""max_temperature"": 85, ""min_temperature"": -50, ""power_per_meter"": 25}, {""brand"": ""ТЛТ"", ""model"": ""ТЛТ-30"", ""source"": ""builtin"", ""voltage"": 220, ""max_temperature"": 85, ""min_temperature"": -50, ""power_per_meter"": 30}, {""brand"": ""ТЛТ"", ""model"": ""ТЛТ-40"", ""source"": ""builtin"", ""voltage"": 220, ""max_temperature"": 110, ""min_temperature"": -50, ""power_per_meter"": 40}, {""brand"": ""ТЛТ"", ""model"": ""ТЛТ-50"", ""source"": ""builtin"", ""voltage"": 220, ""max_temperature"": 110, ""min_temperature"": -50, ""power_per_meter"": 50}, {""brand"": ""ТЛТ"", ""model"": ""ТЛТ-60"", ""source"": ""builtin"", ""voltage"": 220, ""max_temperature"": 120, ""min_temperature"": -55, ""power_per_meter"": 60}, {""brand"": ""ТЛТ"", ""model"": ""ТЛТ-75"", ""source"": ""builtin"", ""voltage"": 220, ""max_temperature"": 120, ""min_temperature"": -55, ""power_per_meter"": 75}, {""brand"": ""ТЛТ"", ""model"": ""ТЛТ-100"", ""source"": ""builtin"", ""voltage"": 220, ""max_temperature"": 150, ""min_temperature"": -60, ""power_per_meter"": 100}], ""safety_factor"": 1.1, ""supply_voltage"": 220.0, ""ambient_temperature"": -25.0, ""process_temperature"": 80.0, ""required_power_per_meter"": 32.938}";"{""current"": 54.1, ""voltage"": 220.0, ""total_power"": 11902.0, ""cable_length"": 297.55, ""selected_cable"": ""ТЛТ-40""}"
Труба DN273 №42;3;self_regulating;ТЛТ-15;"{""cable_mark"": null, ""pipe_length"": 349.8, ""cable_catalog"": [{""brand"": ""ТЛТ"", ""model"": ""ТЛТ-10"", ""source"": ""builtin"", ""voltage"": 220, ""max_temperature"": 65, ""min_temperature"": -40, ""power_per_meter"": 10}, {""brand"": ""ТЛТ"", ""model"": ""ТЛТ-15"", ""source"": ""builtin"", ""voltage"": 220, ""max_temperature"": 65, ""min_temperature"": -40, ""power_per_meter"": 15}, {""brand"": ""ТЛТ"", ""model"": ""ТЛТ-20"", ""source"": ""builtin"", ""voltage"": 220, ""max_temperature"": 65, ""min_temperature"": -40, ""power_per_meter"": 20}, {""brand"": ""ТЛТ"", ""model"": ""ТЛТ-25"", ""source"": ""builtin"", ""voltage"": 220, ""max_temperature"": 85, ""min_temperature"": -50, ""power_per_meter"": 25}, {""brand"": ""ТЛТ"", ""model"": ""ТЛТ-30"", ""source"": ""builtin"", ""voltage"": 220, ""max_temperature"": 85, ""min_temperature"": -50, ""power_per_meter"": 30}, {""brand"": ""ТЛТ"", ""model"": ""ТЛТ-40"", ""source"": ""builtin"", ""voltage"": 220, ""max_temperature"": 110, ""min_temperature"": -50, ""power_per_meter"": 40}, {""brand"": ""ТЛТ"", ""model"": ""ТЛТ-50"", ""source"": ""builtin"", ""voltage"": 220, ""max_temperature"": 110, ""min_temperature"": -50, ""power_per_meter"": 50}, {""brand"": ""ТЛТ"", ""model"": ""ТЛТ-60"", ""source"": ""builtin"", ""voltage"": 220, ""max_temperature"": 120, ""min_temperature"": -55, ""power_per_meter"": 60}, {""brand"": ""ТЛТ"", ""model"": ""ТЛТ-75"", ""source"": ""builtin"", ""voltage"": 220, ""max_temperature"": 120, ""min_temperature"": -55, ""power_per_meter"": 75}, {""brand"": ""ТЛТ"", ""model"": ""ТЛТ-100"", ""source"": ""builtin"", ""voltage"": 220, ""max_temperature"": 150, ""min_temperature"": -60, ""power_per_meter"": 100}], ""safety_factor"": 1.1, ""supply_voltage"": 220.0, ""ambient_temperature"": 5.0, ""process_temperature"": 60.0, ""required_power_per_meter"": 13.022}";"{""current"": 26.235, ""voltage"": 220.0, ""total_power"": 5771.7, ""cable_length"": 384.78, ""selected_cable"": ""ТЛТ-15""}"
Труба DN76 №43;3;self_regulating;ТЛТ-10;"{""cable_mark"": null, ""pipe_length"": 151.9, ""cable_catalog"": [{""brand"": ""ТЛТ"", ""model"": ""ТЛТ-10"", ""source"": ""builtin"", ""voltage"": 220, ""max_temperature"": 65, ""min_temperature"": -40, ""power_per_meter"": 10}, {""brand"": ""ТЛТ"", ""model"": ""ТЛТ-15"", ""source"": ""builtin"", ""voltage"": 220, ""max_temperature"": 65, ""min_temperature"": -40, ""power_per_meter"": 15}, {""brand"": ""ТЛТ"", ""model"": ""ТЛТ-20"", ""source"": ""builtin"", ""voltage"": 220, ""max_temperature"": 65, ""min_temperature"": -40, ""power_per_meter"": 20}, {""brand"": ""ТЛТ"", ""model"": ""ТЛТ-25"", ""source"": ""builtin"", ""voltage"": 220, ""max_temperature"": 85, ""min_temperature"": -50, ""power_per_meter"": 25}, {""brand"": ""ТЛТ"", ""model"": ""ТЛТ-30"", ""source"": ""builtin"", ""voltage"": 220, ""max_temperature"": 85, ""min_temperature"": -50, ""power_per_meter"": 30}, {""brand"": ""ТЛТ"", ""model"": ""ТЛТ-40"", ""source"": ""builtin"", ""voltage"": 220, ""max_temperature"": 110, ""min_temperature"": -50, ""power_per_meter"": 40}, {""brand"": ""ТЛТ"", ""model"": ""ТЛТ-50"", ""source"": ""builtin"", ""voltage"": 220, ""max_temperature"": 110, ""min_temperature"": -50, ""power_per_meter"": 50}, {""brand"": ""ТЛТ"", ""model"": ""ТЛТ-60"", ""source"": ""builtin"", ""voltage"": 220, ""max_temperature"": 120, ""min_temperature"": -55, ""power_per_meter"": 60}, {""brand"": ""ТЛТ"", ""model"": ""ТЛТ-75"", ""source"": ""builtin"", ""voltage"": 220, ""max_temperature"": 120, ""min_temperature"": -55, ""power_per_meter"": 75}, {""brand"": ""ТЛТ"", ""model"": ""ТЛТ-100"", ""source"": ""builtin"", ""voltage"": 220, ""max_temperature"": 150, ""min_temperature"": -60, ""power_per_meter"": 100}], ""safety_factor"": 1.1, ""supply_voltage"": 220.0, ""ambient_temperature"": 10.0, ""process_temperature"": 40.0, ""required_power_per_meter"": 6.505}";"{""current"": 7.595, ""voltage"": 220.0, ""total_power"": 1670.9, ""cable_length"": 167.09, ""selected_cable"": ""ТЛТ-10""}"
Труба DN27 №47;3;self_regulating;ТЛТ-40;"{""cable_mark"": null, ""pipe_length"": 311.6, ""cable_catalog"": [{""brand"": ""ТЛТ"", ""model"": ""ТЛТ-10"", ""source"": ""builtin"", ""voltage"": 220, ""max_temperature"": 65, ""min_temperature"": -40, ""power_per_meter"": 10}, {""brand"": ""ТЛТ"", ""model"": ""ТЛТ-15"", ""source"": ""builtin"", ""voltage"": 220, ""max_temperature"": 65, ""min_temperature"": -40, ""power_per_meter"": 15}, {""brand"": ""ТЛТ"", ""model"": ""ТЛТ-20"", ""source"": ""builtin"", ""voltage"": 220, ""max_temperature"": 65, ""min_temperature"": -40, ""power_per_meter"": 20}, {""brand"": ""ТЛТ"", ""model"": ""ТЛТ-25"", ""source"": ""builtin"", ""voltage"": 220, ""max_temperature"": 85, ""min_temperature"": -50, ""power_per_meter"": 25}, {""brand"": ""ТЛТ"", ""model"": ""ТЛТ-30"", ""source"": ""builtin"", ""voltage"": 220, ""max_temperature"": 85, ""min_temperature"": -50, ""power_per_meter"": 30}, {""brand"": ""ТЛТ"", ""model"": ""ТЛТ-40"", ""source"": ""builtin"", ""voltage"": 220, ""max_temperature"": 110, ""min_temperature"": -50, ""power_per_meter"": 40}, {""brand"": ""ТЛТ"", ""model"": ""ТЛТ-50"", ""source"": ""builtin"", ""voltage"": 220, ""max_temperature"": 110, ""min_temperature"": -50, ""power_per_meter"": 50}, {""brand"": ""ТЛТ"", ""model"": ""ТЛТ-60"", ""source"": ""builtin"", ""voltage"": 220, ""max_temperature"": 120, ""min_temperature"": -55, ""power_per_meter"": 60}, {""brand"": ""ТЛТ"", ""model"": ""ТЛТ-75"", ""source"": ""builtin"", ""voltage"": 220, ""max_temperature"": 120, ""min_temperature"": -55, ""power_per_meter"": 75}, {""brand"": ""ТЛТ"", ""model"": ""ТЛТ-100"", ""source"": ""builtin"", ""voltage"": 220, ""max_temperature"": 150, ""min_temperature"": -60, ""power_per_meter"": 100}], ""safety_factor"": 1.1, ""supply_voltage"": 220.0, ""ambient_temperature"": 10.0, ""process_temperature"": 90.0, ""required_power_per_meter"": 18.45}";"{""current"": 62.32, ""voltage"": 220.0, ""total_power"": 13710.4, ""cable_length"": 342.76, ""selected_cable"": ""ТЛТ-40""}"
Шар. бак №10;3;self_regulating;ТЛТ-15;"{""cable_mark"": null, ""pipe_length"": 1.0, ""cable_catalog"": [{""brand"": ""ТЛТ"", ""model"": ""ТЛТ-10"", ""source"": ""builtin"", ""voltage"": 220, ""max_temperature"": 65, ""min_temperature"": -40, ""power_per_meter"": 10}, {""brand"": ""ТЛТ"", ""model"": ""ТЛТ-15"", ""source"": ""builtin"", ""voltage"": 220, ""max_temperature"": 65, ""min_temperature"": -40, ""power_per_meter"": 15}, {""brand"": ""ТЛТ"", ""model"": ""ТЛТ-20"", ""source"": ""builtin"", ""voltage"": 220, ""max_temperature"": 65, ""min_temperature"": -40, ""power_per_meter"": 20}, {""brand"": ""ТЛТ"", ""model"": ""ТЛТ-25"", ""source"": ""builtin"", ""voltage"": 220, ""max_temperature"": 85, ""min_temperature"": -50, ""power_per_meter"": 25}, {""brand"": ""ТЛТ"", ""model"": ""ТЛТ-30"", ""source"": ""builtin"", ""voltage"": 220, ""max_temperature"": 85, ""min_temperature"": -50, ""power_per_meter"": 30}, {""brand"": ""ТЛТ"", ""model"": ""ТЛТ-40"", ""source"": ""builtin"", ""voltage"": 220, ""max_temperature"": 110, ""min_temperature"": -50, ""power_per_meter"": 40}, {""brand"": ""ТЛТ"", ""model"": ""ТЛТ-50"", ""source"": ""builtin"", ""voltage"": 220, ""max_temperature"": 110, ""min_temperature"": -50, ""power_per_meter"": 50}, {""brand"": ""ТЛТ"", ""model"": ""ТЛТ-60"", ""source"": ""builtin"", ""voltage"": 220, ""max_temperature"": 120, ""min_temperature"": -55, ""power_per_meter"": 60}, {""brand"": ""ТЛТ"", ""model"": ""ТЛТ-75"", ""source"": ""builtin"", ""voltage"": 220, ""max_temperature"": 120, ""min_temperature"": -55, ""power_per_meter"": 75}, {""brand"": ""ТЛТ"", ""model"": ""ТЛТ-100"", ""source"": ""builtin"", ""voltage"": 220, ""max_temperature"": 150, ""min_temperature"": -60, ""power_per_meter"": 100}], ""safety_factor"": 1.1, ""supply_voltage"": 220.0, ""ambient_temperature"": -10.0, ""process_temperature"": 40.0, ""required_power_per_meter"": 9.186}";"{""current"": 0.075, ""voltage"": 220.0, ""total_power"": 16.5, ""cable_length"": 1.1, ""selected_cable"": ""ТЛТ-15""}"
Труба DN108 №56;3;self_regulating;ТЛТ-60;"{""cable_mark"": null, ""pipe_length"": 255.2, ""cable_catalog"": [{""brand"": ""ТЛТ"", ""model"": ""ТЛТ-10"", ""source"": ""builtin"", ""voltage"": 220, ""max_temperature"": 65, ""min_temperature"": -40, ""power_per_meter"": 10}, {""brand"": ""ТЛТ"", ""model"": ""ТЛТ-15"", ""source"": ""builtin"", ""voltage"": 220, ""max_temperature"": 65, ""min_temperature"": -40, ""power_per_meter"": 15}, {""brand"": ""ТЛТ"", ""model"": ""ТЛТ-20"", ""source"": ""builtin"", ""voltage"": 220, ""max_temperature"": 65, ""min_temperature"": -40, ""power_per_meter"": 20}, {""brand"": ""ТЛТ"", ""model"": ""ТЛТ-25"", ""source"": ""builtin"", ""voltage"": 220, ""max_temperature"": 85, ""min_temperature"": -50, ""power_per_meter"": 25}, {""brand"": ""ТЛТ"", ""model"": ""ТЛТ-30"", ""source"": ""builtin"", ""voltage"": 220, ""max_temperature"": 85, ""min_temperature"": -50, ""power_per_meter"": 30}, {""brand"": ""ТЛТ"", ""model"": ""ТЛТ-40"", ""source"": ""builtin"", ""voltage"": 220, ""max_temperature"": 110, ""min_temperature"": -50, ""power_per_meter"": 40}, {""brand"": ""ТЛТ"", ""model"": ""ТЛТ-50"", ""source"": ""builtin"", ""voltage"": 220, ""max_temperature"": 110, ""min_temperature"": -50, ""power_per_meter"": 50}, {""brand"": ""ТЛТ"", ""model"": ""ТЛТ-60"", ""source"": ""builtin"", ""voltage"": 220, ""max_temperature"": 120, ""min_temperature"": -55, ""power_per_meter"": 60}, {""brand"": ""ТЛТ"", ""model"": ""ТЛТ-75"", ""source"": ""builtin"", ""voltage"": 220, ""max_temperature"": 120, ""min_temperature"": -55, ""power_per_meter"": 75}, {""brand"": ""ТЛТ"", ""model"": ""ТЛТ-100"", ""source"": ""builtin"", ""voltage"": 220, ""max_temperature"": 150, ""min_temperature"": -60, ""power_per_meter"": 100}], ""safety_factor"": 1.1, ""supply_voltage"": 220.0, ""ambient_temperature"": -30.0, ""process_temperature"": 100.0, ""required_power_per_meter"": 53.062}";"{""current"": 76.56, ""voltage"": 220.0, ""total_power"": 16843.2, ""cable_length"": 280.72, ""selected_cable"": ""ТЛТ-60""}"
Труба DN21 №53;3;self_regulating;ТЛТ-10;"{""cable_mark"": null, ""pipe_length"": 335.6, ""cable_catalog"": [{""brand"": ""ТЛТ"", ""model"": ""ТЛТ-10"", ""source"": ""builtin"", ""voltage"": 220, ""max_temperature"": 65, ""min_temperature"": -40, ""power_per_meter"": 10}, {""brand"": ""ТЛТ"", ""model"": ""ТЛТ-15"", ""source"": ""builtin"", ""voltage"": 220, ""max_temperature"": 65, ""min_temperature"": -40, ""power_per_meter"": 15}, {""brand"": ""ТЛТ"", ""model"": ""ТЛТ-20"", ""source"": ""builtin"", ""voltage"": 220, ""max_temperature"": 65, ""min_temperature"": -40, ""power_per_meter"": 20}, {""brand"": ""ТЛТ"", ""model"": ""ТЛТ-25"", ""source"": ""builtin"", ""voltage"": 220, ""max_temperature"": 85, ""min_temperature"": -50, ""power_per_meter"": 25}, {""brand"": ""ТЛТ"", ""model"": ""ТЛТ-30"", ""source"": ""builtin"", ""voltage"": 220, ""max_temperature"": 85, ""min_temperature"": -50, ""power_per_meter"": 30}, {""brand"": ""ТЛТ"", ""model"": ""ТЛТ-40"", ""source"": ""builtin"", ""voltage"": 220, ""max_temperature"": 110, ""min_temperature"": -50, ""power_per_meter"": 40}, {""brand"": ""ТЛТ"", ""model"": ""ТЛТ-50"", ""source"": ""builtin"", ""voltage"": 220, ""max_temperature"": 110, ""min_temperature"": -50, ""power_per_meter"": 50}, {""brand"": ""ТЛТ"", ""model"": ""ТЛТ-60"", ""source"": ""builtin"", ""voltage"": 220, ""max_temperature"": 120, ""min_temperature"": -55, ""power_per_meter"": 60}, {""brand"": ""ТЛТ"", ""model"": ""ТЛТ-75"", ""source"": ""builtin"", ""voltage"": 220, ""max_temperature"": 120, ""min_temperature"": -55, ""power_per_meter"": 75}, {""brand"": ""ТЛТ"", ""model"": ""ТЛТ-100"", ""source"": ""builtin"", ""voltage"": 220, ""max_temperature"": 150, ""min_temperature"": -60, ""power_per_meter"": 100}], ""safety_factor"": 1.1, ""supply_voltage"": 220.0, ""ambient_temperature"": -30.0, ""process_temperature"": 60.0, ""required_power_per_meter"": 7.261}";"{""current"": 16.78, ""voltage"": 220.0, ""total_power"": 3691.6, ""cable_length"": 369.16, ""selected_cable"": ""ТЛТ-10""}"
Шар. бак №2;3;self_regulating;ТЛТ-20;"{""cable_mark"": null, ""pipe_length"": 1.0, ""cable_catalog"": [{""brand"": ""ТЛТ"", ""model"": ""ТЛТ-10"", ""source"": ""builtin"", ""voltage"": 220, ""max_temperature"": 65, ""min_temperature"": -40, ""power_per_meter"": 10}, {""brand"": ""ТЛТ"", ""model"": ""ТЛТ-15"", ""source"": ""builtin"", ""voltage"": 220, ""max_temperature"": 65, ""min_temperature"": -40, ""power_per_meter"": 15}, {""brand"": ""ТЛТ"", ""model"": ""ТЛТ-20"", ""source"": ""builtin"", ""voltage"": 220, ""max_temperature"": 65, ""min_temperature"": -40, ""power_per_meter"": 20}, {""brand"": ""ТЛТ"", ""model"": ""ТЛТ-25"", ""source"": ""builtin"", ""voltage"": 220, ""max_temperature"": 85, ""min_temperature"": -50, ""power_per_meter"": 25}, {""brand"": ""ТЛТ"", ""model"": ""ТЛТ-30"", ""source"": ""builtin"", ""voltage"": 220, ""max_temperature"": 85, ""min_temperature"": -50, ""power_per_meter"": 30}, {""brand"": ""ТЛТ"", ""model"": ""ТЛТ-40"", ""source"": ""builtin"", ""voltage"": 220, ""max_temperature"": 110, ""min_temperature"": -50, ""power_per_meter"": 40}, {""brand"": ""ТЛТ"", ""model"": ""ТЛТ-50"", ""source"": ""builtin"", ""voltage"": 220, ""max_temperature"": 110, ""min_temperature"": -50, ""power_per_meter"": 50}, {""brand"": ""ТЛТ"", ""model"": ""ТЛТ-60"", ""source"": ""builtin"", ""voltage"": 220, ""max_temperature"": 120, ""min_temperature"": -55, ""power_per_meter"": 60}, {""brand"": ""ТЛТ"", ""model"": ""ТЛТ-75"", ""source"": ""builtin"", ""voltage"": 220, ""max_temperature"": 120, ""min_temperature"": -55, ""power_per_meter"": 75}, {""brand"": ""ТЛТ"", ""model"": ""ТЛТ-100"", ""source"": ""builtin"", ""voltage"": 220, ""max_temperature"": 150, ""min_temperature"": -60, ""power_per_meter"": 100}], ""safety_factor"": 1.1, ""supply_voltage"": 220.0, ""ambient_temperature"": 0.0, ""process_temperature"": 60.0, ""required_power_per_meter"": 14.875}";"{""current"": 0.1, ""voltage"": 220.0, ""total_power"": 22.0, ""cable_length"": 1.1, ""selected_cable"": ""ТЛТ-20""}"
Шар. бак №11;3;self_regulating;ТЛТ-100;"{""cable_mark"": null, ""pipe_length"": 1.0, ""cable_catalog"": [{""brand"": ""ТЛТ"", ""model"": ""ТЛТ-10"", ""source"": ""builtin"", ""voltage"": 220, ""max_temperature"": 65, ""min_temperature"": -40, ""power_per_meter"": 10}, {""brand"": ""ТЛТ"", ""model"": ""ТЛТ-15"", ""source"": ""builtin"", ""voltage"": 220, ""max_temperature"": 65, ""min_temperature"": -40, ""power_per_meter"": 15}, {""brand"": ""ТЛТ"", ""model"": ""ТЛТ-20"", ""source"": ""builtin"", ""voltage"": 220, ""max_temperature"": 65, ""min_temperature"": -40, ""power_per_meter"": 20}, {""brand"": ""ТЛТ"", ""model"": ""ТЛТ-25"", ""source"": ""builtin"", ""voltage"": 220, ""max_temperature"": 85, ""min_temperature"": -50, ""power_per_meter"": 25}, {""brand"": ""ТЛТ"", ""model"": ""ТЛТ-30"", ""source"": ""builtin"", ""voltage"": 220, ""max_temperature"": 85, ""min_temperature"": -50, ""power_per_meter"": 30}, {""brand"": ""ТЛТ"", ""model"": ""ТЛТ-40"", ""source"": ""builtin"", ""voltage"": 220, ""max_temperature"": 110, ""min_temperature"": -50, ""power_per_meter"": 40}, {""brand"": ""ТЛТ"", ""model"": ""ТЛТ-50"", ""source"": ""builtin"", ""voltage"": 220, ""max_temperature"": 110, ""min_temperature"": -50, ""power_per_meter"": 50}, {""brand"": ""ТЛТ"", ""model"": ""ТЛТ-60"", ""source"": ""builtin"", ""voltage"": 220, ""max_temperature"": 120, ""min_temperature"": -55, ""power_per_meter"": 60}, {""brand"": ""ТЛТ"", ""model"": ""ТЛТ-75"", ""source"": ""builtin"", ""voltage"": 220, ""max_temperature"": 120, ""min_temperature"": -55, ""power_per_meter"": 75}, {""brand"": ""ТЛТ"", ""model"": ""ТЛТ-100"", ""source"": ""builtin"", ""voltage"": 220, ""max_temperature"": 150, ""min_temperature"": -60, ""power_per_meter"": 100}], ""safety_factor"": 1.1, ""supply_voltage"": 220.0, ""ambient_temperature"": -40.0, ""process_temperature"": 100.0, ""required_power_per_meter"": 74.789}";"{""current"": 0.5, ""voltage"": 220.0, ""total_power"": 110.0, ""cable_length"": 1.1, ""selected_cable"": ""ТЛТ-100""}"
Прям. бак №20;3;self_regulating;ТЛТ-100;"{""cable_mark"": null, ""pipe_length"": 3.0, ""cable_catalog"": [{""brand"": ""ТЛТ"", ""model"": ""ТЛТ-10"", ""source"": ""builtin"", ""voltage"": 220, ""max_temperature"": 65, ""min_temperature"": -40, ""power_per_meter"": 10}, {""brand"": ""ТЛТ"", ""model"": ""ТЛТ-15"", ""source"": ""builtin"", ""voltage"": 220, ""max_temperature"": 65, ""min_temperature"": -40, ""power_per_meter"": 15}, {""brand"": ""ТЛТ"", ""model"": ""ТЛТ-20"", ""source"": ""builtin"", ""voltage"": 220, ""max_temperature"": 65, ""min_temperature"": -40, ""power_per_meter"": 20}, {""brand"": ""ТЛТ"", ""model"": ""ТЛТ-25"", ""source"": ""builtin"", ""voltage"": 220, ""max_temperature"": 85, ""min_temperature"": -50, ""power_per_meter"": 25}, {""brand"": ""ТЛТ"", ""model"": ""ТЛТ-30"", ""source"": ""builtin"", ""voltage"": 220, ""max_temperature"": 85, ""min_temperature"": -50, ""power_per_meter"": 30}, {""brand"": ""ТЛТ"", ""model"": ""ТЛТ-40"", ""source"": ""builtin"", ""voltage"": 220, ""max_temperature"": 110, ""min_temperature"": -50, ""power_per_meter"": 40}, {""brand"": ""ТЛТ"", ""model"": ""ТЛТ-50"", ""source"": ""builtin"", ""voltage"": 220, ""max_temperature"": 110, ""min_temperature"": -50, ""power_per_meter"": 50}, {""brand"": ""ТЛТ"", ""model"": ""ТЛТ-60"", ""source"": ""builtin"", ""voltage"": 220, ""max_temperature"": 120, ""min_temperature"": -55, ""power_per_meter"": 60}, {""brand"": ""ТЛТ"", ""model"": ""ТЛТ-75"", ""source"": ""builtin"", ""voltage"": 220, ""max_temperature"": 120, ""min_temperature"": -55, ""power_per_meter"": 75}, {""brand"": ""ТЛТ"", ""model"": ""ТЛТ-100"", ""source"": ""builtin"", ""voltage"": 220, ""max_temperature"": 150, ""min_temperature"": -60, ""power_per_meter"": 100}], ""safety_factor"": 1.1, ""supply_voltage"": 220.0, ""ambient_temperature"": -30.0, ""process_temperature"": 40.0, ""required_power_per_meter"": 73.818}";"{""current"": 1.5, ""voltage"": 220.0, ""total_power"": 330.0, ""cable_length"": 3.3, ""selected_cable"": ""ТЛТ-100""}"
Цил. бак №27;3;self_regulating;ТЛТ-40;"{""cable_mark"": null, ""pipe_length"": 4.0, ""cable_catalog"": [{""brand"": ""ТЛТ"", ""model"": ""ТЛТ-10"", ""source"": ""builtin"", ""voltage"": 220, ""max_temperature"": 65, ""min_temperature"": -40, ""power_per_meter"": 10}, {""brand"": ""ТЛТ"", ""model"": ""ТЛТ-15"", ""source"": ""builtin"", ""voltage"": 220, ""max_temperature"": 65, ""min_temperature"": -40, ""power_per_meter"": 15}, {""brand"": ""ТЛТ"", ""model"": ""ТЛТ-20"", ""source"": ""builtin"", ""voltage"": 220, ""max_temperature"": 65, ""min_temperature"": -40, ""power_per_meter"": 20}, {""brand"": ""ТЛТ"", ""model"": ""ТЛТ-25"", ""source"": ""builtin"", ""voltage"": 220, ""max_temperature"": 85, ""min_temperature"": -50, ""power_per_meter"": 25}, {""brand"": ""ТЛТ"", ""model"": ""ТЛТ-30"", ""source"": ""builtin"", ""voltage"": 220, ""max_temperature"": 85, ""min_temperature"": -50, ""power_per_meter"": 30}, {""brand"": ""ТЛТ"", ""model"": ""ТЛТ-40"", ""source"": ""builtin"", ""voltage"": 220, ""max_temperature"": 110, ""min_temperature"": -50, ""power_per_meter"": 40}, {""brand"": ""ТЛТ"", ""model"": ""ТЛТ-50"", ""source"": ""builtin"", ""voltage"": 220, ""max_temperature"": 110, ""min_temperature"": -50, ""power_per_meter"": 50}, {""brand"": ""ТЛТ"", ""model"": ""ТЛТ-60"", ""source"": ""builtin"", ""voltage"": 220, ""max_temperature"": 120, ""min_temperature"": -55, ""power_per_meter"": 60}, {""brand"": ""ТЛТ"", ""model"": ""ТЛТ-75"", ""source"": ""builtin"", ""voltage"": 220, ""max_temperature"": 120, ""min_temperature"": -55, ""power_per_meter"": 75}, {""brand"": ""ТЛТ"", ""model"": ""ТЛТ-100"", ""source"": ""builtin"", ""voltage"": 220, ""max_temperature"": 150, ""min_temperature"": -60, ""power_per_meter"": 100}], ""safety_factor"": 1.1, ""supply_voltage"": 220.0, ""ambient_temperature"": -10.0, ""process_temperature"": 80.0, ""required_power_per_meter"": 27.743}";"{""current"": 0.8, ""voltage"": 220.0, ""total_power"": 176.0, ""cable_length"": 4.4, ""selected_cable"": ""ТЛТ-40""}"
Прям. бак №32;3;self_regulating;ТЛТ-50;"{""cable_mark"": null, ""pipe_length"": 3.0, ""cable_catalog"": [{""brand"": ""ТЛТ"", ""model"": ""ТЛТ-10"", ""source"": ""builtin"", ""voltage"": 220, ""max_temperature"": 65, ""min_temperature"": -40, ""power_per_meter"": 10}, {""brand"": ""ТЛТ"", ""model"": ""ТЛТ-15"", ""source"": ""builtin"", ""voltage"": 220, ""max_temperature"": 65, ""min_temperature"": -40, ""power_per_meter"": 15}, {""brand"": ""ТЛТ"", ""model"": ""ТЛТ-20"", ""source"": ""builtin"", ""voltage"": 220, ""max_temperature"": 65, ""min_temperature"": -40, ""power_per_meter"": 20}, {""brand"": ""ТЛТ"", ""model"": ""ТЛТ-25"", ""source"": ""builtin"", ""voltage"": 220, ""max_temperature"": 85, ""min_temperature"": -50, ""power_per_meter"": 25}, {""brand"": ""ТЛТ"", ""model"": ""ТЛТ-30"", ""source"": ""builtin"", ""voltage"": 220, ""max_temperature"": 85, ""min_temperature"": -50, ""power_per_meter"": 30}, {""brand"": ""ТЛТ"", ""model"": ""ТЛТ-40"", ""source"": ""builtin"", ""voltage"": 220, ""max_temperature"": 110, ""min_temperature"": -50, ""power_per_meter"": 40}, {""brand"": ""ТЛТ"", ""model"": ""ТЛТ-50"", ""source"": ""builtin"", ""voltage"": 220, ""max_temperature"": 110, ""min_temperature"": -50, ""power_per_meter"": 50}, {""brand"": ""ТЛТ"", ""model"": ""ТЛТ-60"", ""source"": ""builtin"", ""voltage"": 220, ""max_temperature"": 120, ""min_temperature"": -55, ""power_per_meter"": 60}, {""brand"": ""ТЛТ"", ""model"": ""ТЛТ-75"", ""source"": ""builtin"", ""voltage"": 220, ""max_temperature"": 120, ""min_temperature"": -55, ""power_per_meter"": 75}, {""brand"": ""ТЛТ"", ""model"": ""ТЛТ-100"", ""source"": ""builtin"", ""voltage"": 220, ""max_temperature"": 150, ""min_temperature"": -60, ""power_per_meter"": 100}], ""safety_factor"": 1.1, ""supply_voltage"": 220.0, ""ambient_temperature"": -10.0, ""process_temperature"": 100.0, ""required_power_per_meter"": 37.372}";"{""current"": 0.75, ""voltage"": 220.0, ""total_power"": 165.0, ""cable_length"": 3.3, ""selected_cable"": ""ТЛТ-50""}"
Труба DN108 №55;3;self_regulating;ТЛТ-60;"{""cable_mark"": null, ""pipe_length"": 144.5, ""cable_catalog"": [{""brand"": ""ТЛТ"", ""model"": ""ТЛТ-10"", ""source"": ""builtin"", ""voltage"": 220, ""max_temperature"": 65, ""min_temperature"": -40, ""power_per_meter"": 10}, {""brand"": ""ТЛТ"", ""model"": ""ТЛТ-15"", ""source"": ""builtin"", ""voltage"": 220, ""max_temperature"": 65, ""min_temperature"": -40, ""power_per_meter"": 15}, {""brand"": ""ТЛТ"", ""model"": ""ТЛТ-20"", ""source"": ""builtin"", ""voltage"": 220, ""max_temperature"": 65, ""min_temperature"": -40, ""power_per_meter"": 20}, {""brand"": ""ТЛТ"", ""model"": ""ТЛТ-25"", ""source"": ""builtin"", ""voltage"": 220, ""max_temperature"": 85, ""min_temperature"": -50, ""power_per_meter"": 25}, {""brand"": ""ТЛТ"", ""model"": ""ТЛТ-30"", ""source"": ""builtin"", ""voltage"": 220, ""max_temperature"": 85, ""min_temperature"": -50, ""power_per_meter"": 30}, {""brand"": ""ТЛТ"", ""model"": ""ТЛТ-40"", ""source"": ""builtin"", ""voltage"": 220, ""max_temperature"": 110, ""min_temperature"": -50, ""power_per_meter"": 40}, {""brand"": ""ТЛТ"", ""model"": ""ТЛТ-50"", ""source"": ""builtin"", ""voltage"": 220, ""max_temperature"": 110, ""min_temperature"": -50, ""power_per_meter"": 50}, {""brand"": ""ТЛТ"", ""model"": ""ТЛТ-60"", ""source"": ""builtin"", ""voltage"": 220, ""max_temperature"": 120, ""min_temperature"": -55, ""power_per_meter"": 60}, {""brand"": ""ТЛТ"", ""model"": ""ТЛТ-75"", ""source"": ""builtin"", ""voltage"": 220, ""max_temperature"": 120, ""min_temperature"": -55, ""power_per_meter"": 75}, {""brand"": ""ТЛТ"", ""model"": ""ТЛТ-100"", ""source"": ""builtin"", ""voltage"": 220, ""max_temperature"": 150, ""min_temperature"": -60, ""power_per_meter"": 100}], ""safety_factor"": 1.1, ""supply_voltage"": 220.0, ""ambient_temperature"": -10.0, ""process_temperature"": 70.0, ""required_power_per_meter"": 53.219}";"{""current"": 43.35, ""voltage"": 220.0, ""total_power"": 9537.0, ""cable_length"": 158.95, ""selected_cable"": ""ТЛТ-60""}"
Труба DN159 №60;3;self_regulating;ТЛТ-40;"{""cable_mark"": null, ""pipe_length"": 293.3, ""cable_catalog"": [{""brand"": ""ТЛТ"", ""model"": ""ТЛТ-10"", ""source"": ""builtin"", ""voltage"": 220, ""max_temperature"": 65, ""min_temperature"": -40, ""power_per_meter"": 10}, {""brand"": ""ТЛТ"", ""model"": ""ТЛТ-15"", ""source"": ""builtin"", ""voltage"": 220, ""max_temperature"": 65, ""min_temperature"": -40, ""power_per_meter"": 15}, {""brand"": ""ТЛТ"", ""model"": ""ТЛТ-20"", ""source"": ""builtin"", ""voltage"": 220, ""max_temperature"": 65, ""min_temperature"": -40, ""power_per_meter"": 20}, {""brand"": ""ТЛТ"", ""model"": ""ТЛТ-25"", ""source"": ""builtin"", ""voltage"": 220, ""max_temperature"": 85, ""min_temperature"": -50, ""power_per_meter"": 25}, {""brand"": ""ТЛТ"", ""model"": ""ТЛТ-30"", ""source"": ""builtin"", ""voltage"": 220, ""max_temperature"": 85, ""min_temperature"": -50, ""power_per_meter"": 30}, {""brand"": ""ТЛТ"", ""model"": ""ТЛТ-40"", ""source"": ""builtin"", ""voltage"": 220, ""max_temperature"": 110, ""min_temperature"": -50, ""power_per_meter"": 40}, {""brand"": ""ТЛТ"", ""model"": ""ТЛТ-50"", ""source"": ""builtin"", ""voltage"": 220, ""max_temperature"": 110, ""min_temperature"": -50, ""power_per_meter"": 50}, {""brand"": ""ТЛТ"", ""model"": ""ТЛТ-60"", ""source"": ""builtin"", ""voltage"": 220, ""max_temperature"": 120, ""min_temperature"": -55, ""power_per_meter"": 60}, {""brand"": ""ТЛТ"", ""model"": ""ТЛТ-75"", ""source"": ""builtin"", ""voltage"": 220, ""max_temperature"": 120, ""min_temperature"": -55, ""power_per_meter"": 75}, {""brand"": ""ТЛТ"", ""model"": ""ТЛТ-100"", ""source"": ""builtin"", ""voltage"": 220, ""max_temperature"": 150, ""min_temperature"": -60, ""power_per_meter"": 100}], ""safety_factor"": 1.1, ""supply_voltage"": 220.0, ""ambient_temperature"": -25.0, ""process_temperature"": 40.0, ""required_power_per_meter"": 35.679}";"{""current"": 58.66, ""voltage"": 220.0, ""total_power"": 12905.2, ""cable_length"": 322.63, ""selected_cable"": ""ТЛТ-40""}"
Прям. бак №4;3;self_regulating;ТЛТ-25;"{""cable_mark"": null, ""pipe_length"": 4.0, ""cable_catalog"": [{""brand"": ""ТЛТ"", ""model"": ""ТЛТ-10"", ""source"": ""builtin"", ""voltage"": 220, ""max_temperature"": 65, ""min_temperature"": -40, ""power_per_meter"": 10}, {""brand"": ""ТЛТ"", ""model"": ""ТЛТ-15"", ""source"": ""builtin"", ""voltage"": 220, ""max_temperature"": 65, ""min_temperature"": -40, ""power_per_meter"": 15}, {""brand"": ""ТЛТ"", ""model"": ""ТЛТ-20"", ""source"": ""builtin"", ""voltage"": 220, ""max_temperature"": 65, ""min_temperature"": -40, ""power_per_meter"": 20}, {""brand"": ""ТЛТ"", ""model"": ""ТЛТ-25"", ""source"": ""builtin"", ""voltage"": 220, ""max_temperature"": 85, ""min_temperature"": -50, ""power_per_meter"": 25}, {""brand"": ""ТЛТ"", ""model"": ""ТЛТ-30"", ""source"": ""builtin"", ""voltage"": 220, ""max_temperature"": 85, ""min_temperature"": -50, ""power_per_meter"": 30}, {""brand"": ""ТЛТ"", ""model"": ""ТЛТ-40"", ""source"": ""builtin"", ""voltage"": 220, ""max_temperature"": 110, ""min_temperature"": -50, ""power_per_meter"": 40}, {""brand"": ""ТЛТ"", ""model"": ""ТЛТ-50"", ""source"": ""builtin"", ""voltage"": 220, ""max_temperature"": 110, ""min_temperature"": -50, ""power_per_meter"": 50}, {""brand"": ""ТЛТ"", ""model"": ""ТЛТ-60"", ""source"": ""builtin"", ""voltage"": 220, ""max_temperature"": 120, ""min_temperature"": -55, ""power_per_meter"": 60}, {""brand"": ""ТЛТ"", ""model"": ""ТЛТ-75"", ""source"": ""builtin"", ""voltage"": 220, ""max_temperature"": 120, ""min_temperature"": -55, ""power_per_meter"": 75}, {""brand"": ""ТЛТ"", ""model"": ""ТЛТ-100"", ""source"": ""builtin"", ""voltage"": 220, ""max_temperature"": 150, ""min_temperature"": -60, ""power_per_meter"": 100}], ""safety_factor"": 1.1, ""supply_voltage"": 220.0, ""ambient_temperature"": 10.0, ""process_temperature"": 60.0, ""required_power_per_meter"": 20.886}";"{""current"": 0.5, ""voltage"": 220.0, ""total_power"": 110.0, ""cable_length"": 4.4, ""selected_cable"": ""ТЛТ-25""}"
Шар. бак №18;3;self_regulating;ТЛТ-40;"{""cable_mark"": null, ""pipe_length"": 1.0, ""cable_catalog"": [{""brand"": ""ТЛТ"", ""model"": ""ТЛТ-10"", ""source"": ""builtin"", ""voltage"": 220, ""max_temperature"": 65, ""min_temperature"": -40, ""power_per_meter"": 10}, {""brand"": ""ТЛТ"", ""model"": ""ТЛТ-15"", ""source"": ""builtin"", ""voltage"": 220, ""max_temperature"": 65, ""min_temperature"": -40, ""power_per_meter"": 15}, {""brand"": ""ТЛТ"", ""model"": ""ТЛТ-20"", ""source"": ""builtin"", ""voltage"": 220, ""max_temperature"": 65, ""min_temperature"": -40, ""power_per_meter"": 20}, {""brand"": ""ТЛТ"", ""model"": ""ТЛТ-25"", ""source"": ""builtin"", ""voltage"": 220, ""max_temperature"": 85, ""min_temperature"": -50, ""power_per_meter"": 25}, {""brand"": ""ТЛТ"", ""model"": ""ТЛТ-30"", ""source"": ""builtin"", ""voltage"": 220, ""max_temperature"": 85, ""min_temperature"": -50, ""power_per_meter"": 30}, {""brand"": ""ТЛТ"", ""model"": ""ТЛТ-40"", ""source"": ""builtin"", ""voltage"": 220, ""max_temperature"": 110, ""min_temperature"": -50, ""power_per_meter"": 40}, {""brand"": ""ТЛТ"", ""model"": ""ТЛТ-50"", ""source"": ""builtin"", ""voltage"": 220, ""max_temperature"": 110, ""min_temperature"": -50, ""power_per_meter"": 50}, {""brand"": ""ТЛТ"", ""model"": ""ТЛТ-60"", ""source"": ""builtin"", ""voltage"": 220, ""max_temperature"": 120, ""min_temperature"": -55, ""power_per_meter"": 60}, {""brand"": ""ТЛТ"", ""model"": ""ТЛТ-75"", ""source"": ""builtin"", ""voltage"": 220, ""max_temperature"": 120, ""min_temperature"": -55, ""power_per_meter"": 75}, {""brand"": ""ТЛТ"", ""model"": ""ТЛТ-100"", ""source"": ""builtin"", ""voltage"": 220, ""max_temperature"": 150, ""min_temperature"": -60, ""power_per_meter"": 100}], ""safety_factor"": 1.1, ""supply_voltage"": 220.0, ""ambient_temperature"": -10.0, ""process_temperature"": 60.0, ""required_power_per_meter"": 28.373}";"{""current"": 0.2, ""voltage"": 220.0, ""total_power"": 44.0, ""cable_length"": 1.1, ""selected_cable"": ""ТЛТ-40""}"
Шар. бак №22;3;self_regulating;ТЛТ-40;"{""cable_mark"": null, ""pipe_length"": 1.0, ""cable_catalog"": [{""brand"": ""ТЛТ"", ""model"": ""ТЛТ-10"", ""source"": ""builtin"", ""voltage"": 220, ""max_temperature"": 65, ""min_temperature"": -40, ""power_per_meter"": 10}, {""brand"": ""ТЛТ"", ""model"": ""ТЛТ-15"", ""source"": ""builtin"", ""voltage"": 220, ""max_temperature"": 65, ""min_temperature"": -40, ""power_per_meter"": 15}, {""brand"": ""ТЛТ"", ""model"": ""ТЛТ-20"", ""source"": ""builtin"", ""voltage"": 220, ""max_temperature"": 65, ""min_temperature"": -40, ""power_per_meter"": 20}, {""brand"": ""ТЛТ"", ""model"": ""ТЛТ-25"", ""source"": ""builtin"", ""voltage"": 220, ""max_temperature"": 85, ""min_temperature"": -50, ""power_per_meter"": 25}, {""brand"": ""ТЛТ"", ""model"": ""ТЛТ-30"", ""source"": ""builtin"", ""voltage"": 220, ""max_temperature"": 85, ""min_temperature"": -50, ""power_per_meter"": 30}, {""brand"": ""ТЛТ"", ""model"": ""ТЛТ-40"", ""source"": ""builtin"", ""voltage"": 220, ""max_temperature"": 110, ""min_temperature"": -50, ""power_per_meter"": 40}, {""brand"": ""ТЛТ"", ""model"": ""ТЛТ-50"", ""source"": ""builtin"", ""voltage"": 220, ""max_temperature"": 110, ""min_temperature"": -50, ""power_per_meter"": 50}, {""brand"": ""ТЛТ"", ""model"": ""ТЛТ-60"", ""source"": ""builtin"", ""voltage"": 220, ""max_temperature"": 120, ""min_temperature"": -55, ""power_per_meter"": 60}, {""brand"": ""ТЛТ"", ""model"": ""ТЛТ-75"", ""source"": ""builtin"", ""voltage"": 220, ""max_temperature"": 120, ""min_temperature"": -55, ""power_per_meter"": 75}, {""brand"": ""ТЛТ"", ""model"": ""ТЛТ-100"", ""source"": ""builtin"", ""voltage"": 220, ""max_temperature"": 150, ""min_temperature"": -60, ""power_per_meter"": 100}], ""safety_factor"": 1.1, ""supply_voltage"": 220.0, ""ambient_temperature"": -10.0, ""process_temperature"": 100.0, ""required_power_per_meter"": 33.908}";"{""current"": 0.2, ""voltage"": 220.0, ""total_power"": 44.0, ""cable_length"": 1.1, ""selected_cable"": ""ТЛТ-40""}"
Труба DN34 №59;3;self_regulating;ТЛТ-10;"{""cable_mark"": null, ""pipe_length"": 472.8, ""cable_catalog"": [{""brand"": ""ТЛТ"", ""model"": ""ТЛТ-10"", ""source"": ""builtin"", ""voltage"": 220, ""max_temperature"": 65, ""min_temperature"": -40, ""power_per_meter"": 10}, {""brand"": ""ТЛТ"", ""model"": ""ТЛТ-15"", ""source"": ""builtin"", ""voltage"": 220, ""max_temperature"": 65, ""min_temperature"": -40, ""power_per_meter"": 15}, {""brand"": ""ТЛТ"", ""model"": ""ТЛТ-20"", ""source"": ""builtin"", ""voltage"": 220, ""max_temperature"": 65, ""min_temperature"": -40, ""power_per_meter"": 20}, {""brand"": ""ТЛТ"", ""model"": ""ТЛТ-25"", ""source"": ""builtin"", ""voltage"": 220, ""max_temperature"": 85, ""min_temperature"": -50, ""power_per_meter"": 25}, {""brand"": ""ТЛТ"", ""model"": ""ТЛТ-30"", ""source"": ""builtin"", ""voltage"": 220, ""max_temperature"": 85, ""min_temperature"": -50, ""power_per_meter"": 30}, {""brand"": ""ТЛТ"", ""model"": ""ТЛТ-40"", ""source"": ""builtin"", ""voltage"": 220, ""max_temperature"": 110, ""min_temperature"": -50, ""power_per_meter"": 40}, {""brand"": ""ТЛТ"", ""model"": ""ТЛТ-50"", ""source"": ""builtin"", ""voltage"": 220, ""max_temperature"": 110, ""min_temperature"": -50, ""power_per_meter"": 50}, {""brand"": ""ТЛТ"", ""model"": ""ТЛТ-60"", ""source"": ""builtin"", ""voltage"": 220, ""max_temperature"": 120, ""min_temperature"": -55, ""power_per_meter"": 60}, {""brand"": ""ТЛТ"", ""model"": ""ТЛТ-75"", ""source"": ""builtin"", ""voltage"": 220, ""max_temperature"": 120, ""min_temperature"": -55, ""power_per_meter"": 75}, {""brand"": ""ТЛТ"", ""model"": ""ТЛТ-100"", ""source"": ""builtin"", ""voltage"": 220, ""max_temperature"": 150, ""min_temperature"": -60, ""power_per_meter"": 100}], ""safety_factor"": 1.1, ""supply_voltage"": 220.0, ""ambient_temperature"": 10.0, ""process_temperature"": 40.0, ""required_power_per_meter"": 5.545}";"{""current"": 23.64, ""voltage"": 220.0, ""total_power"": 5200.8, ""cable_length"": 520.08, ""selected_cable"": ""ТЛТ-10""}"
Шар. бак №8;3;self_regulating;ТЛТ-100;"{""cable_mark"": null, ""pipe_length"": 1.0, ""cable_catalog"": [{""brand"": ""ТЛТ"", ""model"": ""ТЛТ-10"", ""source"": ""builtin"", ""voltage"": 220, ""max_temperature"": 65, ""min_temperature"": -40, ""power_per_meter"": 10}, {""brand"": ""ТЛТ"", ""model"": ""ТЛТ-15"", ""source"": ""builtin"", ""voltage"": 220, ""max_temperature"": 65, ""min_temperature"": -40, ""power_per_meter"": 15}, {""brand"": ""ТЛТ"", ""model"": ""ТЛТ-20"", ""source"": ""builtin"", ""voltage"": 220, ""max_temperature"": 65, ""min_temperature"": -40, ""power_per_meter"": 20}, {""brand"": ""ТЛТ"", ""model"": ""ТЛТ-25"", ""source"": ""builtin"", ""voltage"": 220, ""max_temperature"": 85, ""min_temperature"": -50, ""power_per_meter"": 25}, {""brand"": ""ТЛТ"", ""model"": ""ТЛТ-30"", ""source"": ""builtin"", ""voltage"": 220, ""max_temperature"": 85, ""min_temperature"": -50, ""power_per_meter"": 30}, {""brand"": ""ТЛТ"", ""model"": ""ТЛТ-40"", ""source"": ""builtin"", ""voltage"": 220, ""max_temperature"": 110, ""min_temperature"": -50, ""power_per_meter"": 40}, {""brand"": ""ТЛТ"", ""model"": ""ТЛТ-50"", ""source"": ""builtin"", ""voltage"": 220, ""max_temperature"": 110, ""min_temperature"": -50, ""power_per_meter"": 50}, {""brand"": ""ТЛТ"", ""model"": ""ТЛТ-60"", ""source"": ""builtin"", ""voltage"": 220, ""max_temperature"": 120, ""min_temperature"": -55, ""power_per_meter"": 60}, {""brand"": ""ТЛТ"", ""model"": ""ТЛТ-75"", ""source"": ""builtin"", ""voltage"": 220, ""max_temperature"": 120, ""min_temperature"": -55, ""power_per_meter"": 75}, {""brand"": ""ТЛТ"", ""model"": ""ТЛТ-100"", ""source"": ""builtin"", ""voltage"": 220, ""max_temperature"": 150, ""min_temperature"": -60, ""power_per_meter"": 100}], ""safety_factor"": 1.1, ""supply_voltage"": 220.0, ""ambient_temperature"": -40.0, ""process_temperature"": 80.0, ""required_power_per_meter"": 84.534}";"{""current"": 0.5, ""voltage"": 220.0, ""total_power"": 110.0, ""cable_length"": 1.1, ""selected_cable"": ""ТЛТ-100""}"
Прям. бак №17;3;self_regulating;ТЛТ-25;"{""cable_mark"": null, ""pipe_length"": 3.0, ""cable_catalog"": [{""brand"": ""ТЛТ"", ""model"": ""ТЛТ-10"", ""source"": ""builtin"", ""voltage"": 220, ""max_temperature"": 65, ""min_temperature"": -40, ""power_per_meter"": 10}, {""brand"": ""ТЛТ"", ""model"": ""ТЛТ-15"", ""source"": ""builtin"", ""voltage"": 220, ""max_temperature"": 65, ""min_temperature"": -40, ""power_per_meter"": 15}, {""brand"": ""ТЛТ"", ""model"": ""ТЛТ-20"", ""source"": ""builtin"", ""voltage"": 220, ""max_temperature"": 65, ""min_temperature"": -40, ""power_per_meter"": 20}, {""brand"": ""ТЛТ"", ""model"": ""ТЛТ-25"", ""source"": ""builtin"", ""voltage"": 220, ""max_temperature"": 85, ""min_temperature"": -50, ""power_per_meter"": 25}, {""brand"": ""ТЛТ"", ""model"": ""ТЛТ-30"", ""source"": ""builtin"", ""voltage"": 220, ""max_temperature"": 85, ""min_temperature"": -50, ""power_per_meter"": 30}, {""brand"": ""ТЛТ"", ""model"": ""ТЛТ-40"", ""source"": ""builtin"", ""voltage"": 220, ""max_temperature"": 110, ""min_temperature"": -50, ""power_per_meter"": 40}, {""brand"": ""ТЛТ"", ""model"": ""ТЛТ-50"", ""source"": ""builtin"", ""voltage"": 220, ""max_temperature"": 110, ""min_temperature"": -50, ""power_per_meter"": 50}, {""brand"": ""ТЛТ"", ""model"": ""ТЛТ-60"", ""source"": ""builtin"", ""voltage"": 220, ""max_temperature"": 120, ""min_temperature"": -55, ""power_per_meter"": 60}, {""brand"": ""ТЛТ"", ""model"": ""ТЛТ-75"", ""source"": ""builtin"", ""voltage"": 220, ""max_temperature"": 120, ""min_temperature"": -55, ""power_per_meter"": 75}, {""brand"": ""ТЛТ"", ""model"": ""ТЛТ-100"", ""source"": ""builtin"", ""voltage"": 220, ""max_temperature"": 150, ""min_temperature"": -60, ""power_per_meter"": 100}], ""safety_factor"": 1.1, ""supply_voltage"": 220.0, ""ambient_temperature"": 0.0, ""process_temperature"": 80.0, ""required_power_per_meter"": 11.066}";"{""current"": 0.375, ""voltage"": 220.0, ""total_power"": 82.5, ""cable_length"": 3.3, ""selected_cable"": ""ТЛТ-25""}"
Шар. бак №26;3;self_regulating;ТЛТ-40;"{""cable_mark"": null, ""pipe_length"": 1.0, ""cable_catalog"": [{""brand"": ""ТЛТ"", ""model"": ""ТЛТ-10"", ""source"": ""builtin"", ""voltage"": 220, ""max_temperature"": 65, ""min_temperature"": -40, ""power_per_meter"": 10}, {""brand"": ""ТЛТ"", ""model"": ""ТЛТ-15"", ""source"": ""builtin"", ""voltage"": 220, ""max_temperature"": 65, ""min_temperature"": -40, ""power_per_meter"": 15}, {""brand"": ""ТЛТ"", ""model"": ""ТЛТ-20"", ""source"": ""builtin"", ""voltage"": 220, ""max_temperature"": 65, ""min_temperature"": -40, ""power_per_meter"": 20}, {""brand"": ""ТЛТ"", ""model"": ""ТЛТ-25"", ""source"": ""builtin"", ""voltage"": 220, ""max_temperature"": 85, ""min_temperature"": -50, ""power_per_meter"": 25}, {""brand"": ""ТЛТ"", ""model"": ""ТЛТ-30"", ""source"": ""builtin"", ""voltage"": 220, ""max_temperature"": 85, ""min_temperature"": -50, ""power_per_meter"": 30}, {""brand"": ""ТЛТ"", ""model"": ""ТЛТ-40"", ""source"": ""builtin"", ""voltage"": 220, ""max_temperature"": 110, ""min_temperature"": -50, ""power_per_meter"": 40}, {""brand"": ""ТЛТ"", ""model"": ""ТЛТ-50"", ""source"": ""builtin"", ""voltage"": 220, ""max_temperature"": 110, ""min_temperature"": -50, ""power_per_meter"": 50}, {""brand"": ""ТЛТ"", ""model"": ""ТЛТ-60"", ""source"": ""builtin"", ""voltage"": 220, ""max_temperature"": 120, ""min_temperature"": -55, ""power_per_meter"": 60}, {""brand"": ""ТЛТ"", ""model"": ""ТЛТ-75"", ""source"": ""builtin"", ""voltage"": 220, ""max_temperature"": 120, ""min_temperature"": -55, ""power_per_meter"": 75}, {""brand"": ""ТЛТ"", ""model"": ""ТЛТ-100"", ""source"": ""builtin"", ""voltage"": 220, ""max_temperature"": 150, ""min_temperature"": -60, ""power_per_meter"": 100}], ""safety_factor"": 1.1, ""supply_voltage"": 220.0, ""ambient_temperature"": -10.0, ""process_temperature"": 100.0, ""required_power_per_meter"": 30.074}";"{""current"": 0.2, ""voltage"": 220.0, ""total_power"": 44.0, ""cable_length"": 1.1, ""selected_cable"": ""ТЛТ-40""}"
Труба DN108 №54;3;self_regulating;ТЛТ-50;"{""cable_mark"": null, ""pipe_length"": 62.1, ""cable_catalog"": [{""brand"": ""ТЛТ"", ""model"": ""ТЛТ-10"", ""source"": ""builtin"", ""voltage"": 220, ""max_temperature"": 65, ""min_temperature"": -40, ""power_per_meter"": 10}, {""brand"": ""ТЛТ"", ""model"": ""ТЛТ-15"", ""source"": ""builtin"", ""voltage"": 220, ""max_temperature"": 65, ""min_temperature"": -40, ""power_per_meter"": 15}, {""brand"": ""ТЛТ"", ""model"": ""ТЛТ-20"", ""source"": ""builtin"", ""voltage"": 220, ""max_temperature"": 65, ""min_temperature"": -40, ""power_per_meter"": 20}, {""brand"": ""ТЛТ"", ""model"": ""ТЛТ-25"", ""source"": ""builtin"", ""voltage"": 220, ""max_temperature"": 85, ""min_temperature"": -50, ""power_per_meter"": 25}, {""brand"": ""ТЛТ"", ""model"": ""ТЛТ-30"", ""source"": ""builtin"", ""voltage"": 220, ""max_temperature"": 85, ""min_temperature"": -50, ""power_per_meter"": 30}, {""brand"": ""ТЛТ"", ""model"": ""ТЛТ-40"", ""source"": ""builtin"", ""voltage"": 220, ""max_temperature"": 110, ""min_temperature"": -50, ""power_per_meter"": 40}, {""brand"": ""ТЛТ"", ""model"": ""ТЛТ-50"", ""source"": ""builtin"", ""voltage"": 220, ""max_temperature"": 110, ""min_temperature"": -50, ""power_per_meter"": 50}, {""brand"": ""ТЛТ"", ""model"": ""ТЛТ-60"", ""source"": ""builtin"", ""voltage"": 220, ""max_temperature"": 120, ""min_temperature"": -55, ""power_per_meter"": 60}, {""brand"": ""ТЛТ"", ""model"": ""ТЛТ-75"", ""source"": ""builtin"", ""voltage"": 220, ""max_temperature"": 120, ""min_temperature"": -55, ""power_per_meter"": 75}, {""brand"": ""ТЛТ"", ""model"": ""ТЛТ-100"", ""source"": ""builtin"", ""voltage"": 220, ""max_temperature"": 150, ""min_temperature"": -60, ""power_per_meter"": 100}], ""safety_factor"": 1.1, ""supply_voltage"": 220.0, ""ambient_temperature"": 10.0, ""process_temperature"": 60.0, ""required_power_per_meter"": 40.155}";"{""current"": 15.525, ""voltage"": 220.0, ""total_power"": 3415.5, ""cable_length"": 68.31, ""selected_cable"": ""ТЛТ-50""}"
Труба DN325 №58;3;self_regulating;ТЛТ-50;"{""cable_mark"": null, ""pipe_length"": 278.1, ""cable_catalog"": [{""brand"": ""ТЛТ"", ""model"": ""ТЛТ-10"", ""source"": ""builtin"", ""voltage"": 220, ""max_temperature"": 65, ""min_temperature"": -40, ""power_per_meter"": 10}, {""brand"": ""ТЛТ"", ""model"": ""ТЛТ-15"", ""source"": ""builtin"", ""voltage"": 220, ""max_temperature"": 65, ""min_temperature"": -40, ""power_per_meter"": 15}, {""brand"": ""ТЛТ"", ""model"": ""ТЛТ-20"", ""source"": ""builtin"", ""voltage"": 220, ""max_temperature"": 65, ""min_temperature"": -40, ""power_per_meter"": 20}, {""brand"": ""ТЛТ"", ""model"": ""ТЛТ-25"", ""source"": ""builtin"", ""voltage"": 220, ""max_temperature"": 85, ""min_temperature"": -50, ""power_per_meter"": 25}, {""brand"": ""ТЛТ"", ""model"": ""ТЛТ-30"", ""source"": ""builtin"", ""voltage"": 220, ""max_temperature"": 85, ""min_temperature"": -50, ""power_per_meter"": 30}, {""brand"": ""ТЛТ"", ""model"": ""ТЛТ-40"", ""source"": ""builtin"", ""voltage"": 220, ""max_temperature"": 110, ""min_temperature"": -50, ""power_per_meter"": 40}, {""brand"": ""ТЛТ"", ""model"": ""ТЛТ-50"", ""source"": ""builtin"", ""voltage"": 220, ""max_temperature"": 110, ""min_temperature"": -50, ""power_per_meter"": 50}, {""brand"": ""ТЛТ"", ""model"": ""ТЛТ-60"", ""source"": ""builtin"", ""voltage"": 220, ""max_temperature"": 120, ""min_temperature"": -55, ""power_per_meter"": 60}, {""brand"": ""ТЛТ"", ""model"": ""ТЛТ-75"", ""source"": ""builtin"", ""voltage"": 220, ""max_temperature"": 120, ""min_temperature"": -55, ""power_per_meter"": 75}, {""brand"": ""ТЛТ"", ""model"": ""ТЛТ-100"", ""source"": ""builtin"", ""voltage"": 220, ""max_temperature"": 150, ""min_temperature"": -60, ""power_per_meter"": 100}], ""safety_factor"": 1.1, ""supply_voltage"": 220.0, ""ambient_temperature"": -40.0, ""process_temperature"": 50.0, ""required_power_per_meter"": 36.835}";"{""current"": 69.525, ""voltage"": 220.0, ""total_power"": 15295.5, ""cable_length"": 305.91, ""selected_cable"": ""ТЛТ-50""}"
Цил. бак №3;3;self_regulating;ТЛТ-25;"{""cable_mark"": null, ""pipe_length"": 4.0, ""cable_catalog"": [{""brand"": ""ТЛТ"", ""model"": ""ТЛТ-10"", ""source"": ""builtin"", ""voltage"": 220, ""max_temperature"": 65, ""min_temperature"": -40, ""power_per_meter"": 10}, {""brand"": ""ТЛТ"", ""model"": ""ТЛТ-15"", ""source"": ""builtin"", ""voltage"": 220, ""max_temperature"": 65, ""min_temperature"": -40, ""power_per_meter"": 15}, {""brand"": ""ТЛТ"", ""model"": ""ТЛТ-20"", ""source"": ""builtin"", ""voltage"": 220, ""max_temperature"": 65, ""min_temperature"": -40, ""power_per_meter"": 20}, {""brand"": ""ТЛТ"", ""model"": ""ТЛТ-25"", ""source"": ""builtin"", ""voltage"": 220, ""max_temperature"": 85, ""min_temperature"": -50, ""power_per_meter"": 25}, {""brand"": ""ТЛТ"", ""model"": ""ТЛТ-30"", ""source"": ""builtin"", ""voltage"": 220, ""max_temperature"": 85, ""min_temperature"": -50, ""power_per_meter"": 30}, {""brand"": ""ТЛТ"", ""model"": ""ТЛТ-40"", ""source"": ""builtin"", ""voltage"": 220, ""max_temperature"": 110, ""min_temperature"": -50, ""power_per_meter"": 40}, {""brand"": ""ТЛТ"", ""model"": ""ТЛТ-50"", ""source"": ""builtin"", ""voltage"": 220, ""max_temperature"": 110, ""min_temperature"": -50, ""power_per_meter"": 50}, {""brand"": ""ТЛТ"", ""model"": ""ТЛТ-60"", ""source"": ""builtin"", ""voltage"": 220, ""max_temperature"": 120, ""min_temperature"": -55, ""power_per_meter"": 60}, {""brand"": ""ТЛТ"", ""model"": ""ТЛТ-75"", ""source"": ""builtin"", ""voltage"": 220, ""max_temperature"": 120, ""min_temperature"": -55, ""power_per_meter"": 75}, {""brand"": ""ТЛТ"", ""model"": ""ТЛТ-100"", ""source"": ""builtin"", ""voltage"": 220, ""max_temperature"": 150, ""min_temperature"": -60, ""power_per_meter"": 100}], ""safety_factor"": 1.1, ""supply_voltage"": 220.0, ""ambient_temperature"": -10.0, ""process_temperature"": 40.0, ""required_power_per_meter"": 18.71}";"{""current"": 0.5, ""voltage"": 220.0, ""total_power"": 110.0, ""cable_length"": 4.4, ""selected_cable"": ""ТЛТ-25""}"
Прям. бак №7;3;self_regulating;ТЛТ-40;"{""cable_mark"": null, ""pipe_length"": 4.0, ""cable_catalog"": [{""brand"": ""ТЛТ"", ""model"": ""ТЛТ-10"", ""source"": ""builtin"", ""voltage"": 220, ""max_temperature"": 65, ""min_temperature"": -40, ""power_per_meter"": 10}, {""brand"": ""ТЛТ"", ""model"": ""ТЛТ-15"", ""source"": ""builtin"", ""voltage"": 220, ""max_temperature"": 65, ""min_temperature"": -40, ""power_per_meter"": 15}, {""brand"": ""ТЛТ"", ""model"": ""ТЛТ-20"", ""source"": ""builtin"", ""voltage"": 220, ""max_temperature"": 65, ""min_temperature"": -40, ""power_per_meter"": 20}, {""brand"": ""ТЛТ"", ""model"": ""ТЛТ-25"", ""source"": ""builtin"", ""voltage"": 220, ""max_temperature"": 85, ""min_temperature"": -50, ""power_per_meter"": 25}, {""brand"": ""ТЛТ"", ""model"": ""ТЛТ-30"", ""source"": ""builtin"", ""voltage"": 220, ""max_temperature"": 85, ""min_temperature"": -50, ""power_per_meter"": 30}, {""brand"": ""ТЛТ"", ""model"": ""ТЛТ-40"", ""source"": ""builtin"", ""voltage"": 220, ""max_temperature"": 110, ""min_temperature"": -50, ""power_per_meter"": 40}, {""brand"": ""ТЛТ"", ""model"": ""ТЛТ-50"", ""source"": ""builtin"", ""voltage"": 220, ""max_temperature"": 110, ""min_temperature"": -50, ""power_per_meter"": 50}, {""brand"": ""ТЛТ"", ""model"": ""ТЛТ-60"", ""source"": ""builtin"", ""voltage"": 220, ""max_temperature"": 120, ""min_temperature"": -55, ""power_per_meter"": 60}, {""brand"": ""ТЛТ"", ""model"": ""ТЛТ-75"", ""source"": ""builtin"", ""voltage"": 220, ""max_temperature"": 120, ""min_temperature"": -55, ""power_per_meter"": 75}, {""brand"": ""ТЛТ"", ""model"": ""ТЛТ-100"", ""source"": ""builtin"", ""voltage"": 220, ""max_temperature"": 150, ""min_temperature"": -60, ""power_per_meter"": 100}], ""safety_factor"": 1.1, ""supply_voltage"": 220.0, ""ambient_temperature"": -20.0, ""process_temperature"": 80.0, ""required_power_per_meter"": 29.244}";"{""current"": 0.8, ""voltage"": 220.0, ""total_power"": 176.0, ""cable_length"": 4.4, ""selected_cable"": ""ТЛТ-40""}"
Прям. бак №15;3;self_regulating;ТЛТ-20;"{""cable_mark"": null, ""pipe_length"": 3.0, ""cable_catalog"": [{""brand"": ""ТЛТ"", ""model"": ""ТЛТ-10"", ""source"": ""builtin"", ""voltage"": 220, ""max_temperature"": 65, ""min_temperature"": -40, ""power_per_meter"": 10}, {""brand"": ""ТЛТ"", ""model"": ""ТЛТ-15"", ""source"": ""builtin"", ""voltage"": 220, ""max_temperature"": 65, ""min_temperature"": -40, ""power_per_meter"": 15}, {""brand"": ""ТЛТ"", ""model"": ""ТЛТ-20"", ""source"": ""builtin"", ""voltage"": 220, ""max_temperature"": 65, ""min_temperature"": -40, ""power_per_meter"": 20}, {""brand"": ""ТЛТ"", ""model"": ""ТЛТ-25"", ""source"": ""builtin"", ""voltage"": 220, ""max_temperature"": 85, ""min_temperature"": -50, ""power_per_meter"": 25}, {""brand"": ""ТЛТ"", ""model"": ""ТЛТ-30"", ""source"": ""builtin"", ""voltage"": 220, ""max_temperature"": 85, ""min_temperature"": -50, ""power_per_meter"": 30}, {""brand"": ""ТЛТ"", ""model"": ""ТЛТ-40"", ""source"": ""builtin"", ""voltage"": 220, ""max_temperature"": 110, ""min_temperature"": -50, ""power_per_meter"": 40}, {""brand"": ""ТЛТ"", ""model"": ""ТЛТ-50"", ""source"": ""builtin"", ""voltage"": 220, ""max_temperature"": 110, ""min_temperature"": -50, ""power_per_meter"": 50}, {""brand"": ""ТЛТ"", ""model"": ""ТЛТ-60"", ""source"": ""builtin"", ""voltage"": 220, ""max_temperature"": 120, ""min_temperature"": -55, ""power_per_meter"": 60}, {""brand"": ""ТЛТ"", ""model"": ""ТЛТ-75"", ""source"": ""builtin"", ""voltage"": 220, ""max_temperature"": 120, ""min_temperature"": -55, ""power_per_meter"": 75}, {""brand"": ""ТЛТ"", ""model"": ""ТЛТ-100"", ""source"": ""builtin"", ""voltage"": 220, ""max_temperature"": 150, ""min_temperature"": -60, ""power_per_meter"": 100}], ""safety_factor"": 1.1, ""supply_voltage"": 220.0, ""ambient_temperature"": 10.0, ""process_temperature"": 60.0, ""required_power_per_meter"": 15.413}";"{""current"": 0.3, ""voltage"": 220.0, ""total_power"": 66.0, ""cable_length"": 3.3, ""selected_cable"": ""ТЛТ-20""}"
Цил. бак №24;3;self_regulating;ТЛТ-50;"{""cable_mark"": null, ""pipe_length"": 6.0, ""cable_catalog"": [{""brand"": ""ТЛТ"", ""model"": ""ТЛТ-10"", ""source"": ""builtin"", ""voltage"": 220, ""max_temperature"": 65, ""min_temperature"": -40, ""power_per_meter"": 10}, {""brand"": ""ТЛТ"", ""model"": ""ТЛТ-15"", ""source"": ""builtin"", ""voltage"": 220, ""max_temperature"": 65, ""min_temperature"": -40, ""power_per_meter"": 15}, {""brand"": ""ТЛТ"", ""model"": ""ТЛТ-20"", ""source"": ""builtin"", ""voltage"": 220, ""max_temperature"": 65, ""min_temperature"": -40, ""power_per_meter"": 20}, {""brand"": ""ТЛТ"", ""model"": ""ТЛТ-25"", ""source"": ""builtin"", ""voltage"": 220, ""max_temperature"": 85, ""min_temperature"": -50, ""power_per_meter"": 25}, {""brand"": ""ТЛТ"", ""model"": ""ТЛТ-30"", ""source"": ""builtin"", ""voltage"": 220, ""max_temperature"": 85, ""min_temperature"": -50, ""power_per_meter"": 30}, {""brand"": ""ТЛТ"", ""model"": ""ТЛТ-40"", ""source"": ""builtin"", ""voltage"": 220, ""max_temperature"": 110, ""min_temperature"": -50, ""power_per_meter"": 40}, {""brand"": ""ТЛТ"", ""model"": ""ТЛТ-50"", ""source"": ""builtin"", ""voltage"": 220, ""max_temperature"": 110, ""min_temperature"": -50, ""power_per_meter"": 50}, {""brand"": ""ТЛТ"", ""model"": ""ТЛТ-60"", ""source"": ""builtin"", ""voltage"": 220, ""max_temperature"": 120, ""min_temperature"": -55, ""power_per_meter"": 60}, {""brand"": ""ТЛТ"", ""model"": ""ТЛТ-75"", ""source"": ""builtin"", ""voltage"": 220, ""max_temperature"": 120, ""min_temperature"": -55, ""power_per_meter"": 75}, {""brand"": ""ТЛТ"", ""model"": ""ТЛТ-100"", ""source"": ""builtin"", ""voltage"": 220, ""max_temperature"": 150, ""min_temperature"": -60, ""power_per_meter"": 100}], ""safety_factor"": 1.1, ""supply_voltage"": 220.0, ""ambient_temperature"": 0.0, ""process_temperature"": 100.0, ""required_power_per_meter"": 41.773}";"{""current"": 1.5, ""voltage"": 220.0, ""total_power"": 330.0, ""cable_length"": 6.6, ""selected_cable"": ""ТЛТ-50""}"
Прям. бак №19;3;self_regulating;ТЛТ-50;"{""cable_mark"": null, ""pipe_length"": 4.0, ""cable_catalog"": [{""brand"": ""ТЛТ"", ""model"": ""ТЛТ-10"", ""source"": ""builtin"", ""voltage"": 220, ""max_temperature"": 65, ""min_temperature"": -40, ""power_per_meter"": 10}, {""brand"": ""ТЛТ"", ""model"": ""ТЛТ-15"", ""source"": ""builtin"", ""voltage"": 220, ""max_temperature"": 65, ""min_temperature"": -40, ""power_per_meter"": 15}, {""brand"": ""ТЛТ"", ""model"": ""ТЛТ-20"", ""source"": ""builtin"", ""voltage"": 220, ""max_temperature"": 65, ""min_temperature"": -40, ""power_per_meter"": 20}, {""brand"": ""ТЛТ"", ""model"": ""ТЛТ-25"", ""source"": ""builtin"", ""voltage"": 220, ""max_temperature"": 85, ""min_temperature"": -50, ""power_per_meter"": 25}, {""brand"": ""ТЛТ"", ""model"": ""ТЛТ-30"", ""source"": ""builtin"", ""voltage"": 220, ""max_temperature"": 85, ""min_temperature"": -50, ""power_per_meter"": 30}, {""brand"": ""ТЛТ"", ""model"": ""ТЛТ-40"", ""source"": ""builtin"", ""voltage"": 220, ""max_temperature"": 110, ""min_temperature"": -50, ""power_per_meter"": 40}, {""brand"": ""ТЛТ"", ""model"": ""ТЛТ-50"", ""source"": ""builtin"", ""voltage"": 220, ""max_temperature"": 110, ""min_temperature"": -50, ""power_per_meter"": 50}, {""brand"": ""ТЛТ"", ""model"": ""ТЛТ-60"", ""source"": ""builtin"", ""voltage"": 220, ""max_temperature"": 120, ""min_temperature"": -55, ""power_per_meter"": 60}, {""brand"": ""ТЛТ"", ""model"": ""ТЛТ-75"", ""source"": ""builtin"", ""voltage"": 220, ""max_temperature"": 120, ""min_temperature"": -55, ""power_per_meter"": 75}, {""brand"": ""ТЛТ"", ""model"": ""ТЛТ-100"", ""source"": ""builtin"", ""voltage"": 220, ""max_temperature"": 150, ""min_temperature"": -60, ""power_per_meter"": 100}], ""safety_factor"": 1.1, ""supply_voltage"": 220.0, ""ambient_temperature"": 10.0, ""process_temperature"": 80.0, ""required_power_per_meter"": 43.086}";"{""current"": 1.0, ""voltage"": 220.0, ""total_power"": 220.0, ""cable_length"": 4.4, ""selected_cable"": ""ТЛТ-50""}"
Цил. бак №5;3;self_regulating;ТЛТ-50;"{""cable_mark"": null, ""pipe_length"": 5.0, ""cable_catalog"": [{""brand"": ""ТЛТ"", ""model"": ""ТЛТ-10"", ""source"": ""builtin"", ""voltage"": 220, ""max_temperature"": 65, ""min_temperature"": -40, ""power_per_meter"": 10}, {""brand"": ""ТЛТ"", ""model"": ""ТЛТ-15"", ""source"": ""builtin"", ""voltage"": 220, ""max_temperature"": 65, ""min_temperature"": -40, ""power_per_meter"": 15}, {""brand"": ""ТЛТ"", ""model"": ""ТЛТ-20"", ""source"": ""builtin"", ""voltage"": 220, ""max_temperature"": 65, ""min_temperature"": -40, ""power_per_meter"": 20}, {""brand"": ""ТЛТ"", ""model"": ""ТЛТ-25"", ""source"": ""builtin"", ""voltage"": 220, ""max_temperature"": 85, ""min_temperature"": -50, ""power_per_meter"": 25}, {""brand"": ""ТЛТ"", ""model"": ""ТЛТ-30"", ""source"": ""builtin"", ""voltage"": 220, ""max_temperature"": 85, ""min_temperature"": -50, ""power_per_meter"": 30}, {""brand"": ""ТЛТ"", ""model"": ""ТЛТ-40"", ""source"": ""builtin"", ""voltage"": 220, ""max_temperature"": 110, ""min_temperature"": -50, ""power_per_meter"": 40}, {""brand"": ""ТЛТ"", ""model"": ""ТЛТ-50"", ""source"": ""builtin"", ""voltage"": 220, ""max_temperature"": 110, ""min_temperature"": -50, ""power_per_meter"": 50}, {""brand"": ""ТЛТ"", ""model"": ""ТЛТ-60"", ""source"": ""builtin"", ""voltage"": 220, ""max_temperature"": 120, ""min_temperature"": -55, ""power_per_meter"": 60}, {""brand"": ""ТЛТ"", ""model"": ""ТЛТ-75"", ""source"": ""builtin"", ""voltage"": 220, ""max_temperature"": 120, ""min_temperature"": -55, ""power_per_meter"": 75}, {""brand"": ""ТЛТ"", ""model"": ""ТЛТ-100"", ""source"": ""builtin"", ""voltage"": 220, ""max_temperature"": 150, ""min_temperature"": -60, ""power_per_meter"": 100}], ""safety_factor"": 1.1, ""supply_voltage"": 220.0, ""ambient_temperature"": -10.0, ""process_temperature"": 60.0, ""required_power_per_meter"": 37.554}";"{""current"": 1.25, ""voltage"": 220.0, ""total_power"": 275.0, ""cable_length"": 5.5, ""selected_cable"": ""ТЛТ-50""}"
Прям. бак №14;3;self_regulating;ТЛТ-50;"{""cable_mark"": null, ""pipe_length"": 2.0, ""cable_catalog"": [{""brand"": ""ТЛТ"", ""model"": ""ТЛТ-10"", ""source"": ""builtin"", ""voltage"": 220, ""max_temperature"": 65, ""min_temperature"": -40, ""power_per_meter"": 10}, {""brand"": ""ТЛТ"", ""model"": ""ТЛТ-15"", ""source"": ""builtin"", ""voltage"": 220, ""max_temperature"": 65, ""min_temperature"": -40, ""power_per_meter"": 15}, {""brand"": ""ТЛТ"", ""model"": ""ТЛТ-20"", ""source"": ""builtin"", ""voltage"": 220, ""max_temperature"": 65, ""min_temperature"": -40, ""power_per_meter"": 20}, {""brand"": ""ТЛТ"", ""model"": ""ТЛТ-25"", ""source"": ""builtin"", ""voltage"": 220, ""max_temperature"": 85, ""min_temperature"": -50, ""power_per_meter"": 25}, {""brand"": ""ТЛТ"", ""model"": ""ТЛТ-30"", ""source"": ""builtin"", ""voltage"": 220, ""max_temperature"": 85, ""min_temperature"": -50, ""power_per_meter"": 30}, {""brand"": ""ТЛТ"", ""model"": ""ТЛТ-40"", ""source"": ""builtin"", ""voltage"": 220, ""max_temperature"": 110, ""min_temperature"": -50, ""power_per_meter"": 40}, {""brand"": ""ТЛТ"", ""model"": ""ТЛТ-50"", ""source"": ""builtin"", ""voltage"": 220, ""max_temperature"": 110, ""min_temperature"": -50, ""power_per_meter"": 50}, {""brand"": ""ТЛТ"", ""model"": ""ТЛТ-60"", ""source"": ""builtin"", ""voltage"": 220, ""max_temperature"": 120, ""min_temperature"": -55, ""power_per_meter"": 60}, {""brand"": ""ТЛТ"", ""model"": ""ТЛТ-75"", ""source"": ""builtin"", ""voltage"": 220, ""max_temperature"": 120, ""min_temperature"": -55, ""power_per_meter"": 75}, {""brand"": ""ТЛТ"", ""model"": ""ТЛТ-100"", ""source"": ""builtin"", ""voltage"": 220, ""max_temperature"": 150, ""min_temperature"": -60, ""power_per_meter"": 100}], ""safety_factor"": 1.1, ""supply_voltage"": 220.0, ""ambient_temperature"": -20.0, ""process_temperature"": 100.0, ""required_power_per_meter"": 36.99}";"{""current"": 0.5, ""voltage"": 220.0, ""total_power"": 110.0, ""cable_length"": 2.2, ""selected_cable"": ""ТЛТ-50""}"
Цил. бак №23;3;self_regulating;ТЛТ-50;"{""cable_mark"": null, ""pipe_length"": 3.0, ""cable_catalog"": [{""brand"": ""ТЛТ"", ""model"": ""ТЛТ-10"", ""source"": ""builtin"", ""voltage"": 220, ""max_temperature"": 65, ""min_temperature"": -40, ""power_per_meter"": 10}, {""brand"": ""ТЛТ"", ""model"": ""ТЛТ-15"", ""source"": ""builtin"", ""voltage"": 220, ""max_temperature"": 65, ""min_temperature"": -40, ""power_per_meter"": 15}, {""brand"": ""ТЛТ"", ""model"": ""ТЛТ-20"", ""source"": ""builtin"", ""voltage"": 220, ""max_temperature"": 65, ""min_temperature"": -40, ""power_per_meter"": 20}, {""brand"": ""ТЛТ"", ""model"": ""ТЛТ-25"", ""source"": ""builtin"", ""voltage"": 220, ""max_temperature"": 85, ""min_temperature"": -50, ""power_per_meter"": 25}, {""brand"": ""ТЛТ"", ""model"": ""ТЛТ-30"", ""source"": ""builtin"", ""voltage"": 220, ""max_temperature"": 85, ""min_temperature"": -50, ""power_per_meter"": 30}, {""brand"": ""ТЛТ"", ""model"": ""ТЛТ-40"", ""source"": ""builtin"", ""voltage"": 220, ""max_temperature"": 110, ""min_temperature"": -50, ""power_per_meter"": 40}, {""brand"": ""ТЛТ"", ""model"": ""ТЛТ-50"", ""source"": ""builtin"", ""voltage"": 220, ""max_temperature"": 110, ""min_temperature"": -50, ""power_per_meter"": 50}, {""brand"": ""ТЛТ"", ""model"": ""ТЛТ-60"", ""source"": ""builtin"", ""voltage"": 220, ""max_temperature"": 120, ""min_temperature"": -55, ""power_per_meter"": 60}, {""brand"": ""ТЛТ"", ""model"": ""ТЛТ-75"", ""source"": ""builtin"", ""voltage"": 220, ""max_temperature"": 120, ""min_temperature"": -55, ""power_per_meter"": 75}, {""brand"": ""ТЛТ"", ""model"": ""ТЛТ-100"", ""source"": ""builtin"", ""voltage"": 220, ""max_temperature"": 150, ""min_temperature"": -60, ""power_per_meter"": 100}], ""safety_factor"": 1.1, ""supply_voltage"": 220.0, ""ambient_temperature"": -40.0, ""process_temperature"": 40.0, ""required_power_per_meter"": 41.4}";"{""current"": 0.75, ""voltage"": 220.0, ""total_power"": 165.0, ""cable_length"": 3.3, ""selected_cable"": ""ТЛТ-50""}"
Цил. бак №29;3;self_regulating;ТЛТ-30;"{""cable_mark"": null, ""pipe_length"": 4.0, ""cable_catalog"": [{""brand"": ""ТЛТ"", ""model"": ""ТЛТ-10"", ""source"": ""builtin"", ""voltage"": 220, ""max_temperature"": 65, ""min_temperature"": -40, ""power_per_meter"": 10}, {""brand"": ""ТЛТ"", ""model"": ""ТЛТ-15"", ""source"": ""builtin"", ""voltage"": 220, ""max_temperature"": 65, ""min_temperature"": -40, ""power_per_meter"": 15}, {""brand"": ""ТЛТ"", ""model"": ""ТЛТ-20"", ""source"": ""builtin"", ""voltage"": 220, ""max_temperature"": 65, ""min_temperature"": -40, ""power_per_meter"": 20}, {""brand"": ""ТЛТ"", ""model"": ""ТЛТ-25"", ""source"": ""builtin"", ""voltage"": 220, ""max_temperature"": 85, ""min_temperature"": -50, ""power_per_meter"": 25}, {""brand"": ""ТЛТ"", ""model"": ""ТЛТ-30"", ""source"": ""builtin"", ""voltage"": 220, ""max_temperature"": 85, ""min_temperature"": -50, ""power_per_meter"": 30}, {""brand"": ""ТЛТ"", ""model"": ""ТЛТ-40"", ""source"": ""builtin"", ""voltage"": 220, ""max_temperature"": 110, ""min_temperature"": -50, ""power_per_meter"": 40}, {""brand"": ""ТЛТ"", ""model"": ""ТЛТ-50"", ""source"": ""builtin"", ""voltage"": 220, ""max_temperature"": 110, ""min_temperature"": -50, ""power_per_meter"": 50}, {""brand"": ""ТЛТ"", ""model"": ""ТЛТ-60"", ""source"": ""builtin"", ""voltage"": 220, ""max_temperature"": 120, ""min_temperature"": -55, ""power_per_meter"": 60}, {""brand"": ""ТЛТ"", ""model"": ""ТЛТ-75"", ""source"": ""builtin"", ""voltage"": 220, ""max_temperature"": 120, ""min_temperature"": -55, ""power_per_meter"": 75}, {""brand"": ""ТЛТ"", ""model"": ""ТЛТ-100"", ""source"": ""builtin"", ""voltage"": 220, ""max_temperature"": 150, ""min_temperature"": -60, ""power_per_meter"": 100}], ""safety_factor"": 1.1, ""supply_voltage"": 220.0, ""ambient_temperature"": -30.0, ""process_temperature"": 80.0, ""required_power_per_meter"": 25.161}";"{""current"": 0.6, ""voltage"": 220.0, ""total_power"": 132.0, ""cable_length"": 4.4, ""selected_cable"": ""ТЛТ-30""}"
Прям. бак №33;3;self_regulating;ТЛТ-10;"{""cable_mark"": null, ""pipe_length"": 3.0, ""cable_catalog"": [{""brand"": ""ТЛТ"", ""model"": ""ТЛТ-10"", ""source"": ""builtin"", ""voltage"": 220, ""max_temperature"": 65, ""min_temperature"": -40, ""power_per_meter"": 10}, {""brand"": ""ТЛТ"", ""model"": ""ТЛТ-15"", ""source"": ""builtin"", ""voltage"": 220, ""max_temperature"": 65, ""min_temperature"": -40, ""power_per_meter"": 15}, {""brand"": ""ТЛТ"", ""model"": ""ТЛТ-20"", ""source"": ""builtin"", ""voltage"": 220, ""max_temperature"": 65, ""min_temperature"": -40, ""power_per_meter"": 20}, {""brand"": ""ТЛТ"", ""model"": ""ТЛТ-25"", ""source"": ""builtin"", ""voltage"": 220, ""max_temperature"": 85, ""min_temperature"": -50, ""power_per_meter"": 25}, {""brand"": ""ТЛТ"", ""model"": ""ТЛТ-30"", ""source"": ""builtin"", ""voltage"": 220, ""max_temperature"": 85, ""min_temperature"": -50, ""power_per_meter"": 30}, {""brand"": ""ТЛТ"", ""model"": ""ТЛТ-40"", ""source"": ""builtin"", ""voltage"": 220, ""max_temperature"": 110, ""min_temperature"": -50, ""power_per_meter"": 40}, {""brand"": ""ТЛТ"", ""model"": ""ТЛТ-50"", ""source"": ""builtin"", ""voltage"": 220, ""max_temperature"": 110, ""min_temperature"": -50, ""power_per_meter"": 50}, {""brand"": ""ТЛТ"", ""model"": ""ТЛТ-60"", ""source"": ""builtin"", ""voltage"": 220, ""max_temperature"": 120, ""min_temperature"": -55, ""power_per_meter"": 60}, {""brand"": ""ТЛТ"", ""model"": ""ТЛТ-75"", ""source"": ""builtin"", ""voltage"": 220, ""max_temperature"": 120, ""min_temperature"": -55, ""power_per_meter"": 75}, {""brand"": ""ТЛТ"", ""model"": ""ТЛТ-100"", ""source"": ""builtin"", ""voltage"": 220, ""max_temperature"": 150, ""min_temperature"": -60, ""power_per_meter"": 100}], ""safety_factor"": 1.1, ""supply_voltage"": 220.0, ""ambient_temperature"": 10.0, ""process_temperature"": 40.0, ""required_power_per_meter"": 4.15}";"{""current"": 0.15, ""voltage"": 220.0, ""total_power"": 33.0, ""cable_length"": 3.3, ""selected_cable"": ""ТЛТ-10""}"
Труба DN108 №57;3;self_regulating;ТЛТ-50;"{""cable_mark"": null, ""pipe_length"": 26.8, ""cable_catalog"": [{""brand"": ""ТЛТ"", ""model"": ""ТЛТ-10"", ""source"": ""builtin"", ""voltage"": 220, ""max_temperature"": 65, ""min_temperature"": -40, ""power_per_meter"": 10}, {""brand"": ""ТЛТ"", ""model"": ""ТЛТ-15"", ""source"": ""builtin"", ""voltage"": 220, ""max_temperature"": 65, ""min_temperature"": -40, ""power_per_meter"": 15}, {""brand"": ""ТЛТ"", ""model"": ""ТЛТ-20"", ""source"": ""builtin"", ""voltage"": 220, ""max_temperature"": 65, ""min_temperature"": -40, ""power_per_meter"": 20}, {""brand"": ""ТЛТ"", ""model"": ""ТЛТ-25"", ""source"": ""builtin"", ""voltage"": 220, ""max_temperature"": 85, ""min_temperature"": -50, ""power_per_meter"": 25}, {""brand"": ""ТЛТ"", ""model"": ""ТЛТ-30"", ""source"": ""builtin"", ""voltage"": 220, ""max_temperature"": 85, ""min_temperature"": -50, ""power_per_meter"": 30}, {""brand"": ""ТЛТ"", ""model"": ""ТЛТ-40"", ""source"": ""builtin"", ""voltage"": 220, ""max_temperature"": 110, ""min_temperature"": -50, ""power_per_meter"": 40}, {""brand"": ""ТЛТ"", ""model"": ""ТЛТ-50"", ""source"": ""builtin"", ""voltage"": 220, ""max_temperature"": 110, ""min_temperature"": -50, ""power_per_meter"": 50}, {""brand"": ""ТЛТ"", ""model"": ""ТЛТ-60"", ""source"": ""builtin"", ""voltage"": 220, ""max_temperature"": 120, ""min_temperature"": -55, ""power_per_meter"": 60}, {""brand"": ""ТЛТ"", ""model"": ""ТЛТ-75"", ""source"": ""builtin"", ""voltage"": 220, ""max_temperature"": 120, ""min_temperature"": -55, ""power_per_meter"": 75}, {""brand"": ""ТЛТ"", ""model"": ""ТЛТ-100"", ""source"": ""builtin"", ""voltage"": 220, ""max_temperature"": 150, ""min_temperature"": -60, ""power_per_meter"": 100}], ""safety_factor"": 1.1, ""supply_voltage"": 220.0, ""ambient_temperature"": -15.0, ""process_temperature"": 60.0, ""required_power_per_meter"": 38.852}";"{""current"": 6.7, ""voltage"": 220.0, ""total_power"": 1474.0, ""cable_length"": 29.48, ""selected_cable"": ""ТЛТ-50""}"
Прям. бак №1;3;self_regulating;ТЛТ-75;"{""cable_mark"": null, ""pipe_length"": 3.0, ""cable_catalog"": [{""brand"": ""ТЛТ"", ""model"": ""ТЛТ-10"", ""source"": ""builtin"", ""voltage"": 220, ""max_temperature"": 65, ""min_temperature"": -40, ""power_per_meter"": 10}, {""brand"": ""ТЛТ"", ""model"": ""ТЛТ-15"", ""source"": ""builtin"", ""voltage"": 220, ""max_temperature"": 65, ""min_temperature"": -40, ""power_per_meter"": 15}, {""brand"": ""ТЛТ"", ""model"": ""ТЛТ-20"", ""source"": ""builtin"", ""voltage"": 220, ""max_temperature"": 65, ""min_temperature"": -40, ""power_per_meter"": 20}, {""brand"": ""ТЛТ"", ""model"": ""ТЛТ-25"", ""source"": ""builtin"", ""voltage"": 220, ""max_temperature"": 85, ""min_temperature"": -50, ""power_per_meter"": 25}, {""brand"": ""ТЛТ"", ""model"": ""ТЛТ-30"", ""source"": ""builtin"", ""voltage"": 220, ""max_temperature"": 85, ""min_temperature"": -50, ""power_per_meter"": 30}, {""brand"": ""ТЛТ"", ""model"": ""ТЛТ-40"", ""source"": ""builtin"", ""voltage"": 220, ""max_temperature"": 110, ""min_temperature"": -50, ""power_per_meter"": 40}, {""brand"": ""ТЛТ"", ""model"": ""ТЛТ-50"", ""source"": ""builtin"", ""voltage"": 220, ""max_temperature"": 110, ""min_temperature"": -50, ""power_per_meter"": 50}, {""brand"": ""ТЛТ"", ""model"": ""ТЛТ-60"", ""source"": ""builtin"", ""voltage"": 220, ""max_temperature"": 120, ""min_temperature"": -55, ""power_per_meter"": 60}, {""brand"": ""ТЛТ"", ""model"": ""ТЛТ-75"", ""source"": ""builtin"", ""voltage"": 220, ""max_temperature"": 120, ""min_temperature"": -55, ""power_per_meter"": 75}, {""brand"": ""ТЛТ"", ""model"": ""ТЛТ-100"", ""source"": ""builtin"", ""voltage"": 220, ""max_temperature"": 150, ""min_temperature"": -60, ""power_per_meter"": 100}], ""safety_factor"": 1.1, ""supply_voltage"": 220.0, ""ambient_temperature"": -20.0, ""process_temperature"": 60.0, ""required_power_per_meter"": 56.356}";"{""current"": 1.125, ""voltage"": 220.0, ""total_power"": 247.5, ""cable_length"": 3.3, ""selected_cable"": ""ТЛТ-75""}"
Прям. бак №6;3;self_regulating;ТЛТ-75;"{""cable_mark"": null, ""pipe_length"": 3.0, ""cable_catalog"": [{""brand"": ""ТЛТ"", ""model"": ""ТЛТ-10"", ""source"": ""builtin"", ""voltage"": 220, ""max_temperature"": 65, ""min_temperature"": -40, ""power_per_meter"": 10}, {""brand"": ""ТЛТ"", ""model"": ""ТЛТ-15"", ""source"": ""builtin"", ""voltage"": 220, ""max_temperature"": 65, ""min_temperature"": -40, ""power_per_meter"": 15}, {""brand"": ""ТЛТ"", ""model"": ""ТЛТ-20"", ""source"": ""builtin"", ""voltage"": 220, ""max_temperature"": 65, ""min_temperature"": -40, ""power_per_meter"": 20}, {""brand"": ""ТЛТ"", ""model"": ""ТЛТ-25"", ""source"": ""builtin"", ""voltage"": 220, ""max_temperature"": 85, ""min_temperature"": -50, ""power_per_meter"": 25}, {""brand"": ""ТЛТ"", ""model"": ""ТЛТ-30"", ""source"": ""builtin"", ""voltage"": 220, ""max_temperature"": 85, ""min_temperature"": -50, ""power_per_meter"": 30}, {""brand"": ""ТЛТ"", ""model"": ""ТЛТ-40"", ""source"": ""builtin"", ""voltage"": 220, ""max_temperature"": 110, ""min_temperature"": -50, ""power_per_meter"": 40}, {""brand"": ""ТЛТ"", ""model"": ""ТЛТ-50"", ""source"": ""builtin"", ""voltage"": 220, ""max_temperature"": 110, ""min_temperature"": -50, ""power_per_meter"": 50}, {""brand"": ""ТЛТ"", ""model"": ""ТЛТ-60"", ""source"": ""builtin"", ""voltage"": 220, ""max_temperature"": 120, ""min_temperature"": -55, ""power_per_meter"": 60}, {""brand"": ""ТЛТ"", ""model"": ""ТЛТ-75"", ""source"": ""builtin"", ""voltage"": 220, ""max_temperature"": 120, ""min_temperature"": -55, ""power_per_meter"": 75}, {""brand"": ""ТЛТ"", ""model"": ""ТЛТ-100"", ""source"": ""builtin"", ""voltage"": 220, ""max_temperature"": 150, ""min_temperature"": -60, ""power_per_meter"": 100}], ""safety_factor"": 1.1, ""supply_voltage"": 220.0, ""ambient_temperature"": -30.0, ""process_temperature"": 40.0, ""required_power_per_meter"": 62.462}";"{""current"": 1.125, ""voltage"": 220.0, ""total_power"": 247.5, ""cable_length"": 3.3, ""selected_cable"": ""ТЛТ-75""}"
Шар. бак №12;3;self_regulating;ТЛТ-10;"{""cable_mark"": null, ""pipe_length"": 1.0, ""cable_catalog"": [{""brand"": ""ТЛТ"", ""model"": ""ТЛТ-10"", ""source"": ""builtin"", ""voltage"": 220, ""max_temperature"": 65, ""min_temperature"": -40, ""power_per_meter"": 10}, {""brand"": ""ТЛТ"", ""model"": ""ТЛТ-15"", ""source"": ""builtin"", ""voltage"": 220, ""max_temperature"": 65, ""min_temperature"": -40, ""power_per_meter"": 15}, {""brand"": ""ТЛТ"", ""model"": ""ТЛТ-20"", ""source"": ""builtin"", ""voltage"": 220, ""max_temperature"": 65, ""min_temperature"": -40, ""power_per_meter"": 20}, {""brand"": ""ТЛТ"", ""model"": ""ТЛТ-25"", ""source"": ""builtin"", ""voltage"": 220, ""max_temperature"": 85, ""min_temperature"": -50, ""power_per_meter"": 25}, {""brand"": ""ТЛТ"", ""model"": ""ТЛТ-30"", ""source"": ""builtin"", ""voltage"": 220, ""max_temperature"": 85, ""min_temperature"": -50, ""power_per_meter"": 30}, {""brand"": ""ТЛТ"", ""model"": ""ТЛТ-40"", ""source"": ""builtin"", ""voltage"": 220, ""max_temperature"": 110, ""min_temperature"": -50, ""power_per_meter"": 40}, {""brand"": ""ТЛТ"", ""model"": ""ТЛТ-50"", ""source"": ""builtin"", ""voltage"": 220, ""max_temperature"": 110, ""min_temperature"": -50, ""power_per_meter"": 50}, {""brand"": ""ТЛТ"", ""model"": ""ТЛТ-60"", ""source"": ""builtin"", ""voltage"": 220, ""max_temperature"": 120, ""min_temperature"": -55, ""power_per_meter"": 60}, {""brand"": ""ТЛТ"", ""model"": ""ТЛТ-75"", ""source"": ""builtin"", ""voltage"": 220, ""max_temperature"": 120, ""min_temperature"": -55, ""power_per_meter"": 75}, {""brand"": ""ТЛТ"", ""model"": ""ТЛТ-100"", ""source"": ""builtin"", ""voltage"": 220, ""max_temperature"": 150, ""min_temperature"": -60, ""power_per_meter"": 100}], ""safety_factor"": 1.1, ""supply_voltage"": 220.0, ""ambient_temperature"": 10.0, ""process_temperature"": 60.0, ""required_power_per_meter"": 6.917}";"{""current"": 0.05, ""voltage"": 220.0, ""total_power"": 11.0, ""cable_length"": 1.1, ""selected_cable"": ""ТЛТ-10""}"
Шар. бак №21;3;self_regulating;ТЛТ-40;"{""cable_mark"": null, ""pipe_length"": 1.0, ""cable_catalog"": [{""brand"": ""ТЛТ"", ""model"": ""ТЛТ-10"", ""source"": ""builtin"", ""voltage"": 220, ""max_temperature"": 65, ""min_temperature"": -40, ""power_per_meter"": 10}, {""brand"": ""ТЛТ"", ""model"": ""ТЛТ-15"", ""source"": ""builtin"", ""voltage"": 220, ""max_temperature"": 65, ""min_temperature"": -40, ""power_per_meter"": 15}, {""brand"": ""ТЛТ"", ""model"": ""ТЛТ-20"", ""source"": ""builtin"", ""voltage"": 220, ""max_temperature"": 65, ""min_temperature"": -40, ""power_per_meter"": 20}, {""brand"": ""ТЛТ"", ""model"": ""ТЛТ-25"", ""source"": ""builtin"", ""voltage"": 220, ""max_temperature"": 85, ""min_temperature"": -50, ""power_per_meter"": 25}, {""brand"": ""ТЛТ"", ""model"": ""ТЛТ-30"", ""source"": ""builtin"", ""voltage"": 220, ""max_temperature"": 85, ""min_temperature"": -50, ""power_per_meter"": 30}, {""brand"": ""ТЛТ"", ""model"": ""ТЛТ-40"", ""source"": ""builtin"", ""voltage"": 220, ""max_temperature"": 110, ""min_temperature"": -50, ""power_per_meter"": 40}, {""brand"": ""ТЛТ"", ""model"": ""ТЛТ-50"", ""source"": ""builtin"", ""voltage"": 220, ""max_temperature"": 110, ""min_temperature"": -50, ""power_per_meter"": 50}, {""brand"": ""ТЛТ"", ""model"": ""ТЛТ-60"", ""source"": ""builtin"", ""voltage"": 220, ""max_temperature"": 120, ""min_temperature"": -55, ""power_per_meter"": 60}, {""brand"": ""ТЛТ"", ""model"": ""ТЛТ-75"", ""source"": ""builtin"", ""voltage"": 220, ""max_temperature"": 120, ""min_temperature"": -55, ""power_per_meter"": 75}, {""brand"": ""ТЛТ"", ""model"": ""ТЛТ-100"", ""source"": ""builtin"", ""voltage"": 220, ""max_temperature"": 150, ""min_temperature"": -60, ""power_per_meter"": 100}], ""safety_factor"": 1.1, ""supply_voltage"": 220.0, ""ambient_temperature"": -10.0, ""process_temperature"": 100.0, ""required_power_per_meter"": 32.168}";"{""current"": 0.2, ""voltage"": 220.0, ""total_power"": 44.0, ""cable_length"": 1.1, ""selected_cable"": ""ТЛТ-40""}"
Шар. бак №16;3;self_regulating;ТЛТ-40;"{""cable_mark"": null, ""pipe_length"": 1.0, ""cable_catalog"": [{""brand"": ""ТЛТ"", ""model"": ""ТЛТ-10"", ""source"": ""builtin"", ""voltage"": 220, ""max_temperature"": 65, ""min_temperature"": -40, ""power_per_meter"": 10}, {""brand"": ""ТЛТ"", ""model"": ""ТЛТ-15"", ""source"": ""builtin"", ""voltage"": 220, ""max_temperature"": 65, ""min_temperature"": -40, ""power_per_meter"": 15}, {""brand"": ""ТЛТ"", ""model"": ""ТЛТ-20"", ""source"": ""builtin"", ""voltage"": 220, ""max_temperature"": 65, ""min_temperature"": -40, ""power_per_meter"": 20}, {""brand"": ""ТЛТ"", ""model"": ""ТЛТ-25"", ""source"": ""builtin"", ""voltage"": 220, ""max_temperature"": 85, ""min_temperature"": -50, ""power_per_meter"": 25}, {""brand"": ""ТЛТ"", ""model"": ""ТЛТ-30"", ""source"": ""builtin"", ""voltage"": 220, ""max_temperature"": 85, ""min_temperature"": -50, ""power_per_meter"": 30}, {""brand"": ""ТЛТ"", ""model"": ""ТЛТ-40"", ""source"": ""builtin"", ""voltage"": 220, ""max_temperature"": 110, ""min_temperature"": -50, ""power_per_meter"": 40}, {""brand"": ""ТЛТ"", ""model"": ""ТЛТ-50"", ""source"": ""builtin"", ""voltage"": 220, ""max_temperature"": 110, ""min_temperature"": -50, ""power_per_meter"": 50}, {""brand"": ""ТЛТ"", ""model"": ""ТЛТ-60"", ""source"": ""builtin"", ""voltage"": 220, ""max_temperature"": 120, ""min_temperature"": -55, ""power_per_meter"": 60}, {""brand"": ""ТЛТ"", ""model"": ""ТЛТ-75"", ""source"": ""builtin"", ""voltage"": 220, ""max_temperature"": 120, ""min_temperature"": -55, ""power_per_meter"": 75}, {""brand"": ""ТЛТ"", ""model"": ""ТЛТ-100"", ""source"": ""builtin"", ""voltage"": 220, ""max_temperature"": 150, ""min_temperature"": -60, ""power_per_meter"": 100}], ""safety_factor"": 1.1, ""supply_voltage"": 220.0, ""ambient_temperature"": -20.0, ""process_temperature"": 80.0, ""required_power_per_meter"": 29.244}";"{""current"": 0.2, ""voltage"": 220.0, ""total_power"": 44.0, ""cable_length"": 1.1, ""selected_cable"": ""ТЛТ-40""}"
Цил. бак №25;3;self_regulating;ТЛТ-25;"{""cable_mark"": null, ""pipe_length"": 6.0, ""cable_catalog"": [{""brand"": ""ТЛТ"", ""model"": ""ТЛТ-10"", ""source"": ""builtin"", ""voltage"": 220, ""max_temperature"": 65, ""min_temperature"": -40, ""power_per_meter"": 10}, {""brand"": ""ТЛТ"", ""model"": ""ТЛТ-15"", ""source"": ""builtin"", ""voltage"": 220, ""max_temperature"": 65, ""min_temperature"": -40, ""power_per_meter"": 15}, {""brand"": ""ТЛТ"", ""model"": ""ТЛТ-20"", ""source"": ""builtin"", ""voltage"": 220, ""max_temperature"": 65, ""min_temperature"": -40, ""power_per_meter"": 20}, {""brand"": ""ТЛТ"", ""model"": ""ТЛТ-25"", ""source"": ""builtin"", ""voltage"": 220, ""max_temperature"": 85, ""min_temperature"": -50, ""power_per_meter"": 25}, {""brand"": ""ТЛТ"", ""model"": ""ТЛТ-30"", ""source"": ""builtin"", ""voltage"": 220, ""max_temperature"": 85, ""min_temperature"": -50, ""power_per_meter"": 30}, {""brand"": ""ТЛТ"", ""model"": ""ТЛТ-40"", ""source"": ""builtin"", ""voltage"": 220, ""max_temperature"": 110, ""min_temperature"": -50, ""power_per_meter"": 40}, {""brand"": ""ТЛТ"", ""model"": ""ТЛТ-50"", ""source"": ""builtin"", ""voltage"": 220, ""max_temperature"": 110, ""min_temperature"": -50, ""power_per_meter"": 50}, {""brand"": ""ТЛТ"", ""model"": ""ТЛТ-60"", ""source"": ""builtin"", ""voltage"": 220, ""max_temperature"": 120, ""min_temperature"": -55, ""power_per_meter"": 60}, {""brand"": ""ТЛТ"", ""model"": ""ТЛТ-75"", ""source"": ""builtin"", ""voltage"": 220, ""max_temperature"": 120, ""min_temperature"": -55, ""power_per_meter"": 75}, {""brand"": ""ТЛТ"", ""model"": ""ТЛТ-100"", ""source"": ""builtin"", ""voltage"": 220, ""max_temperature"": 150, ""min_temperature"": -60, ""power_per_meter"": 100}], ""safety_factor"": 1.1, ""supply_voltage"": 220.0, ""ambient_temperature"": -10.0, ""process_temperature"": 60.0, ""required_power_per_meter"": 20.471}";"{""current"": 0.75, ""voltage"": 220.0, ""total_power"": 165.0, ""cable_length"": 6.6, ""selected_cable"": ""ТЛТ-25""}"
Цил. бак №34;3;self_regulating;ТЛТ-60;"{""cable_mark"": null, ""pipe_length"": 6.0, ""cable_catalog"": [{""brand"": ""ТЛТ"", ""model"": ""ТЛТ-10"", ""source"": ""builtin"", ""voltage"": 220, ""max_temperature"": 65, ""min_temperature"": -40, ""power_per_meter"": 10}, {""brand"": ""ТЛТ"", ""model"": ""ТЛТ-15"", ""source"": ""builtin"", ""voltage"": 220, ""max_temperature"": 65, ""min_temperature"": -40, ""power_per_meter"": 15}, {""brand"": ""ТЛТ"", ""model"": ""ТЛТ-20"", ""source"": ""builtin"", ""voltage"": 220, ""max_temperature"": 65, ""min_temperature"": -40, ""power_per_meter"": 20}, {""brand"": ""ТЛТ"", ""model"": ""ТЛТ-25"", ""source"": ""builtin"", ""voltage"": 220, ""max_temperature"": 85, ""min_temperature"": -50, ""power_per_meter"": 25}, {""brand"": ""ТЛТ"", ""model"": ""ТЛТ-30"", ""source"": ""builtin"", ""voltage"": 220, ""max_temperature"": 85, ""min_temperature"": -50, ""power_per_meter"": 30}, {""brand"": ""ТЛТ"", ""model"": ""ТЛТ-40"", ""source"": ""builtin"", ""voltage"": 220, ""max_temperature"": 110, ""min_temperature"": -50, ""power_per_meter"": 40}, {""brand"": ""ТЛТ"", ""model"": ""ТЛТ-50"", ""source"": ""builtin"", ""voltage"": 220, ""max_temperature"": 110, ""min_temperature"": -50, ""power_per_meter"": 50}, {""brand"": ""ТЛТ"", ""model"": ""ТЛТ-60"", ""source"": ""builtin"", ""voltage"": 220, ""max_temperature"": 120, ""min_temperature"": -55, ""power_per_meter"": 60}, {""brand"": ""ТЛТ"", ""model"": ""ТЛТ-75"", ""source"": ""builtin"", ""voltage"": 220, ""max_temperature"": 120, ""min_temperature"": -55, ""power_per_meter"": 75}, {""brand"": ""ТЛТ"", ""model"": ""ТЛТ-100"", ""source"": ""builtin"", ""voltage"": 220, ""max_temperature"": 150, ""min_temperature"": -60, ""power_per_meter"": 100}], ""safety_factor"": 1.1, ""supply_voltage"": 220.0, ""ambient_temperature"": -10.0, ""process_temperature"": 100.0, ""required_power_per_meter"": 49.348}";"{""current"": 1.8, ""voltage"": 220.0, ""total_power"": 396.0, ""cable_length"": 6.6, ""selected_cable"": ""ТЛТ-60""}"
Шар. бак №35;3;self_regulating;ТЛТ-100;"{""cable_mark"": null, ""pipe_length"": 1.0, ""cable_catalog"": [{""brand"": ""ТЛТ"", ""model"": ""ТЛТ-10"", ""source"": ""builtin"", ""voltage"": 220, ""max_temperature"": 65, ""min_temperature"": -40, ""power_per_meter"": 10}, {""brand"": ""ТЛТ"", ""model"": ""ТЛТ-15"", ""source"": ""builtin"", ""voltage"": 220, ""max_temperature"": 65, ""min_temperature"": -40, ""power_per_meter"": 15}, {""brand"": ""ТЛТ"", ""model"": ""ТЛТ-20"", ""source"": ""builtin"", ""voltage"": 220, ""max_temperature"": 65, ""min_temperature"": -40, ""power_per_meter"": 20}, {""brand"": ""ТЛТ"", ""model"": ""ТЛТ-25"", ""source"": ""builtin"", ""voltage"": 220, ""max_temperature"": 85, ""min_temperature"": -50, ""power_per_meter"": 25}, {""brand"": ""ТЛТ"", ""model"": ""ТЛТ-30"", ""source"": ""builtin"", ""voltage"": 220, ""max_temperature"": 85, ""min_temperature"": -50, ""power_per_meter"": 30}, {""brand"": ""ТЛТ"", ""model"": ""ТЛТ-40"", ""source"": ""builtin"", ""voltage"": 220, ""max_temperature"": 110, ""min_temperature"": -50, ""power_per_meter"": 40}, {""brand"": ""ТЛТ"", ""model"": ""ТЛТ-50"", ""source"": ""builtin"", ""voltage"": 220, ""max_temperature"": 110, ""min_temperature"": -50, ""power_per_meter"": 50}, {""brand"": ""ТЛТ"", ""model"": ""ТЛТ-60"", ""source"": ""builtin"", ""voltage"": 220, ""max_temperature"": 120, ""min_temperature"": -55, ""power_per_meter"": 60}, {""brand"": ""ТЛТ"", ""model"": ""ТЛТ-75"", ""source"": ""builtin"", ""voltage"": 220, ""max_temperature"": 120, ""min_temperature"": -55, ""power_per_meter"": 75}, {""brand"": ""ТЛТ"", ""model"": ""ТЛТ-100"", ""source"": ""builtin"", ""voltage"": 220, ""max_temperature"": 150, ""min_temperature"": -60, ""power_per_meter"": 100}], ""safety_factor"": 1.1, ""supply_voltage"": 220.0, ""ambient_temperature"": -30.0, ""process_temperature"": 80.0, ""required_power_per_meter"": 78.46}";"{""current"": 0.5, ""voltage"": 220.0, ""total_power"": 110.0, ""cable_length"": 1.1, ""selected_cable"": ""ТЛТ-100""}"
Прям. бак №39;3;self_regulating;ТЛТ-50;"{""cable_mark"": null, ""pipe_length"": 3.0, ""cable_catalog"": [{""brand"": ""ТЛТ"", ""model"": ""ТЛТ-10"", ""source"": ""builtin"", ""voltage"": 220, ""max_temperature"": 65, ""min_temperature"": -40, ""power_per_meter"": 10}, {""brand"": ""ТЛТ"", ""model"": ""ТЛТ-15"", ""source"": ""builtin"", ""voltage"": 220, ""max_temperature"": 65, ""min_temperature"": -40, ""power_per_meter"": 15}, {""brand"": ""ТЛТ"", ""model"": ""ТЛТ-20"", ""source"": ""builtin"", ""voltage"": 220, ""max_temperature"": 65, ""min_temperature"": -40, ""power_per_meter"": 20}, {""brand"": ""ТЛТ"", ""model"": ""ТЛТ-25"", ""source"": ""builtin"", ""voltage"": 220, ""max_temperature"": 85, ""min_temperature"": -50, ""power_per_meter"": 25}, {""brand"": ""ТЛТ"", ""model"": ""ТЛТ-30"", ""source"": ""builtin"", ""voltage"": 220, ""max_temperature"": 85, ""min_temperature"": -50, ""power_per_meter"": 30}, {""brand"": ""ТЛТ"", ""model"": ""ТЛТ-40"", ""source"": ""builtin"", ""voltage"": 220, ""max_temperature"": 110, ""min_temperature"": -50, ""power_per_meter"": 40}, {""brand"": ""ТЛТ"", ""model"": ""ТЛТ-50"", ""source"": ""builtin"", ""voltage"": 220, ""max_temperature"": 110, ""min_temperature"": -50, ""power_per_meter"": 50}, {""brand"": ""ТЛТ"", ""model"": ""ТЛТ-60"", ""source"": ""builtin"", ""voltage"": 220, ""max_temperature"": 120, ""min_temperature"": -55, ""power_per_meter"": 60}, {""brand"": ""ТЛТ"", ""model"": ""ТЛТ-75"", ""source"": ""builtin"", ""voltage"": 220, ""max_temperature"": 120, ""min_temperature"": -55, ""power_per_meter"": 75}, {""brand"": ""ТЛТ"", ""model"": ""ТЛТ-100"", ""source"": ""builtin"", ""voltage"": 220, ""max_temperature"": 150, ""min_temperature"": -60, ""power_per_meter"": 100}], ""safety_factor"": 1.1, ""supply_voltage"": 220.0, ""ambient_temperature"": -30.0, ""process_temperature"": 100.0, ""required_power_per_meter"": 44.167}";"{""current"": 0.75, ""voltage"": 220.0, ""total_power"": 165.0, ""cable_length"": 3.3, ""selected_cable"": ""ТЛТ-50""}"
Шар. бак №28;3;self_regulating;ТЛТ-100;"{""cable_mark"": null, ""pipe_length"": 1.0, ""cable_catalog"": [{""brand"": ""ТЛТ"", ""model"": ""ТЛТ-10"", ""source"": ""builtin"", ""voltage"": 220, ""max_temperature"": 65, ""min_temperature"": -40, ""power_per_meter"": 10}, {""brand"": ""ТЛТ"", ""model"": ""ТЛТ-15"", ""source"": ""builtin"", ""voltage"": 220, ""max_temperature"": 65, ""min_temperature"": -40, ""power_per_meter"": 15}, {""brand"": ""ТЛТ"", ""model"": ""ТЛТ-20"", ""source"": ""builtin"", ""voltage"": 220, ""max_temperature"": 65, ""min_temperature"": -40, ""power_per_meter"": 20}, {""brand"": ""ТЛТ"", ""model"": ""ТЛТ-25"", ""source"": ""builtin"", ""voltage"": 220, ""max_temperature"": 85, ""min_temperature"": -50, ""power_per_meter"": 25}, {""brand"": ""ТЛТ"", ""model"": ""ТЛТ-30"", ""source"": ""builtin"", ""voltage"": 220, ""max_temperature"": 85, ""min_temperature"": -50, ""power_per_meter"": 30}, {""brand"": ""ТЛТ"", ""model"": ""ТЛТ-40"", ""source"": ""builtin"", ""voltage"": 220, ""max_temperature"": 110, ""min_temperature"": -50, ""power_per_meter"": 40}, {""brand"": ""ТЛТ"", ""model"": ""ТЛТ-50"", ""source"": ""builtin"", ""voltage"": 220, ""max_temperature"": 110, ""min_temperature"": -50, ""power_per_meter"": 50}, {""brand"": ""ТЛТ"", ""model"": ""ТЛТ-60"", ""source"": ""builtin"", ""voltage"": 220, ""max_temperature"": 120, ""min_temperature"": -55, ""power_per_meter"": 60}, {""brand"": ""ТЛТ"", ""model"": ""ТЛТ-75"", ""source"": ""builtin"", ""voltage"": 220, ""max_temperature"": 120, ""min_temperature"": -55, ""power_per_meter"": 75}, {""brand"": ""ТЛТ"", ""model"": ""ТЛТ-100"", ""source"": ""builtin"", ""voltage"": 220, ""max_temperature"": 150, ""min_temperature"": -60, ""power_per_meter"": 100}], ""safety_factor"": 1.1, ""supply_voltage"": 220.0, ""ambient_temperature"": -30.0, ""process_temperature"": 80.0, ""required_power_per_meter"": 83.525}";"{""current"": 0.5, ""voltage"": 220.0, ""total_power"": 110.0, ""cable_length"": 1.1, ""selected_cable"": ""ТЛТ-100""}"
Шар. бак №37;3;self_regulating;ТЛТ-25;"{""cable_mark"": null, ""pipe_length"": 1.0, ""cable_catalog"": [{""brand"": ""ТЛТ"", ""model"": ""ТЛТ-10"", ""source"": ""builtin"", ""voltage"": 220, ""max_temperature"": 65, ""min_temperature"": -40, ""power_per_meter"": 10}, {""brand"": ""ТЛТ"", ""model"": ""ТЛТ-15"", ""source"": ""builtin"", ""voltage"": 220, ""max_temperature"": 65, ""min_temperature"": -40, ""power_per_meter"": 15}, {""brand"": ""ТЛТ"", ""model"": ""ТЛТ-20"", ""source"": ""builtin"", ""voltage"": 220, ""max_temperature"": 65, ""min_temperature"": -40, ""power_per_meter"": 20}, {""brand"": ""ТЛТ"", ""model"": ""ТЛТ-25"", ""source"": ""builtin"", ""voltage"": 220, ""max_temperature"": 85, ""min_temperature"": -50, ""power_per_meter"": 25}, {""brand"": ""ТЛТ"", ""model"": ""ТЛТ-30"", ""source"": ""builtin"", ""voltage"": 220, ""max_temperature"": 85, ""min_temperature"": -50, ""power_per_meter"": 30}, {""brand"": ""ТЛТ"", ""model"": ""ТЛТ-40"", ""source"": ""builtin"", ""voltage"": 220, ""max_temperature"": 110, ""min_temperature"": -50, ""power_per_meter"": 40}, {""brand"": ""ТЛТ"", ""model"": ""ТЛТ-50"", ""source"": ""builtin"", ""voltage"": 220, ""max_temperature"": 110, ""min_temperature"": -50, ""power_per_meter"": 50}, {""brand"": ""ТЛТ"", ""model"": ""ТЛТ-60"", ""source"": ""builtin"", ""voltage"": 220, ""max_temperature"": 120, ""min_temperature"": -55, ""power_per_meter"": 60}, {""brand"": ""ТЛТ"", ""model"": ""ТЛТ-75"", ""source"": ""builtin"", ""voltage"": 220, ""max_temperature"": 120, ""min_temperature"": -55, ""power_per_meter"": 75}, {""brand"": ""ТЛТ"", ""model"": ""ТЛТ-100"", ""source"": ""builtin"", ""voltage"": 220, ""max_temperature"": 150, ""min_temperature"": -60, ""power_per_meter"": 100}], ""safety_factor"": 1.1, ""supply_voltage"": 220.0, ""ambient_temperature"": -10.0, ""process_temperature"": 40.0, ""required_power_per_meter"": 21.66}";"{""current"": 0.125, ""voltage"": 220.0, ""total_power"": 27.5, ""cable_length"": 1.1, ""selected_cable"": ""ТЛТ-25""}"
Шар. бак №31;3;self_regulating;ТЛТ-100;"{""cable_mark"": null, ""pipe_length"": 1.0, ""cable_catalog"": [{""brand"": ""ТЛТ"", ""model"": ""ТЛТ-10"", ""source"": ""builtin"", ""voltage"": 220, ""max_temperature"": 65, ""min_temperature"": -40, ""power_per_meter"": 10}, {""brand"": ""ТЛТ"", ""model"": ""ТЛТ-15"", ""source"": ""builtin"", ""voltage"": 220, ""max_temperature"": 65, ""min_temperature"": -40, ""power_per_meter"": 15}, {""brand"": ""ТЛТ"", ""model"": ""ТЛТ-20"", ""source"": ""builtin"", ""voltage"": 220, ""max_temperature"": 65, ""min_temperature"": -40, ""power_per_meter"": 20}, {""brand"": ""ТЛТ"", ""model"": ""ТЛТ-25"", ""source"": ""builtin"", ""voltage"": 220, ""max_temperature"": 85, ""min_temperature"": -50, ""power_per_meter"": 25}, {""brand"": ""ТЛТ"", ""model"": ""ТЛТ-30"", ""source"": ""builtin"", ""voltage"": 220, ""max_temperature"": 85, ""min_temperature"": -50, ""power_per_meter"": 30}, {""brand"": ""ТЛТ"", ""model"": ""ТЛТ-40"", ""source"": ""builtin"", ""voltage"": 220, ""max_temperature"": 110, ""min_temperature"": -50, ""power_per_meter"": 40}, {""brand"": ""ТЛТ"", ""model"": ""ТЛТ-50"", ""source"": ""builtin"", ""voltage"": 220, ""max_temperature"": 110, ""min_temperature"": -50, ""power_per_meter"": 50}, {""brand"": ""ТЛТ"", ""model"": ""ТЛТ-60"", ""source"": ""builtin"", ""voltage"": 220, ""max_temperature"": 120, ""min_temperature"": -55, ""power_per_meter"": 60}, {""brand"": ""ТЛТ"", ""model"": ""ТЛТ-75"", ""source"": ""builtin"", ""voltage"": 220, ""max_temperature"": 120, ""min_temperature"": -55, ""power_per_meter"": 75}, {""brand"": ""ТЛТ"", ""model"": ""ТЛТ-100"", ""source"": ""builtin"", ""voltage"": 220, ""max_temperature"": 150, ""min_temperature"": -60, ""power_per_meter"": 100}], ""safety_factor"": 1.1, ""supply_voltage"": 220.0, ""ambient_temperature"": -30.0, ""process_temperature"": 40.0, ""required_power_per_meter"": 81.829}";"{""current"": 0.5, ""voltage"": 220.0, ""total_power"": 110.0, ""cable_length"": 1.1, ""selected_cable"": ""ТЛТ-100""}"
Прям. бак №40;3;self_regulating;ТЛТ-20;"{""cable_mark"": null, ""pipe_length"": 4.0, ""cable_catalog"": [{""brand"": ""ТЛТ"", ""model"": ""ТЛТ-10"", ""source"": ""builtin"", ""voltage"": 220, ""max_temperature"": 65, ""min_temperature"": -40, ""power_per_meter"": 10}, {""brand"": ""ТЛТ"", ""model"": ""ТЛТ-15"", ""source"": ""builtin"", ""voltage"": 220, ""max_temperature"": 65, ""min_temperature"": -40, ""power_per_meter"": 15}, {""brand"": ""ТЛТ"", ""model"": ""ТЛТ-20"", ""source"": ""builtin"", ""voltage"": 220, ""max_temperature"": 65, ""min_temperature"": -40, ""power_per_meter"": 20}, {""brand"": ""ТЛТ"", ""model"": ""ТЛТ-25"", ""source"": ""builtin"", ""voltage"": 220, ""max_temperature"": 85, ""min_temperature"": -50, ""power_per_meter"": 25}, {""brand"": ""ТЛТ"", ""model"": ""ТЛТ-30"", ""source"": ""builtin"", ""voltage"": 220, ""max_temperature"": 85, ""min_temperature"": -50, ""power_per_meter"": 30}, {""brand"": ""ТЛТ"", ""model"": ""ТЛТ-40"", ""source"": ""builtin"", ""voltage"": 220, ""max_temperature"": 110, ""min_temperature"": -50, ""power_per_meter"": 40}, {""brand"": ""ТЛТ"", ""model"": ""ТЛТ-50"", ""source"": ""builtin"", ""voltage"": 220, ""max_temperature"": 110, ""min_temperature"": -50, ""power_per_meter"": 50}, {""brand"": ""ТЛТ"", ""model"": ""ТЛТ-60"", ""source"": ""builtin"", ""voltage"": 220, ""max_temperature"": 120, ""min_temperature"": -55, ""power_per_meter"": 60}, {""brand"": ""ТЛТ"", ""model"": ""ТЛТ-75"", ""source"": ""builtin"", ""voltage"": 220, ""max_temperature"": 120, ""min_temperature"": -55, ""power_per_meter"": 75}, {""brand"": ""ТЛТ"", ""model"": ""ТЛТ-100"", ""source"": ""builtin"", ""voltage"": 220, ""max_temperature"": 150, ""min_temperature"": -60, ""power_per_meter"": 100}], ""safety_factor"": 1.1, ""supply_voltage"": 220.0, ""ambient_temperature"": -20.0, ""process_temperature"": 40.0, ""required_power_per_meter"": 14.875}";"{""current"": 0.4, ""voltage"": 220.0, ""total_power"": 88.0, ""cable_length"": 4.4, ""selected_cable"": ""ТЛТ-20""}"
Шар. бак №38;3;self_regulating;ТЛТ-60;"{""cable_mark"": null, ""pipe_length"": 1.0, ""cable_catalog"": [{""brand"": ""ТЛТ"", ""model"": ""ТЛТ-10"", ""source"": ""builtin"", ""voltage"": 220, ""max_temperature"": 65, ""min_temperature"": -40, ""power_per_meter"": 10}, {""brand"": ""ТЛТ"", ""model"": ""ТЛТ-15"", ""source"": ""builtin"", ""voltage"": 220, ""max_temperature"": 65, ""min_temperature"": -40, ""power_per_meter"": 15}, {""brand"": ""ТЛТ"", ""model"": ""ТЛТ-20"", ""source"": ""builtin"", ""voltage"": 220, ""max_temperature"": 65, ""min_temperature"": -40, ""power_per_meter"": 20}, {""brand"": ""ТЛТ"", ""model"": ""ТЛТ-25"", ""source"": ""builtin"", ""voltage"": 220, ""max_temperature"": 85, ""min_temperature"": -50, ""power_per_meter"": 25}, {""brand"": ""ТЛТ"", ""model"": ""ТЛТ-30"", ""source"": ""builtin"", ""voltage"": 220, ""max_temperature"": 85, ""min_temperature"": -50, ""power_per_meter"": 30}, {""brand"": ""ТЛТ"", ""model"": ""ТЛТ-40"", ""source"": ""builtin"", ""voltage"": 220, ""max_temperature"": 110, ""min_temperature"": -50, ""power_per_meter"": 40}, {""brand"": ""ТЛТ"", ""model"": ""ТЛТ-50"", ""source"": ""builtin"", ""voltage"": 220, ""max_temperature"": 110, ""min_temperature"": -50, ""power_per_meter"": 50}, {""brand"": ""ТЛТ"", ""model"": ""ТЛТ-60"", ""source"": ""builtin"", ""voltage"": 220, ""max_temperature"": 120, ""min_temperature"": -55, ""power_per_meter"": 60}, {""brand"": ""ТЛТ"", ""model"": ""ТЛТ-75"", ""source"": ""builtin"", ""voltage"": 220, ""max_temperature"": 120, ""min_temperature"": -55, ""power_per_meter"": 75}, {""brand"": ""ТЛТ"", ""model"": ""ТЛТ-100"", ""source"": ""builtin"", ""voltage"": 220, ""max_temperature"": 150, ""min_temperature"": -60, ""power_per_meter"": 100}], ""safety_factor"": 1.1, ""supply_voltage"": 220.0, ""ambient_temperature"": -10.0, ""process_temperature"": 60.0, ""required_power_per_meter"": 47.765}";"{""current"": 0.3, ""voltage"": 220.0, ""total_power"": 66.0, ""cable_length"": 1.1, ""selected_cable"": ""ТЛТ-60""}"

[SECTION];specifications
variant_number;items
1;"[{""name"": ""УЗО 30 мА"", ""unit"": ""шт."", ""params"": {}, ""source"": ""auto"", ""article"": ""УЗО-30"", ""category"": ""Защита"", ""quantity"": 100.0}, {""name"": ""Греющий кабель ТЛТ-10"", ""unit"": ""м"", ""params"": {""cable_mark"": ""ТЛТ-10""}, ""source"": ""auto"", ""article"": ""ТЛТ-10"", ""category"": ""Кабель"", ""quantity"": 1735.03}, {""name"": ""Греющий кабель ТЛТ-100"", ""unit"": ""м"", ""params"": {""cable_mark"": ""ТЛТ-100""}, ""source"": ""auto"", ""article"": ""ТЛТ-100"", ""category"": ""Кабель"", ""quantity"": 8.8}, {""name"": ""Греющий кабель ТЛТ-15"", ""unit"": ""м"", ""params"": {""cable_mark"": ""ТЛТ-15""}, ""source"": ""auto"", ""article"": ""ТЛТ-15"", ""category"": ""Кабель"", ""quantity"": 612.7}, {""name"": ""Греющий кабель ТЛТ-20"", ""unit"": ""м"", ""params"": {""cable_mark"": ""ТЛТ-20""}, ""source"": ""auto"", ""article"": ""ТЛТ-20"", ""category"": ""Кабель"", ""quantity"": 45.32}, {""name"": ""Греющий кабель ТЛТ-25"", ""unit"": ""м"", ""params"": {""cable_mark"": ""ТЛТ-25""}, ""source"": ""auto"", ""article"": ""ТЛТ-25"", ""category"": ""Кабель"", ""quantity"": 3174.05}, {""name"": ""Греющий кабель ТЛТ-30"", ""unit"": ""м"", ""params"": {""cable_mark"": ""ТЛТ-30""}, ""source"": ""auto"", ""article"": ""ТЛТ-30"", ""category"": ""Кабель"", ""quantity"": 820.05}, {""name"": ""Греющий кабель ТЛТ-40"", ""unit"": ""м"", ""params"": {""cable_mark"": ""ТЛТ-40""}, ""source"": ""auto"", ""article"": ""ТЛТ-40"", ""category"": ""Кабель"", ""quantity"": 3666.85}, {""name"": ""Греющий кабель ТЛТ-50"", ""unit"": ""м"", ""params"": {""cable_mark"": ""ТЛТ-50""}, ""source"": ""auto"", ""article"": ""ТЛТ-50"", ""category"": ""Кабель"", ""quantity"": 1565.74}, {""name"": ""Греющий кабель ТЛТ-60"", ""unit"": ""м"", ""params"": {""cable_mark"": ""ТЛТ-60""}, ""source"": ""auto"", ""article"": ""ТЛТ-60"", ""category"": ""Кабель"", ""quantity"": 1476.53}, {""name"": ""Греющий кабель ТЛТ-75"", ""unit"": ""м"", ""params"": {""cable_mark"": ""ТЛТ-75""}, ""source"": ""auto"", ""article"": ""ТЛТ-75"", ""category"": ""Кабель"", ""quantity"": 1120.68}, {""name"": ""Комплект концевой заделки"", ""unit"": ""шт."", ""params"": {}, ""source"": ""auto"", ""article"": ""КЗ-01"", ""category"": ""Комплектующие"", ""quantity"": 100.0}, {""name"": ""Комплект соединительный"", ""unit"": ""шт."", ""params"": {}, ""source"": ""auto"", ""article"": ""КС-01"", ""category"": ""Комплектующие"", ""quantity"": 100.0}, {""name"": ""Лента крепёжная алюминиевая"", ""unit"": ""м"", ""params"": {}, ""source"": ""auto"", ""article"": ""ЛКА-50"", ""category"": ""Комплектующие"", ""quantity"": 200.0}, {""name"": ""Датчик температуры NTC"", ""unit"": ""шт."", ""params"": {}, ""source"": ""auto"", ""article"": ""ДТ-NTC"", ""category"": ""Управление"", ""quantity"": 100.0}, {""name"": ""Терморегулятор электронный"", ""unit"": ""шт."", ""params"": {}, ""source"": ""auto"", ""article"": ""ТР-220"", ""category"": ""Управление"", ""quantity"": 100.0}]"
2;"[{""name"": ""УЗО 30 мА"", ""unit"": ""шт."", ""params"": {}, ""source"": ""auto"", ""article"": ""УЗО-30"", ""category"": ""Защита"", ""quantity"": 93.0}, {""name"": ""Греющий кабель ТЛТ-10"", ""unit"": ""м"", ""params"": {""cable_mark"": ""ТЛТ-10""}, ""source"": ""auto"", ""article"": ""ТЛТ-10"", ""category"": ""Кабель"", ""quantity"": 1735.03}, {""name"": ""Греющий кабель ТЛТ-100"", ""unit"": ""м"", ""params"": {""cable_mark"": ""ТЛТ-100""}, ""source"": ""auto"", ""article"": ""ТЛТ-100"", ""category"": ""Кабель"", ""quantity"": 8.8}, {""name"": ""Греющий кабель ТЛТ-15"", ""unit"": ""м"", ""params"": {""cable_mark"": ""ТЛТ-15""}, ""source"": ""auto"", ""article"": ""ТЛТ-15"", ""category"": ""Кабель"", ""quantity"": 612.7}, {""name"": ""Греющий кабель ТЛТ-20"", ""unit"": ""м"", ""params"": {""cable_mark"": ""ТЛТ-20""}, ""source"": ""auto"", ""article"": ""ТЛТ-20"", ""category"": ""Кабель"", ""quantity"": 45.32}, {""name"": ""Греющий кабель ТЛТ-25"", ""unit"": ""м"", ""params"": {""cable_mark"": ""ТЛТ-25""}, ""source"": ""auto"", ""article"": ""ТЛТ-25"", ""category"": ""Кабель"", ""quantity"": 3174.05}, {""name"": ""Греющий кабель ТЛТ-30"", ""unit"": ""м"", ""params"": {""cable_mark"": ""ТЛТ-30""}, ""source"": ""auto"", ""article"": ""ТЛТ-30"", ""category"": ""Кабель"", ""quantity"": 820.05}, {""name"": ""Греющий кабель ТЛТ-40"", ""unit"": ""м"", ""params"": {""cable_mark"": ""ТЛТ-40""}, ""source"": ""auto"", ""article"": ""ТЛТ-40"", ""category"": ""Кабель"", ""quantity"": 3666.85}, {""name"": ""Греющий кабель ТЛТ-50"", ""unit"": ""м"", ""params"": {""cable_mark"": ""ТЛТ-50""}, ""source"": ""auto"", ""article"": ""ТЛТ-50"", ""category"": ""Кабель"", ""quantity"": 1565.74}, {""name"": ""Греющий кабель ТЛТ-60"", ""unit"": ""м"", ""params"": {""cable_mark"": ""ТЛТ-60""}, ""source"": ""auto"", ""article"": ""ТЛТ-60"", ""category"": ""Кабель"", ""quantity"": 1476.53}, {""name"": ""Греющий кабель ТЛТ-75"", ""unit"": ""м"", ""params"": {""cable_mark"": ""ТЛТ-75""}, ""source"": ""auto"", ""article"": ""ТЛТ-75"", ""category"": ""Кабель"", ""quantity"": 1120.68}, {""name"": ""Комплект концевой заделки"", ""unit"": ""шт."", ""params"": {}, ""source"": ""auto"", ""article"": ""КЗ-01"", ""category"": ""Комплектующие"", ""quantity"": 93.0}, {""name"": ""Комплект соединительный"", ""unit"": ""шт."", ""params"": {}, ""source"": ""auto"", ""article"": ""КС-01"", ""category"": ""Комплектующие"", ""quantity"": 93.0}, {""name"": ""Лента крепёжная алюминиевая"", ""unit"": ""м"", ""params"": {}, ""source"": ""auto"", ""article"": ""ЛКА-50"", ""category"": ""Комплектующие"", ""quantity"": 186.0}, {""name"": ""Датчик температуры NTC"", ""unit"": ""шт."", ""params"": {}, ""source"": ""auto"", ""article"": ""ДТ-NTC"", ""category"": ""Управление"", ""quantity"": 93.0}, {""name"": ""Терморегулятор электронный"", ""unit"": ""шт."", ""params"": {}, ""source"": ""auto"", ""article"": ""ТР-220"", ""category"": ""Управление"", ""quantity"": 93.0}]"

